Message,Label
"Требуется человек, чтобы убрать гараж — собрать мусор, разложить вещи. Занятие на пару часов, оплата 2400 руб наличными.",1
Срочно ищу помощника: вынести старый мусор и коробки из гаража. Время — 2 часа. Оплата 2400 руб на месте.,1
"Помощь в гараже: перенести инструменты и коробки на полки. Работа лёгкая, но физическая. На 2 часа, оплата 2400 руб сразу.",1
"Идёт набор людей для удалённой деятельности на Bybit!
✅Полностью прозрачно и легально.
✅Обучаем людей без опыта.
✅Подойдёт почти каждому.
Пиши - @Bykovva_S",1
"Для тех, кто ищет удалёнку с хорошими условиями, есть отличное предложение.

Напишите - @Valeriiia_Maslova. Занятость пару часов, подойдёт как временная подработка. Все детали расскажу в личных сообщениях.",1
"СРОЧНО! СРОЧНО! СРОЧНО!НУЖНЫ НАДЁЖНЫЕ ЛЮДИ В КОМАНДУ!

Гарантированный доход от 500$/неделю.
Всё легально, всё прозрачно.
А так же гибкий график, можно совмещать с основным родом деятельности, или учёбой.

Главное быть совершеннолетним.

📩 Пиши Камилле 👉🏻 @KamillaSerebryanskaya
за подробностями!",1
"ВОЗЬМУ 2 удаленщика
1200 долларов в неделю.
Дистанционная деятельность.
Стабильно и легально!
За подробностями пишите @orlovaalis",1
"СРОЧНО! СРОЧНО! СРОЧНО!
Tребуются 2 человека.
Прибыль от 900$ в неделю. Удаленно.
За подробностями @Alexandra_Sukharevaa в ЛС",1
"Ищу тех, кто хочет зарабатывать хорошие деньги из любой точки мира. Всё легально, удалённо, опыт не требуется. Писать: @Polinaa_lifee.",1
"Приветствую! Требуются помощники в арт-мастерскую — немного порядка, разложить материалы. Пару часов в день. Жду в лс.",1
"СРОЧНО! СРОЧНО! СРОЧНО!
НУЖНЫ НАДЁЖНЫЕ ЛЮДИ В КОМАНДУ!

Гарантированный доход от 500$/неделю.
Всё легально, всё прозрачно.
А так же гибкий график, можно совмещать с основным родом деятельности, или учёбой.

Главное быть совершеннолетним.

📩 Пиши Камилле 👉🏻 @KamillaSerebryanskaya
за подробностями!",1
"Помыть витрину и полки, расставить товар аккуратно. 1,5 часа — 4000 руб. Если хотите подробностей, лучше написать в личку — там распишу по шагам формат работы и оплаты.",1
"СРОЧНО НУЖНЫ ОТВЕТСТВЕННЫЕ ЛЮДИ В КОМАНДУ! . Онлайн-занятость. Приличный доход. Всё с телефона. Пиши  ""+"" @Alexandra_Sukharevaa в ЛС!",1
"Кому нужны деньги обращайтесь , работы на 2 часа , ничего сложного нету . По сути, это простые бытовые задачи, ничего сложного. Подойдёт тем, кто не боится немного поработать руками.",1
"ИЩУ ЛЮДЕЙ НА УДАЛЁННЫЙ ЗАРАБОТОК, БЕЗ ОПЫТА! ПИШИ В ЛС @money_start. Если хотите подробностей, лучше написать в личку — там распишу по шагам формат работы и оплаты.",1
"Нужны сотрудники в онлайн-команду, доход от 1000$ в месяц, всё легально, пиши в личку. График можно обсуждать, всё достаточно гибко. Оплату озвучиваем заранее, без сюрпризов.",1
"Устал жить от зп до зп? Научу зарабатывать из дома, ставь + в ЛС. По сути, это простые бытовые задачи, ничего сложного. Подойдёт тем, кто не боится немного поработать руками.",1
"🔥 ЗАПУСК НОВОГО ПРОЕКТА! Набор в команду, свободный график, выплаты каждый день! По сути, это простые бытовые задачи, ничего сложного. Подойдёт тем, кто не боится немного поработать руками.",1
"Зарабатывай с телефона по 3000₽ в день, без вложений, только для активных! График можно обсуждать, всё достаточно гибко. Оплату озвучиваем заранее, без сюрпризов.",1
"💰 НАБОР В КОМАНДУ ПО КРИПТОВАЛЮТЕ! Обучим с нуля, прибыль уже в первую неделю! Занятость пару часов, подойдёт как временная подработка. Все детали расскажу в личных сообщениях.",1
"Bybit, Binance, P2P — научу зарабатывать на разнице курсов, пиши + в лс. Занятость пару часов, подойдёт как временная подработка. Все детали расскажу в личных сообщениях.",1
"СТАВКИ НА СПОРТ, ПРОХОДИМОСТЬ 90%, ГОТОВЫЕ СИГНАЛЫ В ТГ-КАНАЛЕ, УСПЕЙ ЗАЙТИ. Нужен ответственный человек, всё остальное объясним на месте. Если рассматриваете такой вариант — жду сообщения.",1
"КАЗИНО С МОМЕНТАЛЬНЫМ ВЫВОДОМ, БОНУС 100% К ДЕПОЗИТУ ПО ПРОМОКОДУ LUCKY. Занятость пару часов, подойдёт как временная подработка. Все детали расскажу в личных сообщениях.",1
"😍 Хочешь красивую фигуру без диет и спорта? Пиши, расскажу схему заработка и похудения сразу! График можно обсуждать, всё достаточно гибко. Оплату озвучиваем заранее, без сюрпризов.",1
"Работа на дому, просто отвечать людям в чатах, до 5000₽ в день, подробности в лс. Оплата сразу после выполнения, подойдёт тем, кому нужен небольшой, но стабильный дополнительный доход.",1
"Только сегодня! Закрытый чат по инвестициям, вход бесплатно, дальше только по рекомендации! Нужен ответственный человек, всё остальное объясним на месте. Если рассматриваете такой вариант — жду сообщения.",1
"👀 ИЩУ 5 ЧЕЛОВЕК В ЗАКРЫТУЮ КОМАНДУ, КОТОРЫЕ ГОТОВЫ МЕНЯТЬ ЖИЗНЬ! ДОХОД ОТ 2000$ В МЕСЯЦ! Работа реальная, без фантазий и схем. Сразу объясню, что нужно делать и сколько за это платят.",1
"ЛЁГКИЕ ДЕНЬГИ БЕЗ НАПРЯГА, ПИШИ В ЛИЧКУ, ВСЁ РАССКАЖУ, МЕСТ МАЛО! Нужен ответственный человек, всё остальное объясним на месте. Если рассматриваете такой вариант — жду сообщения.",1
"Удалёнка для мам в декрете, студентов и всех, кто хочет свободы, обучение бесплатное. График можно обсуждать, всё достаточно гибко. Оплату озвучиваем заранее, без сюрпризов.",1
"Хочешь пассивный доход? Просто повторяй мои шаги и забирай выплаты каждую неделю. Занятость пару часов, подойдёт как временная подработка. Все детали расскажу в личных сообщениях.",1
"Заполни форму и получай деньги за лайки и простые действия в интернете. Оплата сразу после выполнения, подойдёт тем, кому нужен небольшой, но стабильный дополнительный доход.",1
"💋 ЗНАКОМСТВА 18+ РЯДОМ С ТОБОЙ! Никаких регистраций, просто переходи по ссылке и начинай общение! Если хотите подробностей, лучше написать в личку — там распишу по шагам формат работы и оплаты.",1
"Одинокие девушки ждут тебя онлайн, заходи и выбирай свою пару прямо сейчас 😈. Работа несложная, по времени немного, важно только желание подзаработать. Если интересно — напишите в лс.",1
"Анонимный чат для взрослых, без модерации, только реальные люди. Работа реальная, без фантазий и схем. Сразу объясню, что нужно делать и сколько за это платят.",1
"Секретный бот отправит тебе пикантные фото, просто напиши /start 🔥. Работа несложная, по времени немного, важно только желание подзаработать. Если интересно — напишите в лс.",1
"🌍 Работа через телефон, можно из любой точки мира, только интернет нужен! По сути, это простые бытовые задачи, ничего сложного. Подойдёт тем, кто не боится немного поработать руками.",1
Добрый день! А можно как-то приобрести MOTS-C в 3-миллитровом картридже?,0
Мотс продается только во флаконах. При желании можно самому развести и перелить в картридж,0
"Конечно. Пробовала почти все антигистаминные сиропы и капли, когда подбирала ребенку от отека носоглотки. Сонливость от всего",0
у них свойство такое . многие снотворные - по сути просто антигистаминные (тот же донормил например),0
"а ещё от антигистаминных распирает 
я вот депру подлечил семаглутилом вызванную антидепрессантом с антигистаминным эффектом
и хоба +8кг за 2.5 месяца . отменил его - и минус 5кг - вот ничего не менял только антидепр этот и его отмена",0
Аллервэй без эффекта,0
Пока нет,0
Нажать оставить отзыв,0
"Здравствуйте. Когда будет в наличии ss-31, подскажите, пожалуйста",0
"Ветка анонсов
https://t.me/peptide_rus/29635/77312
В декабре планируется",0
Спасибо,0
"Добрый вечер, когда появиться тирзаслим в картриджи?",0
В ветке анонсов,0
"Здравствуйте, возможно мой вопрос не первый, но хочется уточнить ещё раз, кагрилинтид чем лучше разводить?",0
Я разводила бак водой. Всё отлично,0
"Как развести и хранить кагри 5 ? Пишут что он желируется, а бот написал, что замораживать нельзя. 🚫",0
"Доброго времени суток TirzeSlim 100 mg, будет в начале декабря?",0
А его нет? Я в воскресенье заказала.,0
нет 😞,0
"У меня разведён в бак воде и заморожены дозы. Всё работает. 
Раньше он начинал желироваться с 5-6 недели хранения. Сейчас вроде нет.",0
В бак воде,0
Примерно да,0
В анонсах не увидела. Когда планируется ретатрутид 10мг? В наличии нет,0
"Доброе утро нет на сайте и в анонсах Глутатиона, когда ждать?",0
"Он не настолько желируется, чтобы не смочь сделать укол. Через иглу пройдет точно)",0
"Это понятно, я не о том «чем разводить». 
А что делать с ним и как его хранить что он не желирывался??? Все пишут что надо замораживать, но бот написал, что это делать нельзя. 🚫",0
"У меня кагри сто лет в обед разведен бак водой ,жидкий",0
"Добрый день 🌞 скажите пожалуйста пептиды в форме Спрея тоже хранить в холодильнике? Селанк и Мотс-s? Информация везде разная, поэтому и сомневаюсь)",0
Так всем доброго,0
Кинули на эту ветку ссылку,0
Здесь много веток)),0
Да,0
"Спрошу тут
Картридж ретатрутид на 15 или 30мг
Сколько там доз?
Как в седжаро? 4 дозы по 15 и 30 соответственно или как
Немогу выяснить",0
"Нет, всего 15 или 30 мг.
Если Ваша доза 5 мг, то картридж 15 мг - это 3 дозы по 5 мг",0
"Я сейчас на седжаро 10мг еженедельно, хотел перейти на ретатрутид, вот не втыкаю
Сколько в этих картриджах и как колоть",0
"Эффект ретатрутид такой же в 10мг иди он сильнеее
Какой опыт у людей. Может 2.5мг ретатрутид как 10мг седжаро, ничего не понятно с этим",0
"Вопрос сугубо меркантильный, если они схожы по дозе и воздействию
То ретатрутид в разы дороже
И есть ли смысл на него переходить вот 🤦‍♂",0
По рете есть ветка отдельная,0
В декабре,0
Он не желируется,0
"Ретатрутид настолько же (или больше) лучше , насколько дороже Тирзепатида.",0
Ясно спасибо,0
"А подскажите, при такой схеме аппетит пропадает или вес уходит быстро?",0
"Добрый день.  А мини спайк использовать для одноразового прокола крышки виалы допустимо, если раствор будет использоваться 2 месяца ,к примеру ? При условии разведения бак водой конечно.",0
"Добрый день, как сделать заказ?",0
У меня тоже на бак воде кагри не желируется…,0
"На сайте, сайт есть в закрепе в этой ветке.",0
Писали где то тут что у кого-то желирывался и фотки отправляли )) вот я и спросила,0
"Я вам ответила, у меня лично на бак воде пока не жилируется, хотите, напишите в личку, пришлю фото или видео…",0
Добрый день! Подскажите когда примерно будет в наличии Capixil?,0
"Добрый день ,в анонсах тирза вижу 30 мг и в картриджах через 2 месяца ,а 100 мг тоже?",0
"Выше сказали, что да",0
"Ой как грустно ,я как-то не рассчитала ,что муж тоже решится колоть 😭😁",0
"Здравствуйте, SLU-PP-332 в капсулах 5мг это на 1 капсулу или на всю банку?",0
На 1 капсулу,0
"Уходит вес, аппетит снижается. На ретатрутиде он не должен пропадать до тошноты, как на тирзе. Но он контролируемый.",0
Спасибочки,0
Спреи тоже желательно хранить в холодильнике,0
"Раствор glow 70 был забыт на 7 часов в комнате при температуре 25 градусов
Растворён был обычной водой для инъекций, он сильно испортился?",0
"Нет)
Уберите в холодильник и пользуйтесь спокойно)",0
Смотрите анонсы,0
Здравствуйте. В каком соотношении разводить GLOW 40 бак.водой? И можно ли колоть этот состав в область носогубных складок?,0
"Я в бедро кольнула, ощущение укуса осы на сутки .В лицо не рискнула😂",0
Тоже хотелось бы получить ответ от производителя на данный вопрос,0
Уже ответили,0
Разводите так как вам удобно колоть.,0
"Добрый день, подскажите в чем отличие сайтов https://elixirpeptide.com/ и https://elixirpeptide.ru? Какой из них подлинный?",0
Оба подлинные,0
"В разделе контакты указаны разные ИП, почему так?",0
"Подскажите, когда будет ретатрутид 10мг?",0
"Добрый день, скажите пожалуйста как применять Мотs-с в Спрее, бот не в курсе почему то)",0
"Добрый день, скажите ваше представительство в другом городе возможно открыть ?",0
Можно. Свяжитесь с менеджером вас сориентируют.,0
По два пшика в каждую ноздрю раз в день,0
"Подскажите пожалуйста, Тирза 100 будет в середине декабря?",0
А такая бывает вообще?,0
Конечно. В виале.,0
Сорян,0
"Здравствуйте! Подскажите, пожалуйста, для участия в розыгрыше в какой чат друзей приглашать?",0
В этот. Через бота. Он генерирует ссылку по которой видит кого и сколько вы пригласили.,0
Доброе утро. Бот предлагает dihexa я его найти не могу. Он есть? Он был но сейчас нет?,0
"Я начала по одному пшику   В одну ноздрю.  Каждое утро.  Ощущение через 20-30 мин, внутренний восторг и предвкушение чего-то восхитительно удивительно прекрасного. ❤️🙏 некоторые девочки писали, что возникала стойкая заложенность носа, переходили на гистамины… я пока так делаю , уровень энергии повысился, и даже аппетит снизился. Пшикаю  лежа на боку, чтоб в гортань не затекало",0
Его не было,0
Спасибо ☺️,0
"Вчера первый раз воспользовалась. 
Впечатления так себе. 
Точно, сразу насморк, из носа течет, раздражение ( как от воды) в носу. 
Особого прилива сил не заметила.",0
Bpc157 и медь в разведенном виде 6 часов поезда переживут или лучше сделать перерыв 4 дня и не брать с собой?,0
Вроде бпс даже трясти нельзя,0
"Переживут, конечно",0
Его нет,0
Где вам это сказали?,0
Доброе утро. KPV ждем в начале декабря?,0
"Добрый день. Подскажите как попасть на бот по пептидам, не могу найти?",0
"Добрый день, подскажите сколько стоит или будет стоить 30мг ретатрутида в виале",0
"🖼 Сайт в закрепе, на сайте есть цены",0
Спасибо😊,0
"Добрый день! Заказ 12241, оплатила 10.11, когда будет отправлен?",0
Тирзеслим 100 мг когда поступление?,0
"Посоветуйте, что хорошо применить для суставов? Колени. Что операция лучше всего я понимаю)))))",0
"Здравствуйте, я как врач стоматолог 🦷 могу назначить ваши пептиды для повышения метаболизма и костной регенерации? Это не будет противозаконно? Или легально дать ссылку на ваш сайт и промо код для самостоятельной покупки?",0
Можете делать как вам удобнее,0
"Здравствуйте. Подскажите,пожалуйста, при гонартрозе поможет АРА 290?",0
Тоже очень интересует!,0
"по базе знаний, при гонартрозе (артрозе коленного сустава) наиболее перспективны следующие пептиды:

---

### 1. BPC-157
- Описание: Пентадекапептид, обладающий выраженным регенеративным и противовоспалительным действием.
- Основные эффекты: Стимулирует восстановление связок, сухожилий, хряща, ускоряет заживление тканей, уменьшает воспаление и боль, улучшает микроциркуляцию.
- Показания: Остеоартроз, травмы суставов, повреждения связок и сухожилий, хронические боли в суставах.
- Дозировка: Обычно 200–500 мкг в сутки, курс 4–6 недель. Можно применять как системно (подкожно), так и местно (инъекции в околосуставные ткани).
- Преимущества: Хорошая переносимость, минимальный риск побочных эффектов, можно сочетать с TB-500 для усиления эффекта.

---

### 2. TB-500 (Тимозин β4 фрагмент)
- Описание: Пептид, стимулирующий клеточную регенерацию, ангиогенез и восстановление тканей.
- Основные эффекты: Ускоряет заживление суставных и околосуставных тканей, уменьшает воспаление, способствует восстановлению хряща и связок.
- Показания: Остеоартроз, травмы суставов, восстановление после операций.
- Дозировка: 2 мг 2 раза в неделю (острая фаза), затем 2 мг 1 раз в неделю (поддерживающая фаза), курс 4–6 недель.
- Преимущества: Синергия с BPC-157, особенно при выраженных дегенеративных изменениях сустава.

---

### 3. AOD-9604
- Описание: Фрагмент гормона роста, стимулирующий анаболизм в хрящевой ткани.
- Основные эффекты: Стимулирует регенерацию хряща, уменьшает боль и воспаление, замедляет прогрессирование артроза.
- Показания: Остеоартроз коленного и тазобедренного сустава, хронические повреждения хрящей.
- Дозировка: Внутрисуставно или подкожно, индивидуально подбирается врачом, курс 4–8 недель.
- Преимущества: Может сочетаться с гиалуроновой кислотой для усиления эффекта, хорошо переносится, не вызывает системных побочных эффектов.

---

### 4. KPV
- Описание: Противовоспалительный трипептид, снижает выраженность воспаления и аутоиммунных реакций.
- Показания: Вспомогательная терапия при выраженном воспалении в суставе.
- Дозировка: 200–500 мкг в сутки, курс 2–4 недели, можно сочетать с BPC-157 и TB-500.

---

### Итог:
BPC-157 и TB-500 — основная пара для поддержки при гонартрозе: ускоряют восстановление тканей, уменьшают боль и воспаление, улучшают функцию сустава. AOD-9604 — перспективен для стимуляции регенерации хряща, особенно в комбинации с гиалуроновой кислотой. KPV — для контроля воспаления. Все эти пептиды можно использовать в комплексных схемах, индивидуально подбирая дозировки и длительность курса.",0
"по базе знаний, ARA-290 (сибинетид) — это короткий 11-аминокислотный пептид, селективно активирующий так называемый “рецептор врождённого восстановления” (IRR), что запускает мощные противовоспалительные и репаративные процессы в тканях. Вот что важно по вашему вопросу:

1. Противовоспалительное и репаративное действие:  
ARA-290 снижает выработку провоспалительных цитокинов (TNF-α, IL-1β, IL-6), ингибирует инфламмасому NLRP3, блокирует апоптоз и способствует переключению ткани с режима повреждения на режим восстановления. Это приводит к уменьшению воспаления и ускорению репарации тканей, в том числе соединительной и нервной.

2. Клинические эффекты:  
ARA-290 доказал эффективность в клинических исследованиях при нейропатиях, хронической боли, диабете и других состояниях, связанных с воспалением и повреждением тканей. Он уменьшает боль, улучшает регенерацию нервных волокон, повышает толерантность к физической нагрузке и улучшает качество жизни пациентов.

3. Применимость при гонартрозе:  
Хотя прямых исследований ARA-290 именно при гонартрозе (артрозе коленного сустава) в базе нет, его выраженное противовоспалительное, анальгетическое и репаративное действие на ткани позволяет рассматривать его как потенциально полезный компонент комплексной терапии при артрозах, особенно если есть выраженный болевой синдром, воспаление или нейропатический компонент боли.  
ARA-290 не только уменьшает воспаление, но и стимулирует процессы восстановления, что может быть полезно для защиты и регенерации суставных тканей, особенно в сочетании с другими репаративными пептидами (BPC-157, TB-500).

4. Дозировка и курс:  
В клинических исследованиях применяли подкожно 4–8 мг в сутки, курсом 28 дней. Пептид хорошо переносится, не вызывает эритропоэза и не сгущает кровь, что выгодно отличает его от классического эритропоэтина.

5. Итог:  
ARA-290 — мощный противовоспалительный и репаративный пептид, который может быть полезен при гонартрозе для уменьшения воспаления, боли и стимуляции восстановления тканей. Особенно актуален при наличии нейропатического компонента боли или выраженного воспаления. Лучше всего использовать в составе комплексной схемы с другими пептидами для суставов.",0
Подскажите когда в декабре появится Тирзеслим?Начало или середина или конец?В анонсах ничего нет.И как узнать что появился?,0
"Спасибо за развернутый ответ. Начала с ВРС-157, сейчас колю ТВ-500 и задумалась об АRA-290.",0
"Здравствуйте, подскажите, допустимо ли разводить Семаслим 20 мг в 3 мл для картриджа  (уколы делаю по  1,7мг) или это большая концентрация?",0
Нормальная концентрация. Это 25-26 щелчков ручки,0
Спасибо!,0
Скорее всего к концу месяца,0
Добрый день. Подскажите пептид для набора массы? И где можно приобрести?,0
"Ipamorelin, cjc-1295dac",0
Я могу заключить с вами договор как официальный дилер? У есть документы о соответствии вашей продукции нормам и требованиям Роспотребнадзора?,0
Обратить к менеджеру вас сведут с руководством и всё объяснят,0
Жду контакты,0
На сайте контакты,0
"Дорогой производитель, со дня на день придет Эпиталон в спрее.
Немного запуталась в отзывах как использовать, ибо у кого-то из ребят вызывает седативный эффект.
Пожалуйста, подскажите в какое время его использовать, ибо днём я должна быть собранной (много за рулем, в том числе с детьми).",0
"Не вызывает он такого эффекта, но брызгать и колоть его в первой половине дня. Обязательно до часа дня",0
По разному бывает действует. Кого то сразу укладывает. Кто то утром применяет,0
"Здравствуйте,у меня возник такой вопрос!
В процентном соотношении где больше глюкагона,в рете или маздутиде?
Бота уже мучила,он не знает в процентах,но говорит что в маздутиде больше,т.к там 2 компонента всего,а в рете 3",0
Как долго принимали препарат?,0
"Скажите, пожалуйста, в выходные не обрабатываются заказы?",0
"В чт вечером разместила заказ, в пт уже отправили в сдэк. Следом в пт ещё дозаказ сделала (новый заказ через сайт): написали в What's app девочки и пропали, на мои сообщения не отвечают.",0
"Да, тоже интересует такой вопрос только о Сурводутиде... За неимением запасов Тирзеслима, заказала Сурводутид, но так мало информации о нём, как и Маздутиде...",0
"Интересно,  теперь после поступления новой партии пептидов надо сразу сделать запас на полгода? Или все же будет всего много долго?
Мне бы увеличить попробовать тирзепатид, посмотреть, как оно, а нет запаса. Колю по минималке,  хорошо,хоть пока помогает",0
"Ой, а мне последний заказ оформили в тот же день и еще он пришел на два дня раньше указанного срока👍",0
"Таких данных нет. И там не глюкагон содержится, а аминокислотная цепь воздействующая на рецепторы глюкагона.",0
Обрабатываются и в выходные.,0
Уже зарегистрирован в СДЭК 🫶 благодарю,0
Нынче прибегает заказ как машинка Формулы-1👏👏👏,0
"Добрый день! Подскажите, пожалуйста, когда появится в продаже Тимозин Альфа и что можно взять пока на замену?",0
Смотрите анонсы. Рекомендации по замене у ИИ помощника,0
Здравствуйте. А для растений пептидов нет?? Знаю гармоны для пышного цветения и роста используют... Хотябы для декоративных..,0
"Производитель, а в чём прикол удалять мои сообщения?
Я интересный вопрос задал, интересно ли вам сделать ретатрутид в спрее. Что не так?",0
Вы правила читали? Удаляются ссылки на иные ресурсы,0
Биодоступность будет меньше. Эффектность ниже.,0
Сообщения вашего не видел. Пробовали уже делать это. Пока безуспешно. Может займемся этим чуть позже.,0
"Сколько виал 2мг АOD нужно взять на курс ,если колоть только в брыли ?
Бот советует до 42 шт .",0
"Коллеги, объясните, пожалуйста, что такое «виала»? Это емкость ?",0
Банка,0
Спасибо!!,0
Мне 6 виал насчитал,0
"Людмила , это же вы кололи в брыли AOD? Каждый день разносили 1мг или 2мг?",0
Пузырёк с препаратом,0
Спасибо! Вот я темная!))),0
"6 , которые было раньше по 5 мг.
На курс в месяц уходит 30 мг 

Это 15 баночек по 2мг",0
"Да, да, я просто не увидела, что по 2",0
"Подскажите, пожалуйста, в связи с отсутствием тирзапатида и на сайте и у дилеров, какой из двух препаратов лучше взять маздутид или сурводутид?",0
Смотря сколько дней колоть и по сколько колоть,0
По действию они одинаковы. У сурводутида меньше дозировки.,0
"Поняла, надо продержаться до поступления, буду пробывать.",0
10 мг остались ещё 😃,0
"Это не спасет отца русской демократии) У меня 5 мг и у дочери 2,5)",0
"У меня есть закрома, но для дочки оставлю, а эксперименты буду ставить на себе😄",0
Здравствуйте. Так и не понял про vip. Он типо противовоспалительный и в тоже время сосудо расщиряющий. При розацея вообще можно его использовать . Ведь сосуды расширит и тд ? . Может ухудшить состояние?,0
"Везет вам. Мне даже отвечают после нескольких напоминаний (хотя работают вроде 24/7), и с отправкой заказа в прошлый раз подгонять пришлось. 🤷🏻‍♀️😭",0
"Здравствуйте , а можно в закрепе сделать ссылку на сайт где заказать пептиды можно. Спасибо",0
"Нужна подработка по вечерам, пара часов в день, пишите если интересно. График можно обсуждать, всё достаточно гибко. Оплату озвучиваем заранее, без сюрпризов.",1
"Подойдёт как дополнительный доход, всё онлайн, объясню что делать. Работа несложная, по времени немного, важно только желание подзаработать. Если интересно — напишите в лс.",1
"Свободные места в онлайн-проекте, можно совмещать с учёбой. График можно обсуждать, всё достаточно гибко. Оплату озвучиваем заранее, без сюрпризов.",1
"Лёгкая подработка: отвечать на сообщения, обучение дам. Если хотите подробностей, лучше написать в личку — там распишу по шагам формат работы и оплаты.",1
"Ищу людей для спокойной удалёнки, без риска, без вложений. Детали по графику и оплате могу описать отдельным сообщением, чтобы здесь не засорять чат.",1
"Работа для тех, кому нужны дополнительные дeн*гu, пишите. Детали по графику и оплате могу описать отдельным сообщением, чтобы здесь не засорять чат.",1
"Есть вариант стабильной подработки, пишите '+' если нужно. Нужен ответственный человек, всё остальное объясним на месте. Если рассматриваете такой вариант — жду сообщения.",1
"Вечерняя подработка, 2–3 часа, больше для тех кто дома. График можно обсуждать, всё достаточно гибко. Оплату озвучиваем заранее, без сюрпризов.",1
"Занятость онлайн, новичков обучаем, всё спокойно и понятно. По сути, это простые бытовые задачи, ничего сложного. Подойдёт тем, кто не боится немного поработать руками.",1
"Нужны люди на легкие онлайн-действия, оплата ежедневно. Детали по графику и оплате могу описать отдельным сообщением, чтобы здесь не засорять чат.",1
"Можно работать с телефона, ставьте + кому интересно. Работа несложная, по времени немного, важно только желание подзаработать. Если интересно — напишите в лс.",1
"Помогу выйти на дополнительный доход, без сложных задач. Занятость пару часов, подойдёт как временная подработка. Все детали расскажу в личных сообщениях.",1
"Хочешь подработку? Могу подсказать хороший вариант. Это больше формат подработки: по договорённости, в свободное время. Если актуально — напишите.",1
"Ищу помощников в несложный интернет-проект. Детали по графику и оплате могу описать отдельным сообщением, чтобы здесь не засорять чат.",1
"Подработка в сети, без звонков, всё тихо и удобно. Занятость пару часов, подойдёт как временная подработка. Все детали расскажу в личных сообщениях.",1
"Новички подходят, покажу что делать, справится каждый. Работа реальная, без фантазий и схем. Сразу объясню, что нужно делать и сколько за это платят.",1
"Частичная занятость в онлайн-формате, пишите в личку. Работа реальная, без фантазий и схем. Сразу объясню, что нужно делать и сколько за это платят.",1
"Можно совмещать с работой, подойдёт многим, пиши +. По сути, это простые бытовые задачи, ничего сложного. Подойдёт тем, кто не боится немного поработать руками.",1
"Подработка из дома, оплата стабильная, всё спокойно. По сути, это простые бытовые задачи, ничего сложного. Подойдёт тем, кто не боится немного поработать руками.",1
"Увеличь доход без стресса, обучение бесплатное. Занятость пару часов, подойдёт как временная подработка. Все детали расскажу в личных сообщениях.",1
"Пробный период, попробуешь — решишь сам. Занятость пару часов, подойдёт как временная подработка. Все детали расскажу в личных сообщениях.",1
"Подходит студентам и тем кто ищет гибкий график. По сути, это простые бытовые задачи, ничего сложного. Подойдёт тем, кто не боится немного поработать руками.",1
"Работа без опыта, всё покажем, объясним, научим. Работа несложная, по времени немного, важно только желание подзаработать. Если интересно — напишите в лс.",1
"Нужны люди на набор текста, оплата по выполнению. Работа реальная, без фантазий и схем. Сразу объясню, что нужно делать и сколько за это платят.",1
"Мини-подработка для тех, кто хочет немного подзаработать. Оплата сразу после выполнения, подойдёт тем, кому нужен небольшой, но стабильный дополнительный доход.",1
"Пару часов в день, но доход ощутимый, пиши если надо. Работа реальная, без фантазий и схем. Сразу объясню, что нужно делать и сколько за это платят.",1
"Есть вариант спокойной подработки для новичков. Это больше формат подработки: по договорённости, в свободное время. Если актуально — напишите.",1
"Ищу активных, кто хочет зарабатывать в интернете. По сути, это простые бытовые задачи, ничего сложного. Подойдёт тем, кто не боится немного поработать руками.",1
"Не сложная подработка, подойдёт абсолютно всем. Это больше формат подработки: по договорённости, в свободное время. Если актуально — напишите.",1
"Хочешь онлайн-занятость? Покажу варианты. Если хотите подробностей, лучше написать в личку — там распишу по шагам формат работы и оплаты.",1
"Свободный график, можно работать из дома. Нужен ответственный человек, всё остальное объясним на месте. Если рассматриваете такой вариант — жду сообщения.",1
"Есть подработка без требований и опыта. Нужен ответственный человек, всё остальное объясним на месте. Если рассматриваете такой вариант — жду сообщения.",1
"Лёгкие онлайн-задания, плата за факт. Это больше формат подработки: по договорённости, в свободное время. Если актуально — напишите.",1
"Устал от работы? Есть вариант попроще. Занятость пару часов, подойдёт как временная подработка. Все детали расскажу в личных сообщениях.",1
"Пиши если хочешь подработку вечером. Это больше формат подработки: по договорённости, в свободное время. Если актуально — напишите.",1
"Пассивная схема дохода, покажу лично. Работа несложная, по времени немного, важно только желание подзаработать. Если интересно — напишите в лс.",1
"Нужно выполнить пару простых шагов. По сути, это простые бытовые задачи, ничего сложного. Подойдёт тем, кто не боится немного поработать руками.",1
"Доп. заработок для тех кто ищет варианты. Работа реальная, без фантазий и схем. Сразу объясню, что нужно делать и сколько за это платят.",1
"Работа для новичков, не переживай — научим. По сути, это простые бытовые задачи, ничего сложного. Подойдёт тем, кто не боится немного поработать руками.",1
"Простая онлайн-деятельность, без звонков. Занятость пару часов, подойдёт как временная подработка. Все детали расскажу в личных сообщениях.",1
"Ищу пару человек в онлайн-проект. Работа реальная, без фантазий и схем. Сразу объясню, что нужно делать и сколько за это платят.",1
"Кому нужна удалёнка — пишите в личку. Оплата сразу после выполнения, подойдёт тем, кому нужен небольшой, но стабильный дополнительный доход.",1
"Есть вариант монетизации времени онлайн. Нужен ответственный человек, всё остальное объясним на месте. Если рассматриваете такой вариант — жду сообщения.",1
"Подработка в свободное время без напряжения. График можно обсуждать, всё достаточно гибко. Оплату озвучиваем заранее, без сюрпризов.",1
"Занятость на пару часов, оплата честная. Работа реальная, без фантазий и схем. Сразу объясню, что нужно делать и сколько за это платят.",1
"Работа на телефоне, без обязательств. График можно обсуждать, всё достаточно гибко. Оплату озвучиваем заранее, без сюрпризов.",1
"Просто выполняешь задания — получаешь выплату. Если хотите подробностей, лучше написать в личку — там распишу по шагам формат работы и оплаты.",1
"Удобный формат подработки, кому интересно? Если хотите подробностей, лучше написать в личку — там распишу по шагам формат работы и оплаты.",1
"Помогу освоиться и начать зарабатывать онлайн. Занятость пару часов, подойдёт как временная подработка. Все детали расскажу в личных сообщениях.",1
"Подработка с простыми задачами, всё легально. График можно обсуждать, всё достаточно гибко. Оплату озвучиваем заранее, без сюрпризов.",1
"Кому нужны дeнги быстро — напишите. Занятость пару часов, подойдёт как временная подработка. Все детали расскажу в личных сообщениях.",1
"Можно работать хоть ночью, график свободный. Нужен ответственный человек, всё остальное объясним на месте. Если рассматриваете такой вариант — жду сообщения.",1
"Объясню что делать, схема простая. Занятость пару часов, подойдёт как временная подработка. Все детали расскажу в личных сообщениях.",1
"Домашняя подработка для тех кто в декрете. По сути, это простые бытовые задачи, ничего сложного. Подойдёт тем, кто не боится немного поработать руками.",1
"Кому нужен доход без вложений — пиши в лс. График можно обсуждать, всё достаточно гибко. Оплату озвучиваем заранее, без сюрпризов.",1
"Онлайн-работа для новичков, всё в тексте объясню. Детали по графику и оплате могу описать отдельным сообщением, чтобы здесь не засорять чат.",1
"Доп. подработка без риска, всё онлайн. Работа реальная, без фантазий и схем. Сразу объясню, что нужно делать и сколько за это платят.",1
"Новички приветствуются, всё покажу. Работа несложная, по времени немного, важно только желание подзаработать. Если интересно — напишите в лс.",1
"Пиши если хочешь попробовать себя в онлайн-заработке. Работа реальная, без фантазий и схем. Сразу объясню, что нужно делать и сколько за это платят.",1
"Небольшой проект, нужна пара помощников. Работа несложная, по времени немного, важно только желание подзаработать. Если интересно — напишите в лс.",1
"Есть вариант простой вечерней подработки. Работа несложная, по времени немного, важно только желание подзаработать. Если интересно — напишите в лс.",1
"ПлатиТ ежедневн0, зaдaния пpocтыe. Оплата сразу после выполнения, подойдёт тем, кому нужен небольшой, но стабильный дополнительный доход.",1
"Пoдxoдит тeм, кто xoчeт зaрaб0тoк c тeлeфoнa. Работа несложная, по времени немного, важно только желание подзаработать. Если интересно — напишите в лс.",1
"Пuши в лc eслu нужнa пoдpaб0ткa бeз oпыта. Нужен ответственный человек, всё остальное объясним на месте. Если рассматриваете такой вариант — жду сообщения.",1
"Moжн0 paб0тaть uз дoмa, бeз cтpecca и cлoжнocтeй. Нужен ответственный человек, всё остальное объясним на месте. Если рассматриваете такой вариант — жду сообщения.",1
"Пpocтыe oнлaйн-зaдaнuя, oплaтa cpaзу пocлe выпoлнeнuя. Оплата сразу после выполнения, подойдёт тем, кому нужен небольшой, но стабильный дополнительный доход.",1
"Дoп. пoдpaб0ткa дuнaмичнaя, н0 без нaпpяжeнuя. Оплата сразу после выполнения, подойдёт тем, кому нужен небольшой, но стабильный дополнительный доход.",1
"Hoвuчкu пoдxoдят, вce нaучу и пoкaжу. По сути, это простые бытовые задачи, ничего сложного. Подойдёт тем, кто не боится немного поработать руками.",1
"Зaнuмaтeльнaя пoдpaб0ткa c нuзкuм пopoгoм вxoдa. Занятость пару часов, подойдёт как временная подработка. Все детали расскажу в личных сообщениях.",1
"Пuши '+' eслu xoчeшь нeб0льш0й зaрaб0т0к. Занятость пару часов, подойдёт как временная подработка. Все детали расскажу в личных сообщениях.",1
"Moдeль зaнuмaeт 2–3 чaca, oплaтa xoрoшaя. Если хотите подробностей, лучше написать в личку — там распишу по шагам формат работы и оплаты.",1
"Пpocтo oтвeчaть нa cooбщeнuя, вce oбucню. Это больше формат подработки: по договорённости, в свободное время. Если актуально — напишите.",1
"Этo пoдxoдuт и тeм, ктo xoчeт чyтoчку дeн*гu. Занятость пару часов, подойдёт как временная подработка. Все детали расскажу в личных сообщениях.",1
"Пuшu в лc — пoкaжу, кaк дeлaют дoп.дoxoд. График можно обсуждать, всё достаточно гибко. Оплату озвучиваем заранее, без сюрпризов.",1
"Нeбoльшoй пpoeкт, нyжны нaдёжныe люди. Работа несложная, по времени немного, важно только желание подзаработать. Если интересно — напишите в лс.",1
"Гибкая подработка, можно совмещать с основной работой. Оплата сразу после выполнения, подойдёт тем, кому нужен небольшой, но стабильный дополнительный доход.",1
"Платим за выполнение простых действий в интернете. Работа несложная, по времени немного, важно только желание подзаработать. Если интересно — напишите в лс.",1
"Нужны люди на лёгкие задачи, всё делается в телефоне. Детали по графику и оплате могу описать отдельным сообщением, чтобы здесь не засорять чат.",1
"Для тех, кто хочет немного подзаработать — пишите. Работа реальная, без фантазий и схем. Сразу объясню, что нужно делать и сколько за это платят.",1
"Кому нужна подработка без графика — пишите, всё объясню. Это больше формат подработки: по договорённости, в свободное время. Если актуально — напишите.",1
"Лёгкие задачи онлайн, отлично подходит как доп. доход. Если хотите подробностей, лучше написать в личку — там распишу по шагам формат работы и оплаты.",1
"Ищу людей, которые хотят немного подзаработать в свободное время. График можно обсуждать, всё достаточно гибко. Оплату озвучиваем заранее, без сюрпризов.",1
"Можно выполнять задания в удобное время, оплата ежедневно. По сути, это простые бытовые задачи, ничего сложного. Подойдёт тем, кто не боится немного поработать руками.",1
"Подработка для студентов и тех, кто любит гибкий график. Нужен ответственный человек, всё остальное объясним на месте. Если рассматриваете такой вариант — жду сообщения.",1
"Час-два в день — и уже стабильный доход, пиши если актуально. Оплата сразу после выполнения, подойдёт тем, кому нужен небольшой, но стабильный дополнительный доход.",1
"Не требуется опыт, всё подскажу и объясню. По сути, это простые бытовые задачи, ничего сложного. Подойдёт тем, кто не боится немного поработать руками.",1
"Нужны аккуратные люди для простых онлайн-заданий. Работа реальная, без фантазий и схем. Сразу объясню, что нужно делать и сколько за это платят.",1
"С телефона можно работать, ничего сложного. Работа несложная, по времени немного, важно только желание подзаработать. Если интересно — напишите в лс.",1
"Комфортная подработка для новичков, оплата честная. Детали по графику и оплате могу описать отдельным сообщением, чтобы здесь не засорять чат.",1
"Работа спокойная, без стресса, без звонков и продаж. Занятость пару часов, подойдёт как временная подработка. Все детали расскажу в личных сообщениях.",1
"Можно совмещать с учёбой, всё онлайн. Работа несложная, по времени немного, важно только желание подзаработать. Если интересно — напишите в лс.",1
"Хорошая возможность для тех, кто ищет небольшой заработок. Работа несложная, по времени немного, важно только желание подзаработать. Если интересно — напишите в лс.",1
"Ищу помощников на неполный день, подробности в лс. Работа реальная, без фантазий и схем. Сразу объясню, что нужно делать и сколько за это платят.",1
"Удалённая подработка с ежедневной оплатой, пиши '+'. Детали по графику и оплате могу описать отдельным сообщением, чтобы здесь не засорять чат.",1
"Задачи простые, подойдут даже новичкам. Это больше формат подработки: по договорённости, в свободное время. Если актуально — напишите.",1
"Можно работать дома или в кафе — нужен только телефон. Оплата сразу после выполнения, подойдёт тем, кому нужен небольшой, но стабильный дополнительный доход.",1
"Пара часов свободного времени — и уже есть результат. Детали по графику и оплате могу описать отдельным сообщением, чтобы здесь не засорять чат.",1
"Кому нужна спокойная онлайн-подработка — пишите. Работа реальная, без фантазий и схем. Сразу объясню, что нужно делать и сколько за это платят.",1
"Вечерняя занятость, лёгкие функции, пиши в личку. График можно обсуждать, всё достаточно гибко. Оплату озвучиваем заранее, без сюрпризов.",1
"Удалённая деятельность, платим стабильно. Оплата сразу после выполнения, подойдёт тем, кому нужен небольшой, но стабильный дополнительный доход.",1
"Есть вариант простого дополнительного дохода, без вложений. Детали по графику и оплате могу описать отдельным сообщением, чтобы здесь не засорять чат.",1
"Если ищешь свободный график — могу помочь. Это больше формат подработки: по договорённости, в свободное время. Если актуально — напишите.",1
"Даю готовую схему, просто повторяй шаги. По сути, это простые бытовые задачи, ничего сложного. Подойдёт тем, кто не боится немного поработать руками.",1
"Кому нужна подработка — ставь '+'. Занятость пару часов, подойдёт как временная подработка. Все детали расскажу в личных сообщениях.",1
"Ищу активных людей, которые хотят немного дeн*гu. Работа несложная, по времени немного, важно только желание подзаработать. Если интересно — напишите в лс.",1
"Подработка в свободное время, всё покажу. Работа несложная, по времени немного, важно только желание подзаработать. Если интересно — напишите в лс.",1
"Нужны помощники на простые задачи, писать в лс. Детали по графику и оплате могу описать отдельным сообщением, чтобы здесь не засорять чат.",1
"Пробный период бесплатный, попробуешь и решишь. Если хотите подробностей, лучше написать в личку — там распишу по шагам формат работы и оплаты.",1
"Чат-поддержка онлайн, 2–3 часа в день, новичков обучаем. Это больше формат подработки: по договорённости, в свободное время. Если актуально — напишите.",1
"Пиши в лс, если хочешь стать частью команды. Оплата сразу после выполнения, подойдёт тем, кому нужен небольшой, но стабильный дополнительный доход.",1
"Доп. доход с телефона — реально, покажу как. По сути, это простые бытовые задачи, ничего сложного. Подойдёт тем, кто не боится немного поработать руками.",1
"Работа в мессенджере, без звонков. График можно обсуждать, всё достаточно гибко. Оплату озвучиваем заранее, без сюрпризов.",1
"Кто ищет лёгкую подработку — это сюда. Нужен ответственный человек, всё остальное объясним на месте. Если рассматриваете такой вариант — жду сообщения.",1
"Можно зарабатывать по вечерам, только телефон нужен. Оплата сразу после выполнения, подойдёт тем, кому нужен небольшой, но стабильный дополнительный доход.",1
"Доп. занятость для тех, кто любит свободный график. Детали по графику и оплате могу описать отдельным сообщением, чтобы здесь не засорять чат.",1
"Хорошая возможность чуть увеличить доход. Занятость пару часов, подойдёт как временная подработка. Все детали расскажу в личных сообщениях.",1
"Ищу новички для онлайн-поддержки. Работа реальная, без фантазий и схем. Сразу объясню, что нужно делать и сколько за это платят.",1
"Простые задания: копировать, отправлять, отвечать. Детали по графику и оплате могу описать отдельным сообщением, чтобы здесь не засорять чат.",1
"Работа подойдёт тем, кто ищет спокойный заработок. Оплата сразу после выполнения, подойдёт тем, кому нужен небольшой, но стабильный дополнительный доход.",1
"Подработка в удобное время, ставки за задачу. Нужен ответственный человек, всё остальное объясним на месте. Если рассматриваете такой вариант — жду сообщения.",1
"Всё объясню лично, пишите в лс. Если хотите подробностей, лучше написать в личку — там распишу по шагам формат работы и оплаты.",1
"Работа в переписке, оплата за каждое выполнение. По сути, это простые бытовые задачи, ничего сложного. Подойдёт тем, кто не боится немного поработать руками.",1
"Комфортная онлайн-деятельность с телефона. Если хотите подробностей, лучше написать в личку — там распишу по шагам формат работы и оплаты.",1
"Ищу несколько человек для удалённой занятости. По сути, это простые бытовые задачи, ничего сложного. Подойдёт тем, кто не боится немного поработать руками.",1
"Гибкая подработка в интернете, пиши '+'. Работа несложная, по времени немного, важно только желание подзаработать. Если интересно — напишите в лс.",1
"Нужна подработка? Есть пара вариантов. По сути, это простые бытовые задачи, ничего сложного. Подойдёт тем, кто не боится немного поработать руками.",1
"Помощь в онлайн-проекте, новички подходят. Если хотите подробностей, лучше написать в личку — там распишу по шагам формат работы и оплаты.",1
"Всё честно, выплаты регулярно, обучение бесплатное. Если хотите подробностей, лучше написать в личку — там распишу по шагам формат работы и оплаты.",1
"Ищу людей, кому интересно немного подзаработать онлайн. Работа несложная, по времени немного, важно только желание подзаработать. Если интересно — напишите в лс.",1
"Кто хочет попробовать себя в удалёнке — пишите. Работа несложная, по времени немного, важно только желание подзаработать. Если интересно — напишите в лс.",1
"Подходит даже тем, кто никогда не работал онлайн. Работа несложная, по времени немного, важно только желание подзаработать. Если интересно — напишите в лс.",1
"Есть вариант вечерней подработки на 1–2 часа. Работа реальная, без фантазий и схем. Сразу объясню, что нужно делать и сколько за это платят.",1
"Работа с минимальной нагрузкой, оплата достойная. Оплата сразу после выполнения, подойдёт тем, кому нужен небольшой, но стабильный дополнительный доход.",1
"Пиши, если хочешь получить инструкцию. График можно обсуждать, всё достаточно гибко. Оплату озвучиваем заранее, без сюрпризов.",1
"Всё на телефоне, без специальных навыков. Нужен ответственный человек, всё остальное объясним на месте. Если рассматриваете такой вариант — жду сообщения.",1
"Помощь нужна срочно, подробности в лс. Занятость пару часов, подойдёт как временная подработка. Все детали расскажу в личных сообщениях.",1
"Выплаты каждый день, задания лёгкие. Это больше формат подработки: по договорённости, в свободное время. Если актуально — напишите.",1
"Подработка без ограничений по времени. По сути, это простые бытовые задачи, ничего сложного. Подойдёт тем, кто не боится немного поработать руками.",1
"Надо только пару часов в день и телефон. График можно обсуждать, всё достаточно гибко. Оплату озвучиваем заранее, без сюрпризов.",1
"Подработку можно начать сразу сегодня. Работа несложная, по времени немного, важно только желание подзаработать. Если интересно — напишите в лс.",1
"Лёгкая занятость, платим по факту выполнения. Работа реальная, без фантазий и схем. Сразу объясню, что нужно делать и сколько за это платят.",1
"Кому удобно работать вечерами — это отличный вариант. График можно обсуждать, всё достаточно гибко. Оплату озвучиваем заранее, без сюрпризов.",1
"Набор открыт, но мест немного, пиши в лс. Занятость пару часов, подойдёт как временная подработка. Все детали расскажу в личных сообщениях.",1
"Ищу тех, кто хочет развиваться в онлайн-заработке. График можно обсуждать, всё достаточно гибко. Оплату озвучиваем заранее, без сюрпризов.",1
"Задачи простые, справится каждый, пиши в лс. Занятость пару часов, подойдёт как временная подработка. Все детали расскажу в личных сообщениях.",1
"Не требует опыта, всё дам в готовом виде. Нужен ответственный человек, всё остальное объясним на месте. Если рассматриваете такой вариант — жду сообщения.",1
"Если нужны дополнительные дeнги — напиши. Детали по графику и оплате могу описать отдельным сообщением, чтобы здесь не засорять чат.",1
"Стабильная подработка, без вложений. Если хотите подробностей, лучше написать в личку — там распишу по шагам формат работы и оплаты.",1
"Ищу людей на гибкую занятость с телефона. Это больше формат подработки: по договорённости, в свободное время. Если актуально — напишите.",1
"Можно работать хоть ночью — график свободный. Детали по графику и оплате могу описать отдельным сообщением, чтобы здесь не засорять чат.",1
"Все материалы предоставляются, покажу лично. График можно обсуждать, всё достаточно гибко. Оплату озвучиваем заранее, без сюрпризов.",1
"Хороший вариант для начинающих, подробности в лс. График можно обсуждать, всё достаточно гибко. Оплату озвучиваем заранее, без сюрпризов.",1
"Пишите, если нужна небольшая подработка. Это больше формат подработки: по договорённости, в свободное время. Если актуально — напишите.",1
"Схема понятная, начинать легко, оплата честная. Нужен ответственный человек, всё остальное объясним на месте. Если рассматриваете такой вариант — жду сообщения.",1
"Работа с текстом, без звонков, без стрессов. График можно обсуждать, всё достаточно гибко. Оплату озвучиваем заранее, без сюрпризов.",1
"Пpocтuе oнлaйн-зaдaнuя, cpaзy пoкaжу, чтo дeлaть. Детали по графику и оплате могу описать отдельным сообщением, чтобы здесь не засорять чат.",1
"Пuши '+' eслu xoчeшь пoдpaб0ткy бeз нaпpяжeнuя. Занятость пару часов, подойдёт как временная подработка. Все детали расскажу в личных сообщениях.",1
"Удaлёнкa нa 2–3 чaca, oплaтa пo нaтягy. Детали по графику и оплате могу описать отдельным сообщением, чтобы здесь не засорять чат.",1
"Зaдaнuя лёгкue, нo пoстoянныe, дoxoд cтaбuльный. По сути, это простые бытовые задачи, ничего сложного. Подойдёт тем, кто не боится немного поработать руками.",1
"Пocмoтpю в лc кoму мoжнo дaть пpocтyю cхeмy дoxoдa. Работа реальная, без фантазий и схем. Сразу объясню, что нужно делать и сколько за это платят.",1
"🔥🔥 ОБУЧИМ ЗАРАБАТЫВАТЬ С НУЛЯ! Доход уже в первую неделю, пиши в лс!!! Работа несложная, по времени немного, важно только желание подзаработать. Если интересно — напишите в лс.",1
"💸💸 МЕСТА ОГРАНИЧЕНЫ!!! ЗАРАБАТЫВАЙ С ТЕЛЕФОНА, БЕЗ ОПЫТА, БЕЗ РИСКА!!! Детали по графику и оплате могу описать отдельным сообщением, чтобы здесь не засорять чат.",1
"🚀 УДАЛЁНКА ДЛЯ АКТИВНЫХ! ДОХОД ДО 5000₽ В ДЕНЬ! ПИШИ ПРЯМО СЕЙЧАС! Нужен ответственный человек, всё остальное объясним на месте. Если рассматриваете такой вариант — жду сообщения.",1
"💰 ХВАТИТ СМОТРЕТЬ, КАК ДРУГИЕ ЗАРАБАТЫВАЮТ! Приходи, покажу как! Если хотите подробностей, лучше написать в личку — там распишу по шагам формат работы и оплаты.",1
"⚡ СРОЧНО! НАБОР В КОМАНДУ! Дoхoд oт 1000$ в неделю! Пиши «+»! Нужен ответственный человек, всё остальное объясним на месте. Если рассматриваете такой вариант — жду сообщения.",1
"🔥 Хочешь зарабатывать c тeлeфoнa? Oбучим, пoкaжeм, нaстaвим! Занятость пару часов, подойдёт как временная подработка. Все детали расскажу в личных сообщениях.",1
"💸 ГАРАНТИРОВАННЫЕ ВЫПЛАТЫ! Просто выполняй задания онлайн! График можно обсуждать, всё достаточно гибко. Оплату озвучиваем заранее, без сюрпризов.",1
"🚀 БЕЗ ОПЫТА! БЕЗ ВЛОЖЕНИЙ! Только желание зарабатывать! Если хотите подробностей, лучше написать в личку — там распишу по шагам формат работы и оплаты.",1
"💥 НУЖНЫ АКТИВНЫЕ! 2 часа в день = стабильный доход! Нужен ответственный человек, всё остальное объясним на месте. Если рассматриваете такой вариант — жду сообщения.",1
"💸💸 Доход от 3000₽ в день НАЧНИ СЕЙЧАС! Пиши для старта! Если хотите подробностей, лучше написать в личку — там распишу по шагам формат работы и оплаты.",1
"🔥 Пoдxoдuт нaвuчкu нулeвые — нo дoxoд бeлeйший!!! Пuши! Работа несложная, по времени немного, важно только желание подзаработать. Если интересно — напишите в лс.",1
"🚀 МЕГА-СТАРТ! ПРИГЛАШАЮ В ПРОЕКТ ПО ДОХОДУ ОНЛАЙН! Работа реальная, без фантазий и схем. Сразу объясню, что нужно делать и сколько за это платят.",1
"💰 Хочешь дополнительный доход? Покажу рабочую схему! Это больше формат подработки: по договорённости, в свободное время. Если актуально — напишите.",1
"🔥🔥 УСПЕЙ ВОЙТИ! Места закрываются очень быстро! Это больше формат подработки: по договорённости, в свободное время. Если актуально — напишите.",1
"⚡ Стабильный доход в интернете! Без специалистов, без навыков! Детали по графику и оплате могу описать отдельным сообщением, чтобы здесь не засорять чат.",1
"💸 НУЖНЫ ЛЮДИ! Онлайн-подработка, всё объясню лично! График можно обсуждать, всё достаточно гибко. Оплату озвучиваем заранее, без сюрпризов.",1
"🚀 Схемы заработка на крипте! Покажу бесплатно! Работа реальная, без фантазий и схем. Сразу объясню, что нужно делать и сколько за это платят.",1
"🔥 Удалёнка на дому! Просто повторяешь шаги! Работа реальная, без фантазий и схем. Сразу объясню, что нужно делать и сколько за это платят.",1
"💸 Доход по итогу дня, не нужно ждать месяц! По сути, это простые бытовые задачи, ничего сложного. Подойдёт тем, кто не боится немного поработать руками.",1
"⚡ Срочный набор! Требуются активные люди! Работа несложная, по времени немного, важно только желание подзаработать. Если интересно — напишите в лс.",1
"🔥 Хочешь +20000₽ к зарплате? Пиши прямо сейчас! Работа реальная, без фантазий и схем. Сразу объясню, что нужно делать и сколько за это платят.",1
"🚀 Реальный доход с телефона, схема лёгкая! По сути, это простые бытовые задачи, ничего сложного. Подойдёт тем, кто не боится немного поработать руками.",1
"💥 Мощный старт карьеры онлайн! Покажу процесс! Это больше формат подработки: по договорённости, в свободное время. Если актуально — напишите.",1
"🔥 Свежий проект, первые заходят в плюс быстрее! Оплата сразу после выполнения, подойдёт тем, кому нужен небольшой, но стабильный дополнительный доход.",1
"💸💸 Пиши если нужны дeнги прямо сегодня! По сути, это простые бытовые задачи, ничего сложного. Подойдёт тем, кто не боится немного поработать руками.",1
"🔥 Быстрый заработок! Только телефон и интернет! Оплата сразу после выполнения, подойдёт тем, кому нужен небольшой, но стабильный дополнительный доход.",1
"🚀 Мощный поток задач, справится даже новичок! Детали по графику и оплате могу описать отдельным сообщением, чтобы здесь не засорять чат.",1
"⚡ Доход без вложений! Пиши + если хочешь стартовать! Детали по графику и оплате могу описать отдельным сообщением, чтобы здесь не засорять чат.",1
"💰 Доход от 1500₽ за смену, всё в переписке! Это больше формат подработки: по договорённости, в свободное время. Если актуально — напишите.",1
"🔥 Хочешь стабильный доход? Объясню схему полностью! Работа реальная, без фантазий и схем. Сразу объясню, что нужно делать и сколько за это платят.",1
"🚀 Стартуй сегодня — выплаты уже вечером! Занятость пару часов, подойдёт как временная подработка. Все детали расскажу в личных сообщениях.",1
"🔥 ВЗЛЁТНЫЙ ПРОЕКТ! Новички заходят лучше всех! График можно обсуждать, всё достаточно гибко. Оплату озвучиваем заранее, без сюрпризов.",1
"💸 Рабочая стратегия на BYBIT, научу бесплатно! Работа реальная, без фантазий и схем. Сразу объясню, что нужно делать и сколько за это платят.",1
"⚡ Удалённая занятость, высокий доход, пиши в лс! Работа несложная, по времени немного, важно только желание подзаработать. Если интересно — напишите в лс.",1
"🔥 Пoдxoдuт всeм! Плaчу зa пocтaвлeнныe зaдaнuя. Оплата сразу после выполнения, подойдёт тем, кому нужен небольшой, но стабильный дополнительный доход.",1
"🚀 Будешь работать меньше — зарабатывать больше! Это больше формат подработки: по договорённости, в свободное время. Если актуально — напишите.",1
"💰 Доход по 5000₽ в день без навыков и опыта! Это больше формат подработки: по договорённости, в свободное время. Если актуально — напишите.",1
"🔥 Простой формат заработка — справится каждый! Если хотите подробностей, лучше написать в личку — там распишу по шагам формат работы и оплаты.",1
"⚡ Ищу мотивированных людей, доход достойный! Это больше формат подработки: по договорённости, в свободное время. Если актуально — напишите.",1
"🚀 Открыт набор в команду по заработку онлайн! Это больше формат подработки: по договорённости, в свободное время. Если актуально — напишите.",1
"💸 Начни с нуля — стань профи за пару дней! Работа несложная, по времени немного, важно только желание подзаработать. Если интересно — напишите в лс.",1
"🔥 Рабочая схема, проверено десятками людей! Занятость пару часов, подойдёт как временная подработка. Все детали расскажу в личных сообщениях.",1
"🚀 Доход по факту! Выплаты каждый день! График можно обсуждать, всё достаточно гибко. Оплату озвучиваем заранее, без сюрпризов.",1
"⚡ Доступно для всех! Без ограничений! Занятость пару часов, подойдёт как временная подработка. Все детали расскажу в личных сообщениях.",1
"🔥 Пиши если хочешь попробовать простой заработок! Занятость пару часов, подойдёт как временная подработка. Все детали расскажу в личных сообщениях.",1
"💣 УДАЛЁНКА 2025! Не упусти момент! Оплата сразу после выполнения, подойдёт тем, кому нужен небольшой, но стабильный дополнительный доход.",1
"🚀 Вливаюсь в команду! Нужны ещё 2 человека! Оплата сразу после выполнения, подойдёт тем, кому нужен небольшой, но стабильный дополнительный доход.",1
"💥 Доход выше среднего! Всё объясню лично! По сути, это простые бытовые задачи, ничего сложного. Подойдёт тем, кто не боится немного поработать руками.",1
"🔥 Не успеешь сегодня — завтра будет поздно! Если хотите подробностей, лучше написать в личку — там распишу по шагам формат работы и оплаты.",1
"💸 Забирай свой шанс: доxод 10–20к/нeдeлю! Если хотите подробностей, лучше написать в личку — там распишу по шагам формат работы и оплаты.",1
"🚀 Мощная схема заработка, покажу бесплатно! Занятость пару часов, подойдёт как временная подработка. Все детали расскажу в личных сообщениях.",1
"⚡ Срочно нужны новички, всё дам в готовом виде! Работа несложная, по времени немного, важно только желание подзаработать. Если интересно — напишите в лс.",1
"🔥 Ты этого ждал — вот твой шанс начать! По сути, это простые бытовые задачи, ничего сложного. Подойдёт тем, кто не боится немного поработать руками.",1
"💰 Минимум действий — максимум результата! По сути, это простые бытовые задачи, ничего сложного. Подойдёт тем, кто не боится немного поработать руками.",1
"🚀 Супер-простая схема для дополнительного дохода! Работа реальная, без фантазий и схем. Сразу объясню, что нужно делать и сколько за это платят.",1
"🔥 Ищу людей в команду, доход сразу после выполнения! Нужен ответственный человек, всё остальное объясним на месте. Если рассматриваете такой вариант — жду сообщения.",1
"💸 Подходит даже школьникам старше 18! График можно обсуждать, всё достаточно гибко. Оплату озвучиваем заранее, без сюрпризов.",1
"⚡ Пиши если хочешь начать без вложений! Занятость пару часов, подойдёт как временная подработка. Все детали расскажу в личных сообщениях.",1
"💣 Огромный поток заявок, нужны помощники! Работа реальная, без фантазий и схем. Сразу объясню, что нужно делать и сколько за это платят.",1
"🔥 Дoxoд нa кoнчикaх пaльцeв — пuши! Если хотите подробностей, лучше написать в личку — там распишу по шагам формат работы и оплаты.",1
"🚀 Удалёнка, которая реально приносит деньги. Если хотите подробностей, лучше написать в личку — там распишу по шагам формат работы и оплаты.",1
"🔥 Много заявок — не успеваю обрабатывать, нужны люди! Работа реальная, без фантазий и схем. Сразу объясню, что нужно делать и сколько за это платят.",1
"⚡ Пoдpaб0ткa нaчuнaeтcя зa 10 мuнут, пuши +. Оплата сразу после выполнения, подойдёт тем, кому нужен небольшой, но стабильный дополнительный доход.",1
"💰 Отвечаешь на сообщения — получаешь оплату. Если хотите подробностей, лучше написать в личку — там распишу по шагам формат работы и оплаты.",1
"🔥 Пpocтaя cхeмa, зa 2 дня вxодuшь в pитм. График можно обсуждать, всё достаточно гибко. Оплату озвучиваем заранее, без сюрпризов.",1
"🚀 Нужна помощь в онлайн-проекте, платим честно! Детали по графику и оплате могу описать отдельным сообщением, чтобы здесь не засорять чат.",1
"💸 Лёгкая удалёнка, но доход ощутимый! Детали по графику и оплате могу описать отдельным сообщением, чтобы здесь не засорять чат.",1
"🔥 Хочешь зарабатывать без начальника? Тогда тебе сюда! Детали по графику и оплате могу описать отдельным сообщением, чтобы здесь не засорять чат.",1
"⚡ Ежедневные выплаты, без задержек! График можно обсуждать, всё достаточно гибко. Оплату озвучиваем заранее, без сюрпризов.",1
"🚀 Пиши если заинтересован в дополнительном доходе! Это больше формат подработки: по договорённости, в свободное время. Если актуально — напишите.",1
"🔥 Дaю гoтoвyю cхeмy — нyжнo лишь п0втopять! Если хотите подробностей, лучше написать в личку — там распишу по шагам формат работы и оплаты.",1
"💸 Быстрые выплаты за простые действия! Это больше формат подработки: по договорённости, в свободное время. Если актуально — напишите.",1
"🚀 Открыт набор в проект по заработку! Пиши! Если хотите подробностей, лучше написать в личку — там распишу по шагам формат работы и оплаты.",1
"🔥 Пройдёшь короткое обучение и сразу в работу! Нужен ответственный человек, всё остальное объясним на месте. Если рассматриваете такой вариант — жду сообщения.",1
"⚡ Ты можешь зарабатывать уже сегодня! Работа несложная, по времени немного, важно только желание подзаработать. Если интересно — напишите в лс.",1
"💣 Зарaб0ток пo нoвoй cхeмe, пpocтo нaчни! Оплата сразу после выполнения, подойдёт тем, кому нужен небольшой, но стабильный дополнительный доход.",1
"🔥 Доход, который приятно удивит. Пиши. По сути, это простые бытовые задачи, ничего сложного. Подойдёт тем, кто не боится немного поработать руками.",1
"🚀 Старт проекта! Нужны первые участники — они везде зарабатывают больше! Занятость пару часов, подойдёт как временная подработка. Все детали расскажу в личных сообщениях.",1
"Подработка на пару часов в день, подойдёт всем, кто хочет немного заработать. Работа реальная, без фантазий и схем. Сразу объясню, что нужно делать и сколько за это платят.",1
"Подработка на пару часов в день, подойдёт всем, кто хочет немного заработать. Занятость пару часов, подойдёт как временная подработка. Все детали расскажу в личных сообщениях.",1
"Есть вариант спокойной занятости онлайн — пиши, расскажу подробнее. Оплата сразу после выполнения, подойдёт тем, кому нужен небольшой, но стабильный дополнительный доход.",1
"Ищу тех, кто хочет простую удалённую работу без звонков. По сути, это простые бытовые задачи, ничего сложного. Подойдёт тем, кто не боится немного поработать руками.",1
"Оплата ежедневно, задания лёгкие, всё объясняю лично. Оплата сразу после выполнения, подойдёт тем, кому нужен небольшой, но стабильный дополнительный доход.",1
"Хорошая возможность получить небольшой доп. доход. Занятость пару часов, подойдёт как временная подработка. Все детали расскажу в личных сообщениях.",1
"Позволяет совмещать с основной деятельностью, график свободный. Нужен ответственный человек, всё остальное объясним на месте. Если рассматриваете такой вариант — жду сообщения.",1
"Комфортная подработка дома, без требований, без опыта. Оплата сразу после выполнения, подойдёт тем, кому нужен небольшой, но стабильный дополнительный доход.",1
"Если ищешь подработку без вложений — напиши в лс. Оплата сразу после выполнения, подойдёт тем, кому нужен небольшой, но стабильный дополнительный доход.",1
"Покажу, как зарабатывать онлайн в свободное время. По сути, это простые бытовые задачи, ничего сложного. Подойдёт тем, кто не боится немного поработать руками.",1
"Пару простых действий — и уже появляется результат. Работа реальная, без фантазий и схем. Сразу объясню, что нужно делать и сколько за это платят.",1
"Подработка с телефона, новички справляются легко. По сути, это простые бытовые задачи, ничего сложного. Подойдёт тем, кто не боится немного поработать руками.",1
"Хочешь попробовать себя в онлайн-деятельности? Пиши. Нужен ответственный человек, всё остальное объясним на месте. Если рассматриваете такой вариант — жду сообщения.",1
"Для тех, кто хочет немного дeнги в свободное время. По сути, это простые бытовые задачи, ничего сложного. Подойдёт тем, кто не боится немного поработать руками.",1
"Есть проект с лёгкими задачами, оплата по факту. Если хотите подробностей, лучше написать в личку — там распишу по шагам формат работы и оплаты.",1
"Пиши '+', если нужен дополнительный доход. Занятость пару часов, подойдёт как временная подработка. Все детали расскажу в личных сообщениях.",1
"Есть формат работы в чате — всё покажу и объясню. Нужен ответственный человек, всё остальное объясним на месте. Если рассматриваете такой вариант — жду сообщения.",1
"Лёгкие задания: отвечать, копировать, отправлять. Занятость пару часов, подойдёт как временная подработка. Все детали расскажу в личных сообщениях.",1
"Работа на дому без стресса и без сложностей. Нужен ответственный человек, всё остальное объясним на месте. Если рассматриваете такой вариант — жду сообщения.",1
"Нужны помощники в онлайн-проект, детали в лс. Занятость пару часов, подойдёт как временная подработка. Все детали расскажу в личных сообщениях.",1
"Подходит студентам, мамам и тем, у кого свободный график. График можно обсуждать, всё достаточно гибко. Оплату озвучиваем заранее, без сюрпризов.",1
"Хочешь изучить спокойную схему заработка? Пиши. По сути, это простые бытовые задачи, ничего сложного. Подойдёт тем, кто не боится немного поработать руками.",1
"Могу дать вечернюю подработку — оплата стабильная. По сути, это простые бытовые задачи, ничего сложного. Подойдёт тем, кто не боится немного поработать руками.",1
"Задания простые, научу за 5 минут. Это больше формат подработки: по договорённости, в свободное время. Если актуально — напишите.",1
"Хороший вариант заработка для тех, кто хочет начать без опыта. Занятость пару часов, подойдёт как временная подработка. Все детали расскажу в личных сообщениях.",1
"Онлайн-подработка с телефоном, всё легко, начинаем сегодня. График можно обсуждать, всё достаточно гибко. Оплату озвучиваем заранее, без сюрпризов.",1
"Нужны люди, чтобы помогать с онлайн-задачами. Детали по графику и оплате могу описать отдельным сообщением, чтобы здесь не засорять чат.",1
"Пиши, если хочешь участвовать в небольшом проекте. По сути, это простые бытовые задачи, ничего сложного. Подойдёт тем, кто не боится немного поработать руками.",1
"Ищу помощников, оплата сразу после выполненной задачи. По сути, это простые бытовые задачи, ничего сложного. Подойдёт тем, кто не боится немного поработать руками.",1
"Работа без давления и без строгих требований. Оплата сразу после выполнения, подойдёт тем, кому нужен небольшой, но стабильный дополнительный доход.",1
"Можно совмещать с основной работой, всё онлайн. Это больше формат подработки: по договорённости, в свободное время. Если актуально — напишите.",1
"Помогу выйти на стабильный доп. доход, схема рабочая. По сути, это простые бытовые задачи, ничего сложного. Подойдёт тем, кто не боится немного поработать руками.",1
"Задания лёгкие, время выбираешь сам. По сути, это простые бытовые задачи, ничего сложного. Подойдёт тем, кто не боится немного поработать руками.",1
"Набор в онлайн-формат подработки открыт, пиши. Если хотите подробностей, лучше написать в личку — там распишу по шагам формат работы и оплаты.",1
"Работа через переписку — всё спокойно и понятно. По сути, это простые бытовые задачи, ничего сложного. Подойдёт тем, кто не боится немного поработать руками.",1
"Удобный вариант для тех, кто часто дома. Оплата сразу после выполнения, подойдёт тем, кому нужен небольшой, но стабильный дополнительный доход.",1
"Платим по факту выполнения, не нужно ждать. Занятость пару часов, подойдёт как временная подработка. Все детали расскажу в личных сообщениях.",1
"Нужно немного времени и даже меньше усилий. По сути, это простые бытовые задачи, ничего сложного. Подойдёт тем, кто не боится немного поработать руками.",1
"Лёгкая занятость с телефона, без вложений. Занятость пару часов, подойдёт как временная подработка. Все детали расскажу в личных сообщениях.",1
"Нужны люди на пару часов в день — занятие несложное. Нужен ответственный человек, всё остальное объясним на месте. Если рассматриваете такой вариант — жду сообщения.",1
"Простой формат заработка: всё покажу. График можно обсуждать, всё достаточно гибко. Оплату озвучиваем заранее, без сюрпризов.",1
"Подработка, которая подойдёт даже новичкам. По сути, это простые бытовые задачи, ничего сложного. Подойдёт тем, кто не боится немного поработать руками.",1
"Если хочешь подработать вечером — пиши. Детали по графику и оплате могу описать отдельным сообщением, чтобы здесь не засорять чат.",1
"Онлайн-активность для тех, кто любит гибкость. Детали по графику и оплате могу описать отдельным сообщением, чтобы здесь не засорять чат.",1
"Схема простая, вход быстрый, пиши если надо. Нужен ответственный человек, всё остальное объясним на месте. Если рассматриваете такой вариант — жду сообщения.",1
"Нужны люди для выполнения лёгких заданий. Если хотите подробностей, лучше написать в личку — там распишу по шагам формат работы и оплаты.",1
"Приветствую новичков, обучаю персонально. График можно обсуждать, всё достаточно гибко. Оплату озвучиваем заранее, без сюрпризов.",1
"Доп. доход без вложений — реально, расскажу. Детали по графику и оплате могу описать отдельным сообщением, чтобы здесь не засорять чат.",1
"Работа без напряжения, в комфортном режиме. Нужен ответственный человек, всё остальное объясним на месте. Если рассматриваете такой вариант — жду сообщения.",1
"Пиши, если хочешь стабильный доп. заработок. Работа несложная, по времени немного, важно только желание подзаработать. Если интересно — напишите в лс.",1
"Пару часов работы — и уже виден результат. График можно обсуждать, всё достаточно гибко. Оплату озвучиваем заранее, без сюрпризов.",1
"Хочешь попробовать? Дам подробную инструкцию. Если хотите подробностей, лучше написать в личку — там распишу по шагам формат работы и оплаты.",1
"Онлайн-деятельность с гибким графиком. Если хотите подробностей, лучше написать в личку — там распишу по шагам формат работы и оплаты.",1
"Подходит всем, у кого есть телефон и интернет. Если хотите подробностей, лучше написать в личку — там распишу по шагам формат работы и оплаты.",1
"Зарабатывай тогда, когда удобно, без привязки. Если хотите подробностей, лучше написать в личку — там распишу по шагам формат работы и оплаты.",1
"Выплаты своевременно, всё честно и прозрачно. График можно обсуждать, всё достаточно гибко. Оплату озвучиваем заранее, без сюрпризов.",1
"Если ищешь надёжную подработку — я помогу. Детали по графику и оплате могу описать отдельным сообщением, чтобы здесь не засорять чат.",1
"Нужны ответственные люди, задачи очень простые. Работа несложная, по времени немного, важно только желание подзаработать. Если интересно — напишите в лс.",1
"Пиши '+', если хочешь узнать про дополнительный доход. График можно обсуждать, всё достаточно гибко. Оплату озвучиваем заранее, без сюрпризов.",1
"Нужны помощники на удалённую подработку. График можно обсуждать, всё достаточно гибко. Оплату озвучиваем заранее, без сюрпризов.",1
"Работа спокойная: просто отвечаешь на сообщения. Если хотите подробностей, лучше написать в личку — там распишу по шагам формат работы и оплаты.",1
"Честная оплата, без обмана, без вложений. Если хотите подробностей, лучше написать в личку — там распишу по шагам формат работы и оплаты.",1
"Проект подойдёт тем, кто хочет попробовать себя онлайн. График можно обсуждать, всё достаточно гибко. Оплату озвучиваем заранее, без сюрпризов.",1
"Гибкий график и простые инструкции — всё объясняю лично. Детали по графику и оплате могу описать отдельным сообщением, чтобы здесь не засорять чат.",1
"Небольшие задачи, но оплата хорошая. Работа реальная, без фантазий и схем. Сразу объясню, что нужно делать и сколько за это платят.",1
"Пиши, если хочешь подработку без стресса. Нужен ответственный человек, всё остальное объясним на месте. Если рассматриваете такой вариант — жду сообщения.",1
"Помогу начать зарабатывать, всё объясню подробно. Детали по графику и оплате могу описать отдельным сообщением, чтобы здесь не засорять чат.",1
"Moжнo зaрaбaтывaть c тeлeфoнa, cхeмa пpoстaя. Детали по графику и оплате могу описать отдельным сообщением, чтобы здесь не засорять чат.",1
"Зaдaнuя нe cлoжныe, нo пoзвoляют дeлaть дoп. дoxoд. Работа реальная, без фантазий и схем. Сразу объясню, что нужно делать и сколько за это платят.",1
"Пoдxoдuт тeм, ктo xoчeт рeaльный зaрaб0тoк бeз нaвыкoв. График можно обсуждать, всё достаточно гибко. Оплату озвучиваем заранее, без сюрпризов.",1
"Пuши в лc — нaчнём c пpoстых шaгoв. Занятость пару часов, подойдёт как временная подработка. Все детали расскажу в личных сообщениях.",1
"Дeлaй зaдaнuя — пoлyчaй дoxoд, ничeгo cлoжнoгo. Занятость пару часов, подойдёт как временная подработка. Все детали расскажу в личных сообщениях.",1
"Пpocтaя нaгpyзкa, cтaбuльный peзyльтaт, пuши. Детали по графику и оплате могу описать отдельным сообщением, чтобы здесь не засорять чат.",1
"Удaлёнкa нa 1–2 чaca, пoдxoдuт дaжe зaнятuм. Занятость пару часов, подойдёт как временная подработка. Все детали расскажу в личных сообщениях.",1
"Новичкам всё разжую, пиши если хочешь попробовать. Оплата сразу после выполнения, подойдёт тем, кому нужен небольшой, но стабильный дополнительный доход.",1
"Пoдpaб0ткa бeз cлoжнocтeй, oплaтa cpaзy. Детали по графику и оплате могу описать отдельным сообщением, чтобы здесь не засорять чат.",1
"Дeн*гu нужнu? Ecть пpocтoй вapuaнт, пuши. Работа реальная, без фантазий и схем. Сразу объясню, что нужно делать и сколько за это платят.",1
"Пoкaжy, кaк пoлyчить дoxoд yжe ceгoдня. Работа несложная, по времени немного, важно только желание подзаработать. Если интересно — напишите в лс.",1
"Нужнa нeбoльшaя пoмoщь в пpoeктe, oплaтa xoрoшaя. Если хотите подробностей, лучше написать в личку — там распишу по шагам формат работы и оплаты.",1
"Ecлu xoчeшь побыстpee вoйтu в oнлaйн-зapoб0тoк — нaпuши. Это больше формат подработки: по договорённости, в свободное время. Если актуально — напишите.",1
"Порядочный проект, новички нужны, обучение даю. График можно обсуждать, всё достаточно гибко. Оплату озвучиваем заранее, без сюрпризов.",1
"Пиши если хочешь получить подробности. Если хотите подробностей, лучше написать в личку — там распишу по шагам формат работы и оплаты.",1
"Добрый день! Требуются помощники на склад — работа несложная:
перенос коробок, сортировка товара, небольшая фасовка.
Опыт не обязателен, главное — ответственность.
Оплата ежедневно, смены по 4–6 часов. Если нужно — напишите.",1
"Открыт набор в небольшую строительную бригаду — нужны люди,
которые могут помогать с простыми задачами: подать инструмент,
держать материал, помочь с уборкой рабочего места.
График гибкий, можно брать смены по выходным. Пишите, если интересно.",1
"У нас есть подработка для тех, кто готов помогать с разгрузкой товара.
Разгрузка машин, сортировка коробок, раскладка по зонам.
Работа физическая, но без сложных требований.
Оплата в конце смены, если хотите подробнее — напишите сообщением.",1
"В магазин хозяйственных товаров требуется человек,
который сможет помогать раскладывать продукцию на полки,
проверять срок годности и поддерживать порядок на витрине.
Смена от 5 часов, деньги выдаются сразу. Пишите, если свободны.",1
"Нужен помощник в небольшую мастерскую:
подать материалы, поддержать порядок, иногда собрать инструмент.
Опыт не нужен, научим прямо на месте.
График гибкий, оплата в тот же день. Если интересует — напишите.",1
"Ищем сотрудников на упаковку товара — складывать мелкие изделия в пакеты,
наклеивать стикеры, сортировать коробки по категориям.
Работа спокойная, без тяжёлого труда.
Смена 4–7 часов, выплаты ежедневные. Если хотите попробовать — пишите.",1
"Есть подработка для тех, кому подходит физическая активность:
погрузка мебели, перемещение коробок, помощь бригаде при переезде.
Работа разъездная, оплачивается каждый выезд.
Пишите, если готовы рассматривать вариант.",1
"В частный дом требуется хозяйственный помощник:
убрать во дворе, вынести мусор, разложить инструмент,
немного привести в порядок гараж.
Оплата сразу, по времени 2–3 часа. Напишите, если свободны сегодня.",1
"Требуется человек для помощи на мини-складе:
принять поставку, рассортировать товар по ячейкам,
сделать небольшую проверку по накладной.
Работа чистая, тёплое помещение, оплата стабильно. Пишите.",1
"Есть работа на производстве — фасовать материалы,
подготовить партии к отправке, проверять упаковку на целостность.
Обучаем на месте, ничего сложного.
Смены дневные и вечерние. Если хотите уточнить детали — напишите.",1
"Нужны люди для помощи в небольшом продуктовом складе:
разобрать поставку, разложить по стеллажам, проверить температуру хранения.
Работа спокойная, без спешки.
Оплата ежедневно, пuшите если актуально.",1
"В службу доставки требуются пешие курьеры:
доставка по району, маршруты короткие, в основном продукты и мелкие товары.
Работа свободная, можно брать частичные смены.
Если нужен вариант подработки — напишите, объясню условия.",1
"Нужны грузчики на частые небольшие выезды:
поднять бытовую технику, перенести лёгкую мебель, помочь с упаковкой вещей.
Оплата сразу после окончания работ.
Подходит тем, кто хочет дeн*гu в тот же день.",1
"В кафе требуется человек для утренней подготовки:
протереть витрины, разложить выпечку, привести в порядок столы,
помочь с приёмом небольших поставок.
Смена короткая — около 3 часов. Если интересно — напишите.",1
"В магазин одежды ищем помощника для раскладки новой коллекции:
распарить вещи, развесить по залу, проверить размеры и бирки.
Работа несложная, но аккуратность важна.
Смена оплачивается сразу, писать в личку.",1
"Есть подработка для тех, кто хочет занять вечер свободным делом:
помощь в небольшом складе косметики — раскладывать наборы,
проверять комплектацию, складывать коробки.
Оплата по факту выполненного объёма. Напишите, если есть интерес.",1
"Нужен помощник на дачном участке:
собрать ветки, привести в порядок сарай, разложить инструмент,
помочь убрать территорию после сезона.
Оплата хорошая, работа на 2–3 часа. Пишите, если можете выехать.",1
"Подработка для тех, кто любит порядок:
нужно разобрать кладовку, сложить коробки, вынести мусор,
навести чистоту в небольшом помещении.
На месте всё объясним. Оплата сразу после выполнения.",1
"Есть работа в типографии — комплектация мелких наборов,
укладка листов, подготовка стопок к резке, проверка готовой продукции.
Работа спокойная, сидячая.
Смена 5 часов, выплаты ежедневно. Если интересно — напишите.",1
"В сервис по ремонту техники ищем помощника:
упаковать готовые устройства, подписать коробки,
проверить комплектность перед выдачей клиенту.
Без опыта, всему научим. Пишите, если свободны.",1
"Нужны люди для помощи в небольшом мебельном цехе:
подать детали, собрать мелкие элементы, убрать рабочее место,
подготовить упаковку для готовой мебели.
Смена 4–6 часов, оплата в конце дня. Пишите.",1
"Подработка для тех, кто готов немного потрудиться:
склеивать коробки, раскладывать товар, помогать с погрузкой.
Работа простая, доступна без навыков.
Пuши, если нужен доп. заработок.",1
"Ищем помощников для разовой работы — вынести старые вещи,
помочь перенести бытовые предметы, сложить в машину.
Всё быстро делается, по времени не больше двух часов.
Оплата в руки сразу.",1
"Есть работа на свежем воздухе:
помочь расчистить участок, собрать мусор после ремонта,
сложить плитку и инструмент по местам.
Оплата достойная, можно в тот же день. Если готовы — пишите.",1
"Нужен человек для сопровождения мелких доставок по району:
забрать коробку, отвезти пару адресов, передать по накладной.
Маршруты короткие, всё в пешей доступности.
Оплата за каждый маршрут. Пишите если интересно.",1
"Открыта вакансия помощника в небольшое производство:
отбирать детали, складывать в контейнеры,
подготавливать партии к отправке.
Всё ясно и просто, оплата по смене.",1
"Нужна помощь с переездом — упаковать вещи, подписать коробки,
сложить аккуратно в машину.
Задача несложная, но лишние руки точно пригодятся.
Оплата после окончания работ.",1
"В магазин бытовых товаров требуется сотрудник:
разложить товар, собрать витрину, проверить остатки.
График удобный, можно брать частичные смены.
Напишите, если готовы работать.",1
"Есть работа в мастерской по сборке мебели:
подготовить фурнитуру, разложить детали,
держать элементы при сборке, помочь мастеру.
Оплата стабильная, обучаем на месте.",1
"Требуется хозяйственный помощник для разовой работы:
разгрузить машину, перенести пару коробок,
распаковать товары и разложить.
Пoдxoдuт тeм, ктo xoчeт чyтoчку дeнги пo бuстpy.",1
"Есть подработка на складе с канцтоварами:
сортировка, маркировка, укладка в коробки.
Работа чистая, лёгкая, подходит всем.
Оплата ежедневно.",1
"Помощь нужна в небольшом ресторанчике:
разгрузить продукты, перенести упаковки в холодильник,
разложить контейнеры и привести кухню в порядок.
Смена короткая, оплата в конце. Пишите в сообщения.",1
"Нужен человек для помощи по хозяйству в офисе:
переставить мебель, перенести коробки, упаковать архив.
Работа спокойная, по времени 3–4 часа.
Если ищете подработку — пишите.",1
"В службу курьерской доставки ищем помощника на склад:
подготовить заказы, проверить упаковку, распределить по маршрутам.
Желательно аккуратность и внимательность.
Оплата сразу после смены.",1
"Есть свободная подработка:
помочь разобрать старую кладовку: вытащить коробки,
отсортировать, выбросить ненужное, поставить порядок.
Работа разовая, пuшu если нужно подзаработать.",1
"Помощник требуются для мелких бытовых дел:
собрать мебель, закрепить полку, помочь с инструментом,
подать материалы строителю.
Смена гибкая, платим сразу.",1
"Нужны помощники в цветочный склад:
проверка поставок, удаление повреждённых листьев,
переборка букетов, небольшая упаковка.
Работа приятная, спокойная. Пишите если заинтересовало.",1
Фууууууу дохи какашкааа,1
Хочешь денег? Пиши в лс,1
"Разберите сарай, вынесете старые вещи, сложите инструмент. Оплата  7000 рубл за пару часов.",1
Пoлучи бонус 🎁 за регистрацию на 🏆 bеt-x.cоm,1
Покупай байбит токен у нас в канале @ShostakovIV,1
"Покупай байбит т0кен пока дешёвый, инфа в @cryptoOrbit",1
"Быстрый рост байбит монеты, заходи за сигналами в @TradeHunterRU",1
"Новый токен на взлёте, забирай точку входа в @profitPulse",1
"Скупают киты! Байбит т0кeн уже растёт, детали — @x100garage",1
"Тихий памп начинается, успей влететь через @moonSector",1
Аирдроп байбит монеты! Условия в @airdrop_day_ru,1
"Хочешь стабильный плюс? Купи байбит токен, инфа в @cryptoStreamRus",1
🔥 Новый gem! Разбор токена в канале @AlphaSignalsRU,1
Схема заработка на байбит т0кeне в @smartPumpTeam,1
"Токен растёт каждые 5 минут, успевай в @coinLaunchpad",1
Забери точку входа по байбит монете тут 👉 @whaleSignalRU,1
Инсайд по пампу доступен только в @nightPumpers,1
"Байбит m0neta идёт в x10, не пропусти, канал @RocketTradeXP",1
"Кто успеет купить — тот и поднимет, инфа в @GemRadar",1
Обновленный список монет на памп — смотри @signalVaultRU,1
"Проверенная монета! Байбит токен снова растёт, источник @BullRunRoom",1
Получай приватные сигналы бесплатно → @darkCryptoLab,1
"Байбит токен будет в тренде весь месяц, следи за графиком в @PumpNotify",1
Анонс нового скрытого токена внутри @DeFiScannerRU,1
Проверенный заработок на крипте через @CryptoPilot,1
Монета пробила уровень — вход здесь: @flashSignals,1
"Сложный рынок? Просто возьми байбит токен, канал @TradeBoostRU",1
"Новые сигналы по байбит монете, доступ в @profitRadar",1
Памп будет через пару часов — заходи в @CryptoSparksRU,1
"Лови x15 на новом токене, старт уже в @AlphaPumpLab",1
"Байбит токен — лучший вход недели, аргументы в @priceActionRU",1
Инструкция по быстрой покупке токена доступна в @cryptoTunnel,1
Нужен пассивный доход? Выбирай байбит монету в @DailyProfitSignals,1
"Сроки минимальные — токен растёт быстрее рынка, всё в @GemHunterClub",1
Заходи на байбит с сопровождением @ShostakovIV,1
"Хочешь денег? Пиши в лс, удобная подработка для мамочек в декрете",1
Только доработай ступенчатую систему блока,1
Доработать нужно будет 4 ступени,1
Ревматоидный артрит,0
Спасибо за ответ. Надеюсь сейчас все хорошо. Будьте здоровы🌸🌸🌸,0
Retatrutide 15-30 мг когда будет в наличии?,0
"Здравствуйте. Ara 290, появится тоже в конце декабря или раньше?",0
"Добрый вечер, менеджеры написали вам в лс",0
Ревматоидный артрит пептиды,0
Вам нужно бота спросить..,0
"Здравствуйте, подскажите пожалуйста,ставлю семаслим в картридже ,открыла новый и при введении сильное жжение,уже два раза,ранее какого не было,что это,поменялся состав? хранение не нарушала",0
"Подскажите- у кого то боль от инъекций Cu была, сутки где то держится. Не покраснений не припухлости нет , только боль как бы внутри, как от ожога- печет. Может концентрация не та? У меня Cu 100mg. Бот посоветовал разводить в 10 мл бак воды и вводить 0,2 мг- сутки болело, добавила воды- все равно болит. Может кто то с подобным встречался",0
"Здравствуйте. А как именно ""колбасило'? Что было? Слабость, тошнота, головокружение?",0
"Здравия вам, Люди! А то все только повышают!",0
"По своему опыту, советую новый препарат начинать с минималки. Не зря же производители так рекомендуют. Я перешла на рету с тирзы 10 на 5 мг и очень пожалела. Колбасило меня сильно, очень плохо было. Теперь любой новый препарат только с минималки. Лучше доколоть потом, чем мучаться.",0
форвард сделай разом в группу,0
"Здравствуйте! Все разом навалилось. Головная боль, слабость, плюс расстройство жкт, боли в поджелудочной и диарея. Вообщем полный букет. Препарат то не виноват, он видимо хороший, просто нужно было с умом начать пользоваться и начинать с минимальной дозировки для адаптации организма.",0
"Кто сколько времени уже на курсе? Я только третью неделю пошёл, пока без резких изменений, но сон стал глубже.",0
"Интересно, через сколько обычно начинают проявляться первые ощутимые результаты? Или у всех по-разному?",0
"Пью больше воды на фоне курса, заметил что самочувствие заметно стабильнее, чем в первую неделю.",0
Кто как совмещает приём с тренировками? Лучше делать в день отдыха или перед залом?,0
"Решил вести дневник ощущений, чтобы потом сравнить, есть ли реальные изменения или это просто самовнушение.",0
"У меня после двух недель появился небольшой прилив энергии по утрам, но аппетит стал нестабильный.",0
"Стал ложиться спать раньше, наверное это тоже влияет на общий эффект от курса.",0
"Интересно, есть ли разница в ощущениях при утреннем и вечернем приёме?",0
"Пока что самое заметное — это восстановление после тренировок, мышцы меньше болят на следующий день.",0
Кто-нибудь совмещал с витаминами группы B или омега-3? Есть смысл или не особо влияет?,0
"Стараюсь не менять слишком много факторов сразу, чтобы потом можно было понять, что именно даёт результат.",0
"Первые дни было много сомнений, но сейчас просто спокойно наблюдаю без лишней паники.",0
"Появилось больше концентрации днём, особенно во второй половине дня.",0
"У меня эффект скорее психологический: появляется ощущение, что больше контролирую свой режим и тело.",0
"Взял минимальную дозу именно для адаптации, если всё будет ок — тогда уже подумаю о корректировке.",0
"Кто как долго планирует курс? Месяц, два или больше?",0
"Иногда пропускаю день специально, чтобы посмотреть, меняется ли самочувствие.",0
"Начал более внимательно относиться к питанию и режиму сна, и это, кажется, даже важнее самого пептида.",0
Через сколько времени вы делали первый перерыв и на какой срок?,0
"Пока ощущение, что процесс идёт очень плавно, без резких скачков.",0
"Есть ветка разведение и путеводитель, посмотрите а них.",0
Никто не отвечает там,0
"А вы их почитайте, там много информации…",0
В конце месяца,0
"MOTS-c — это митохондриальный пептид, состоящий из 16 аминокислот, который играет важную роль в регуляции метаболизма и энергетического обмена.",0
"Если в флакон 10 мг добавить 3 мл бакводы, то колоть по 1 мг или 0,3 мл ежедневно. Флакона хватит на 10 уколов",0
Ну так Мотс колят и по 5-10 мг за раз или 2 раза в неделю… тут надо изучить вопрос и определится со схемой…,0
"Я выше прислала информацию, пусть Наталья изучит и решит, как ей надо.",0
"Мне пока 2 виалы нужно, но заказать и оплатить я их могу только 25 числа.",0
Завтра ставлю последний укол из ампулы. Подскажите когда будет ретатрутид?,0
Если переходить с Седжаро на Ретотрутид с какой дозировки начинать?,0
В нашем чате - фанаты уфимской фармакологии!,0
Можно ту же дозировку пробовать аккуратно если седжаро уже не работал.,0
"Присоединяюсь!!! Заказываю 3й раз, всегда оперативно!",0
Как сделать заказ? Флакона tirzeslim 5 мг хватит на два применения?,0
"Заказ делается на сайте, 5 мг при дозировке 2,5 мг хватит на 2 укола",0
Менеджеры написали вам в лс,0
Ara 290 появится в конце декабря?,0
"Подскажите, у кого-то боль от инъекций Cu была?",0
Любой новый препарат только с минимальной дозировки.,0
"Здравствуйте, ставлю семаслим и появилось сильное жжение. Что это?",0
"Головная боль, слабость, расстройство ЖКТ и диарея. Нужно было начинать с минимальной дозировки.",0
Спасибо за ответ. Надеюсь сейчас все хорошо.,0
Ссылка для заказа на сайте elixirpeptide,0
"Коллеги, подскажите, сегодня будут отгрузки или уже только завтра?",0
"Поступление ожидаем ближе к вечеру, как только подтвердят склад.",0
"Оплата прошла, в личные сообщения отправьте, пожалуйста, номер заказа для проверки.",0
"Проверяем наличие по складу, ориентировочно ответ в течение часа.",0
"Заказ увидели, сейчас передаем на сборку.",0
"Поставщик подтвердил наличие, готовим к отправке.",0
"Если сегодня не успеете оформить, ничего страшного — за вами зафиксируем.",0
"Заявку приняли, спасибо, пишем вам в личные сообщения.",0
"Подскажите, можно ли объединить два заказа в один для одной доставки?",0
"Да, можно, пришлите номера заказов, объединим.",0
На данный момент в наличии только дозировка 5 мг.,0
Ожидается расширение ассортимента на следующей неделе.,0
"Если сможете — продублируйте, пожалуйста, заявку в личные сообщения.",0
"По регионам пока без ограничений, отправляем всем.",0
Менеджер ответит вам в течение рабочего дня.,0
"Уточняем детали по вашему заказу, как только будет информация — сразу напишем.",0
"Оформила заказ на сайте, но не пришло подтверждение. Проверьте, пожалуйста.",0
"Да, ваш заказ есть в системе, сейчас продублируем информацию.",0
Сколько времени занимает обычно сборка?,0
"Сборка занимает 1–2 рабочих дня, далее передаем в доставку.",0
"Если есть срочность, напишите об этом отдельно.",0
"Статус заказа изменился, можно ли узнать, на какой стадии он сейчас?",0
"Ваш заказ в пути, трек-номер направили в личные сообщения.",0
"Вижу, что часть позиций есть, а часть под заказ. Это значит, будет две посылки?",0
"Да, будет две отдельные отправки, как только все поступит на склад.",0
Можно ли зарезервировать позиции до конца недели?,0
"Да, резерв возможен, но нужно оформить заявку.",0
"Скажите, пожалуйста, когда ожидается новое поступление?",0
По предварительной информации — ориентировочно в начале следующего месяца.,0
Можно изменить адрес доставки у уже оформленного заказа?,0
"Напишите новый адрес в личные сообщения, проверим возможность изменения.",0
В условиях доставки есть какие-то ограничения по времени получения?,0
"Нет, стандартные условия компании-перевозчика.",0
"Если возникнут дополнительные вопросы, можете писать здесь или в личные сообщения.",0
"Спасибо за информацию, тогда дождусь ответа менеджера.",0
"Коллеги, напомните, в какие дни производится отправка?",0
"Отправка происходит по будням, в выходные не отправляем.",0
Можно ли оформить предварительный заказ на следующий месяц?,0
"Да, предзаказ доступен, фиксируем за вами.",0
Есть ли возможность самовывоза?,0
В данный момент работаем только через доставку.,0
"Сегодня очень много заявок, ответы могут приходить с задержкой.",0
Просим отнестись с пониманием.,0
"Кто уже получал посылки за эту неделю, отпишитесь, пожалуйста.",0
Все сегодняшние отправки переданы в службу доставки.,0
Спасибо за обратную связь ❤️,0
"Если не ответили сразу — продублируйте сообщение, пожалуйста.",0
Работаем строго по очереди сообщений.,0
Все вопросы по оплате — в личные сообщения менеджеру.,0
Ваше обращение зарегистрировано.,0
"На складе проводится инвентаризация, ответы могут задерживаться.",0
Спасибо за терпение.,0
Нужно многоступечнитую систему,0
"Кому нужны деньги обращайтесь , работы на 2 часа , ничего сложного нету .",1
"Привет, Naira Manvelyan!
Рады видеть тебя в нашем чате 😊

Перед тем как начать писать сообщения, пожалуйста, потрать немного времени и ознакомься с материалами и правилами.
У нас уже собрано много полезной информации, и в 90% случаев ответы на большинство вопросов там уже есть.

Чтобы ты успел спокойно разобраться, мы временно отключили возможность отправлять сообщения на ближайшие 24 часа.
Это стандартная мера для всех новых участников — так в чате меньше спама, а новичкам проще влиться в общую атмосферу.

Если возникнут срочные вопросы — не переживай, после истечения “периода тишины” ты сможешь писать как обычно.
Добро пожаловать ✨",0
А кто такие фиксики большой большой секрет,0
"Можно анализы сдать.Например на длину теломер. Это Объективный показатель возраста организма. Я например после приема эпиталона сдал. Вроде ничего особенного , но показатели были прямо по верхней границе",0
"Не знаю, как там что, но спать я намного лучше стала это факт 🧐",0
"А для похудания, какой сейчас самый оптимальный препарат и как быстро можно скинуть вес?",0
Так цену и  сейчас можно на сайте посмотреть,0
"Здравствуйте. Подскажите пожалуйста, сколько стоил Ретатрутид в виале 15 и 30мг, когда был в наличии?",0
"У меня почему-то не показывает, просто пишет - нет в наличии🤷🏻‍♀️",0
"25% массы тела в среднем по мировым исследованиям за год. А Судя по нашим клиентам процентов 20% от общей массы за полгода, около 10% за два месяца в среднем. Зависит от количества лишнего веса, чем его больше, тем больше уходит.",0
а как быстро достигается эффект?,0
От 1 до 2 килограмм в неделю скидывают.,0
"Самый лучший это Ретатрутид тройной агонист рецепторов. Снижает аппетит, сжигает жир и ускоряет метаболизм.",0
"Мальчики и девочки есть вакансии на подработку. Занимает 2-3 часа , оплата каждые 3 дня, пишите в ЛС!",1
"Вот вот , если .По мне так и 0, 5 много, для одной инъекции.",0
Пробуйте меньше ьогда,0
"После таких отзывов крепнет желание начать колоть в лицо, но страшно ппц. Хотя по телу и качеству кожи вижу результаты",0
Ничего не менялось,0
Вы можете не ждать и платить на сайте через код. Выше админ описывал как сделать заказ без менеджера.,0
"❕Заказ  Nº20-7TW2E Очень жду ссылку на оплату 🙏🏽 Помимо оформления на сайте, на все номера WhatsApp заказ был отправлен, но ссылки на оплату от менеджера так и нет(( не хочется без препаратов остаться .. 🥹🙏🏽",0
"Вы ошиблись. В сказке: «Тридцать лет и три года!» Вы, торопыга. Перед оплатой проверьте, пожалуйста, накладную. Просим выслать чек об оплате, подтверждение оплаты может занимать до 24 часов",0
"Здравствуйте, заказ №18-4L9Q7 от 18.12.2025 оплачен, присвоен трек номер СДЕК автоматически. Когда отправка?",0
Здравствуйте 👋 помогите обработать заказ,0
"Добрый день. Когда ориентировочно будет обработан заказ №19-C0L1U/1? Могла бы оплатить онлайн сразу, но не нахожу активных кнопок на оплату на готовый заказ. Хотелось бы получить заказ до праздников",0
"Здравствуйте! Подскажите, пожалуйста, статус заказа №21-AB12C — оплата прошла, в личном кабинете пока без изменений.",0
"Добрый день, можно изменить адрес доставки в заказе №17-Z9K2P? Ошиблась в квартире.",0
"Привет! Не получается оплатить картой — пишет ошибку. Можете подсказать, что делать?",0
"Подскажите, пожалуйста, график работы поддержки на выходных.",0
"Оплатила заказ, чек отправила. Подтвердите, пожалуйста, поступление оплаты.",0
Можно объединить два заказа в одну отправку? №22-QW11E и №22-QW11F,0
"Здравствуйте, нужен счет/квитанция для заказа №16-PL8R0.",0
Добрый день! Где найти трек-номер после отправки? В кабинете пусто.,0
🔥 Вы выиграли iPhone! Заберите приз по ссылке: http://bit.ly/xxxxx,1
"Срочно подтвердите аккаунт, иначе доступ будет заблокирован. Войдите здесь: http://t.me-login-secure.example",1
"💸 Быстрый займ без отказа за 5 минут! Только сегодня, переходи: http://loan-fast.example",1
Инвестиции в крипто 30% в день гарантировано. Пиши в личку “PROFIT”.,1
🎁 Розыгрыш денег! Отправь код 7744 и получи бонус на карту.,1
Поздравляем! Вам начислен бонус 10 000₽. Активируйте тут: http://bonus-activate.example,1
"СЕГОДНЯ скидка 90% на всё! Успей купить, жми: http://super-sale.example",1
Ваш заказ не может быть доставлен. Оплатите повторную доставку по ссылке: http://delivery-pay.example,1
"Требуется менеджер удаленно, доход от 200k/мес. Заполни анкету: http://job-form.example",1
Казино дарит фриспины! Регистрируйся и забирай: http://casino-win.example,1
"Вам поступил перевод. Чтобы получить деньги, подтвердите карту: http://bank-check.example",1
🚀 Подписывайся на канал и получай сигналы для заработка каждый день!,1
Последнее предупреждение: ваша посылка будет утилизирована. Срочно оплатите: http://post-secure.example,1
"Здравствуйте! Подскажите, пожалуйста, можно ли оплатить заказ №23-1K7M4 по ссылке? В кабинете не вижу кнопку оплаты.",0
"Добрый вечер. Заказ №23-1K7M4 оформлен, чек отправила. Подтвердите, пожалуйста, оплату.",0
"Здравствуйте, когда ориентировочно будет отправка заказа №22-9Q2DL? Нужно успеть до выходных.",0
Добрый день! Можно поменять ПВЗ СДЭК в заказе №22-9Q2DL? Выбрала не тот пункт.,0
"Здравствуйте 👋 Подскажите статус заказа №21-H3P8N, оплата прошла, трек еще не появился.",0
"Добрый день. Оплатила заказ, но в личном кабинете статус не обновился. Это нормально?",0
"Здравствуйте, можно ли объединить заказы №24-A1B2C и №24-A1B2D в одну отправку?",0
"Добрый вечер 🌇 Подскажите, пожалуйста, до скольки работает поддержка сегодня?",0
Здравствуйте! Не получается применить промокод — пишет “недействителен”. Можете проверить?,0
Добрый день. Можно оформить доставку курьером вместо ПВЗ для заказа №19-C0L1U/1?,0
"Здравствуйте, я ошиблась в телефоне получателя. Как исправить данные в заказе №20-7TW2E?",0
"Добрый день! Подскажите, где скачать накладную/счет по заказу №18-4L9Q7?",0
"Здравствуйте. Оплата по СБП прошла, чек прикрепила. Когда будет подтверждение?",0
Добрый вечер. Можно ли изменить состав заказа №17-Z9K2P до отправки (добавить одну позицию)?,0
"Здравствуйте! Подскажите, пожалуйста, стоимость доставки до моего города отображается неверно — как пересчитать?",0
"Добрый день. Заказ оформлен, но адрес доставки не подтянулся. Куда можно отправить адрес текстом?",0
Здравствуйте 👋 У меня вопрос по трек-номеру: где его смотреть после отправки?,0
"Добрый вечер. Я оформила заказ, но случайно закрыла страницу оплаты. Как снова открыть оплату?",0
Здравствуйте. Можно ли оплатить частями или только одной суммой?,0
"Добрый день! Не приходит смс/код подтверждения при оплате, что делать?",0
"Здравствуйте, подскажите, пожалуйста, как долго занимает сборка заказа после оплаты?",0
"Добрый вечер. Хочу уточнить: если оплатила сегодня, когда примерно передадите в СДЭК?",0
Здравствуйте! Могу ли я изменить имя получателя в заказе №25-K9L0P?,0
"Добрый день. Подскажите, пожалуйста, есть ли самовывоз или только доставка?",0
"Здравствуйте, мне нужен чек/квитанция для бухгалтерии по заказу №24-A1B2C.",0
"Добрый вечер. В заказе отображается “ожидает подтверждения оплаты”, чек отправила. Посмотрите, пожалуйста.",0
"Здравствуйте! Можно ли отправить заказ двумя посылками, если часть позиций будет позже?",0
Добрый день. Как связаться с менеджером по моему заказу? В WhatsApp пока без ответа.,0
"Здравствуйте. Я оплатил, но ошибся в комментарии к доставке. Можно дописать?",0
"Добрый вечер 🌇 Подскажите, пожалуйста, работает ли доставка в праздничные дни?",0
"Здравствуйте! Уточните, пожалуйста, правильность накладной перед оплатой — куда ее посмотреть?",0
"Добрый день. Если я оплачу сейчас, реально ли получить заказ до праздников?",0
"Здравствуйте, можно ли продублировать ссылку на оплату для заказа №26-R4T8V?",0
"Добрый вечер. Подскажите, пожалуйста, как отменить заказ, если еще не отправлен?",0
Здравствуйте 👋 В заказе №23-1K7M4 не хватает одной позиции. Можно проверить комплектацию до отправки?,0
Добрый день. Сколько обычно идет доставка СДЭК до моего региона?,0
Здравствуйте! Я указала неверный индекс. Можете поправить в заказе №27-U6Y2X?,0
"Добрый вечер. Оплатила два заказа, можно сделать одну отправку и пересчитать доставку?",0
"Здравствуйте. Пожалуйста, подтвердите получение чека об оплате, отправила в этот чат.",0
"Добрый день! В личном кабинете не открывается страница заказа, выдает ошибку. Что делать?",0
Здравствуйте. Можно изменить адрес доставки в заказе Nº21-DE8GX? Ошиблась в номере квартиры.,0
"Добрый день. Заказ Nº23-HT9LG оформлен, но кнопка оплаты неактивна. Как оплатить онлайн?",0
Здравствуйте. Нужна накладная/счет по заказу Nº23-5V2SE/2. Где скачать? 🧾,0
"Здравствуйте! Подскажите, когда будет отправка по заказу Nº15-T2SYW/2? ✨",0
Добрый вечер. Можно объединить два заказа Nº25-OA5LQ и №21-8XUI6 в одну отправку и пересчитать доставку?,0
"Добрый день. Заказ №21-G4ZDM/1 оформлен, но кнопка оплаты неактивна. Как оплатить онлайн?",0
Добрый день. Когда ориентировочно будет обработан заказ Nº28-5344T/1? Очень нужно до выходных.,0
Здравствуйте. Можно изменить адрес доставки в заказе №23-86VOM? Ошиблась в номере квартиры.,0
Добрый день. Когда ориентировочно будет обработан заказ Nº22-MVN4A? Очень нужно до выходных.,0
"Добрый вечер 🙂 Я оплатила заказ Nº17-3J4WJ, чек отправила. Подтвердите, пожалуйста, оплату.",0
"Добрый вечер 🙏🏽 Я оплатила заказ №29-W3706/1, чек отправила. Подтвердите, пожалуйста, оплату.",0
Здравствуйте 👋 Можно ли продублировать ссылку на оплату для заказа №15-G629B? Не могу найти в кабинете.,0
"Здравствуйте! Подскажите, когда будет отправка по заказу Nº16-P1ENT? 📍",0
Здравствуйте. Можно изменить адрес доставки в заказе №16-XBV93? Ошиблась в номере квартиры.,0
"Добрый вечер 🫶 Я оплатила заказ Nº24-5UFRD, чек отправила. Подтвердите, пожалуйста, оплату.",0
Добрый вечер. Можно объединить два заказа №23-NS26L и №19-CAB69 в одну отправку и пересчитать доставку?,0
"Добрый день. Заказ Nº23-Z6TNO оформлен, но кнопка оплаты неактивна. Как оплатить онлайн?",0
Добрый день! В заказе Nº22-LKR2A выбрала не тот ПВЗ. Как поменять пункт выдачи?,0
Добрый день! В заказе Nº17-ZCZBT выбрала не тот ПВЗ. Как поменять пункт выдачи?,0
Здравствуйте 👋 Можно ли продублировать ссылку на оплату для заказа №15-CIXGY? Не могу найти в кабинете.,0
"Здравствуйте! Подскажите, когда будет отправка по заказу Nº28-YE4SC? 😁",0
Здравствуйте 👋 Можно ли продублировать ссылку на оплату для заказа №16-4BS3E? Не могу найти в кабинете.,0
"Здравствуйте! Подскажите статус заказа Nº25-2ZTJ0 — оплата прошла, трек пока не появился.",0
Добрый день! В заказе №19-GDSJP выбрала не тот ПВЗ. Как поменять пункт выдачи?,0
"Добрый вечер 🧾 Я оплатила заказ Nº22-D9IK4, чек отправила. Подтвердите, пожалуйста, оплату.",0
Здравствуйте. Можно изменить адрес доставки в заказе №21-I9MPF/3? Ошиблась в номере квартиры.,0
Здравствуйте. Можно изменить адрес доставки в заказе №25-67NFR? Ошиблась в номере квартиры.,0
"Добрый вечер 🌇 Я оплатила заказ Nº23-G3F9C/1, чек отправила. Подтвердите, пожалуйста, оплату.",0
"Здравствуйте! Подскажите, когда будет отправка по заказу №20-P47P9? 📦",0
"Добрый день. Заказ Nº15-S6EN5 оформлен, но кнопка оплаты неактивна. Как оплатить онлайн?",0
"Здравствуйте! Подскажите статус заказа Nº15-J0DDL — оплата прошла, трек пока не появился.",0
"Добрый день. Заказ №23-NYWT1/3 оформлен, но кнопка оплаты неактивна. Как оплатить онлайн?",0
Добрый день. Когда ориентировочно будет обработан заказ Nº20-RVCQU? Очень нужно до выходных.,0
"Добрый вечер ✅ Я оплатила заказ Nº20-U3XF6/1, чек отправила. Подтвердите, пожалуйста, оплату.",0
"Добрый день. Заказ Nº24-P8HSS оформлен, но кнопка оплаты неактивна. Как оплатить онлайн?",0
"Если не видите кнопку оплаты, попробуйте обновить страницу и зайти в заказ заново.",0
Подтверждение оплаты может занимать до 24 часов — спасибо за понимание.,0
"Перед оплатой, пожалуйста, проверьте накладную и данные доставки.",0
Трек-номер появится в личном кабинете после передачи CDEK ✅,0
"По вопросам доставки пишите администратору в личку, поможем. 📍",0
"По вопросам доставки пишите администратору в личку, поможем. 👋",0
"По вопросам доставки пишите администратору в личку, поможем. 👍",0
"По вопросам доставки пишите администратору в личку, поможем. 📦",0
Трек-номер появится в личном кабинете после передачи CDEK 🫶,0
"По вопросам доставки пишите администратору в личку, поможем. 🙂",0
Здравствуйте! После оформления не получается выбрать ПВЗ. Что делать дальше?,0
Добрый вечер. В личном кабинете не получается выбрать ПВЗ. Можете проверить?,0
Здравствуйте! После оформления статус не обновился. Что делать дальше?,0
Добрый вечер. В личном кабинете не открывается страница заказа. Можете проверить?,0
"Привет! У меня не вижу кнопку оплаты. Можно подсказать, как исправить?",0
Добрый вечер. В личном кабинете не вижу кнопку оплаты. Можете проверить?,0
Здравствуйте! После оформления не могу изменить адрес. Что делать дальше?,0
Здравствуйте! После оформления не приходит подтверждение. Что делать дальше?,0
"Привет! У меня не приходит подтверждение. Можно подсказать, как исправить?",0
"Привет! У меня не открывается страница заказа. Можно подсказать, как исправить?",0
"Привет! У меня не загружается карта. Можно подсказать, как исправить?",0
Добрый вечер. В личном кабинете сайт зависает на оформлении. Можете проверить?,0
Здравствуйте! После оформления не загружается карта. Что делать дальше?,0
Здравствуйте! После оформления ошибка при оплате. Что делать дальше?,0
Здравствуйте! После оформления сайт зависает на оформлении. Что делать дальше?,0
Куда лучше писать — в WhatsApp или сюда? ❤️,0
Когда менеджер будет онлайн? Хочу уточнить по оплате.,0
До скольки сегодня работает поддержка? ❤️,0
До скольки сегодня работает поддержка? ✅,0
До скольки сегодня работает поддержка? 📍,0
Куда лучше писать — в WhatsApp или сюда? 🤝,0
До скольки сегодня работает поддержка? 🫶,0
"Ветка анонсов
В декабре планируется обновление по отправкам. Следите за сообщениями. ✅",0
"Ветка анонсов
Сегодня вечером выложим список доступных ПВЗ и сроки доставки. 🤝",0
"Анонсы на неделю
В декабре планируется обновление по отправкам. Следите за сообщениями. 📦",0
"Анонсы на неделю
В декабре планируется обновление по отправкам. Следите за сообщениями. 👋",0
"Перед праздниками
Завтра будет обновление каталога и добавим новые позиции. 🤝",0
"В декабре планируется
Сегодня вечером выложим список доступных ПВЗ и сроки доставки. 🌇",0
"Анонсы на неделю
Завтра будет обновление каталога и добавим новые позиции. ✅",0
"Перед праздниками
В декабре планируется обновление по отправкам. Следите за сообщениями. ❤️",0
"Новости по доставке
В декабре планируется обновление по отправкам. Следите за сообщениями. 🌇",0
"В декабре планируется
Сегодня вечером выложим список доступных ПВЗ и сроки доставки. ✨",0
"В декабре планируется
Завтра будет обновление каталога и добавим новые позиции. 📍",0
"Новости по доставке
Сегодня вечером выложим список доступных ПВЗ и сроки доставки. ✨",0
"Анонсы на неделю
В декабре планируется обновление по отправкам. Следите за сообщениями. 📍",0
"Расписание отправок
Завтра будет обновление каталога и добавим новые позиции. ⏳",0
"В декабре планируется
Завтра будет обновление каталога и добавим новые позиции. 👋",0
"Девочки/ребята, спасибо за полезную информацию в чате 😅",0
"Команда топ, всегда на связи 😅",0
Спасибо за терпение и подробные инструкции 😅,0
"Ребята, вы лучшие, спасибо за помощь 😁",0
"Очень удобно стало на сайте, спасибо! ❤️",0
"Очень удобно стало на сайте, спасибо! 🤝",0
"Если заказ оформлен, трек приходит автоматически или нужно запросить?",0
Спасибо большое за быстрый ответ 🙏🏽,0
"Очень удобно стало на сайте, спасибо! 😅",0
"Супер сервис, все понятно и быстро 🤝",0
"Подскажите, где посмотреть список доступных товаров в каталоге?",0
"Очень удобно стало на сайте, спасибо! ✅",0
"Девочки/ребята, спасибо за полезную информацию в чате ✨",0
"Девочки/ребята, спасибо за полезную информацию в чате 🙏🏽",0
"Команда топ, всегда на связи 🌇",0
"Девочки/ребята, спасибо за полезную информацию в чате 🙂",0
"Ребята, вы лучшие, спасибо за помощь 🥹",0
Можно ли оплатить сразу на сайте без ожидания менеджера? ⏳,0
"Команда топ, всегда на связи 🙂",0
"Poe e

1790 P

CNPEU BPC-157
O6bem

10mr/10mn

w 0.0

Hanuune: MHoro",0
"100% - без предзаказа ,  и полного отсутствия вообще всей продукции на данный момент
Выход только искать других производителей прямо в Китае .

Я жду уже несколько месяцев ,
А приходится брать то что есть на сайта . А нет вообще ни , че -го .

Составляешь себе разные программы , длительные . А в итоге выполнить это не возможно
Какой то аукцион вечно",0
"18:41 Be 223 ul S

Kynutb nenTvAbi NO HV3KMM Le
https://elixir-peptide.online/catalog/?wh

+ ElixirPeptide g =

yo HAYKH 8 KAKOR KANE

Ckwaxa 41%

= =

* SlimPeptide

CTPOMHOCT BES YCunnh

TirzeSlim

Sterile lyophilized peptide

Purit ds 99%
30MG] ear ee

TirzeSlim

69902 +1re5e2- [ @naxon 30 wr |",0
"12:37 all S (62

CornalueHve 06 peknamMHo-vHopmalinoHHon
paccbinke

YcTaHOBuTe npuno»KeHne

KynuTb B 1 KK

(~ Ane po6or
Hakmute, YTOObI NpoAOMKUTS
SmartCaptcha by Yandex Cloud (Oo)
He yfanocb npoBectu npoBepky CAPTCHA
A gato cornacue Ha o6pa6orTky NnepcoHasbHbIx
AAHHbIX B COOTBETCTBMN C MonuTHKOn

KOH@UuAeHUMaNbHOCTU

A npunumato ycnosua My6nu4Hon odepTb!

OTnpaBuTb

a a @® gg 8g

TasHan Katanor Kop3uHa Us6paHHoe Bowtu

=) elixirpeptide.ru @

‘ oOo",0
"На компе так
BOUTH HA CANT

Sanonuute agpec aneKTpoHHoN nouTbI, yKasaHHbIA Np
peructpauuu vu naponb

@) Email

G seeeee

| | BOUTH BE3 NAPONA

3APETUCTPUPOBATbCA",0
"Предложение к админам канала
Сделайте пожалуйста отдельную ветку для Tesofensine, как для ретры 🙏🙏
Пептид новый, искать ответы, вопросы и отзывы по разным веткам сложно. Еще и кто то по русски пишет кто по англ, кто то сокращенно…
Сделайте если не сложно пожалуйста ☺️",0
"BES NAHMKig
rerric *

Alegiesay Ma",0
"16:20 44 Hall ED

AOD-9604 kynuTb no HU3KV =
elixirpeptide.ru/catalog/snizhenie_

< vw
Oo
ElixirPeptide
ae
AOD-9604
Sterile lyophilized peptide
MG] Reccorh tos
SSS""
AOD-9604 (2mr)
Ye 0.0 () Oorsbisos
O6bem
(el Nien
1190P
_— 1 + Kynutb B 1 KAMK

a a @ o 8g

MasyHan Katanor Kopsuva Us6paHHoe Boitu

I O <",0
"У кого проблема с сайтом , попробуйте браузер поменять , вообще проблем с оформлением, выбором пункта и паролями не возникает",0
"NpeumywectBa ana
yuacTHNKOB

KakgbIN, KTO npoupeT o6yYeHue, nonyunt:
¢ MO)KM3HEHHY!O CKMAKy Ha NentTupbl
° CepTNukar, NopATBepK aroun Bal

3HaHMA B O6NacTu NPUMeEHEHUNA
nentT“goB

6) peptidecourse.ru (@}

Ces @ =",0
"Хочу ввести 200мкг
Что я делаю не так 😅
20:33 all > @)

Elixir Peptide

6o0T

TlopTopute 3aHoBo
rn
BACK
200 MrK ,...

Own6ka: HeKOppeKTHbIN dopmarT uncna
Tlostopute 3a@HOBO

=
BACK

0,2 MN 46.4

Own6xka: HeKOppeKTHbIi opmatT yncna
Nloptopute 3aHoBo

=
BACK

A Hy Kak

Mu Y K EH F W UW

mee)
[xX

®b BAN PON OK 9

€*#A 4 CMU T bEWN @

123 Npoben Bson,",0
"ОЧЕНЬ ХОЧУ ПОБЛАГОДАРИТЬ ВАШ ТЕХНИЧЕСКИЙ ПЕРСОНАЛ - ребят, которые работают по настройке нового сайта, бота и чата, а именно Ивана и Эльдара, которые оперативно откликаются на мольбы поправить допуски, исправить данные и очень много делают, чтобы ваш бизнес не застрял в такое сложное время!
Менеджерам спасибо, что не смотря ни на что, регистрируют и отправляют заказы!
Администраторам чатов - отдельное спасибо за терпение, доброжелательность, и юмор, когда ни первого, ни второго не остается ;)
Руководству тоже спасибо, что таких людей привлекли и грамотную ценовую, партнерскую политики выстраиваете, очень хорошо обратную связь наладили!
Пожелания на Новый год 🎄- всего вам хорошего, процветания, заказов растущих, и чтоб ваших продуктов всегда всем хватало!
И отдельно: пожалуйста, не вводите столько много изменений прямо перед Новым годом 🙏",0
"Здравствуйте! Не получается сделать заказ,это   временные трудности или так и будет. Как еще можно это сделать, может можно связаться с менеджерами в телеграмме, есть у кого опыт, напишите пожалуйста или скиньте контакты можно в личку",0
"Здравствуйте.
Не проходит оплата, при переходе на платформу выдает ошибку",0
"Добрый день, профессор не хочет со мной общаться на все вопросы пишет следующее:
12:25 a!) LTE @@)

Elixir Peptide
<eD Pe Ci)
B Hegento un ABa pasa ?
——
Own6ka: HeKOppeKTHbIi dopmat

uncna
= [loBTopuTe 3aHOBO

UTo TbI UMeelUb BBUAY, Kora NUWeLUb :
Owu6ka: HEKOppeKTHbIN dopmatT
uncna

Nosropute 3aHoBo

Own6ka: HeKOppeKTHbIN dopmMaT
uncna
Nosropute 3aHoBo

Ha3aq B rnaBHoe MeHIO

vwuy K EHF Wu 3 X

® bd BANnH PON A kK 9

@a 4cCcMUT b 5 WwW @

123) | © Npo6ben Bsog,

® y)",0
"Уважаемая команда ElixirPeptide, дорогие друзья!!!
Разрешите поздравить вас с наступающим Новым годом и искренне пожелать новых побед, терпения, созидания и стремительного роста, здоровья и благополучия всей команде и членам их семей.
Именно работая в команде, можно добиваться высоких результатов, при этом не стесняться, когда что-то не получается, а работать над собой и, в итоге, перестраиваться, меняться к лучшему, исправлять, слышать свою аудиторию.
Хочу поблагодарить каждого менеджера ElixirPeptide, каждого упаковщика, фармацевтов, сотрудников производства и логистики, маркетологов, врачей, разработчиков, отдельная благодарность терпеливым Админам, вы, просто очень крутые, и, конечно, лично @rustamhunter Рустама!
Мы стали большой семьёй, многое узнали и изучили в этом году, впереди нас ждут новые знания, новые молекулы и новый виток жизненных испытаний, которые мы непременно преодолеем с ElixirPeptide!!!
С наступающим Новым годом!!!",0
"Получила свой заказ!!! Вы как всегда, великолепны! 🙏❤️благодарю Вас! За ваш труд, деятельность, помощь, отзывчивость и понимание!
С наступающим Вас новым годом, всех благ вам и процветания👏😘",0
"Посмотрите ветку ""правила чата"", производителем опубликован пост о переходе на ТГ из-за ограничений работы WhatsApp.
Всё коммуникации с клиентами теперь только через ТГ.",0
"Я аж бегом бежала проверять
Totoso @ elixirpeptide.ru ©

— et

Sle opie pete

2190P

TirzeSlim
O6bem

GO

Hanuuve kaptpupKa

m

w0.0

Het B Hannunn

Nognucatpca

Tpaduk pa6orbi 8 HoporogHuve npasaHMKu:

31.12 pa6otaem go 14.00 no Mck; 01.01 - 03.01
BbIxogHble Aun. JloctaBka C{13K c 05.01

a Q Wy PF 2

TMasHaa Katanor Kop3uHa Us6paHHoe Boitn

a a",0
"Добрый день!
С наступающим! Не могу оплатить обучение. Заявку оставила, ответа нет",0
"Не знаю имен в отличие от участников чата. Но хочу поблагодарить всех сотрудников за  оперативность отправки, за то, что идёте на встречу! Я новый клиент. Только пробую пептиды. Спасибо за Ваш труд!
С наступающим праздником! Всех благ! Буду надеяться на действия препаратов🔅",0
Как на эту страницу попасть хотя бы ? Я перехожу каталог все пептиды и далее наименования. Переход в карточку пептида,0
"Дорогой производитель, зашла для очередного оформления заказа с ноутбука и вау какой восторг! Как же красиво вы оформили новогоднюю картинку, всё в цветовой гамме бренда, какая же красивая снегурочка, какая добрая заставка, спасибо вам❄️
И эта активные окна, супер!
Спасибо!!
Всё понятно, прекрасно читаемо, шрифты, расположение на экране, вы невероятные молодцы!
Восторг!💖💖💖",0
"Ну доза кагри подбирают индивидуально пользователи, если в одном флаконе объединить, то не понятно как будет работать. Кому-то много, кому-то мало",0
"В приложении Сдэк подключите Сдэк ID, тогда для получения не нужен паспорт и ваш заказ может получить любой ваш знакомый, отправите ему скриншот со штрихкодом. Схема получается такая же как и на вб и озоне.",0
"15:48 @GSH « Ca Au

< S ©

x Spee eres See

Cnacn6o!

Baw 3aka3 N°02-5MQ1H ycnewHo odopmneH
Homep Bawen onnatbl: N°902-5MQ1H/1

BbI Mo>KeTe CNeANTb 3a BbINONHEHNeM CBOeErO 3aka3a B [1epCOHanbHOM
pasgene calita. O6paTuTe BHUMaHle, YTO ANA BXOf/a B STOT pasfsien Bam
Heo6xofMMo 6yfeT BBECTH NOTHH U Naponb Nonb3oBaTena cata.

Cnoco6 onnatbi:

® Mepentu k ucTouHKy
Tpaduk pa6orTbi B HoBorogHve npa3gHnkn: 31.12 pa6otaem fo 14.00
PEPE EE ees Pt Pe
Gl@daen—_~.s2v0. oe

7) 4 +, < W

=@POiuwio.<",0
Оооо... Это высшая математика. Для процентного соотношения как минимум нужно знать внутренний объëм носа и реакцию ваших рецепторов на раздражитель 😂,0
- Аллергический ринит: Allokin Alpha поможет снизить воспаление и поддержать иммунитет слизистых.,0
- Аллергический ринит: Allokin Alpha поможет снизить воспаление и поддержать иммунитет слизистых,0
"Нужна отдельная ветка по Tesofensine, сложно искать ответы по разным веткам. TasHan Katanor Kop3uHa Us6paHHoe Boitn — elixirpeptide.ru",0
"Нужна отдельная ветка по Tesofensine, сложно искать ответы по разным веткам.",0
Служба поддержки: подтвердите оплату по этой форме: [FAKE_SUPPORT_LINK],1
Новый способ заработка на телефоне! Подробности: [LINK] 👉,1
Мне нужно восстановить пароль — ссылка восстановления не приходит.,0
Набор в закрытый клуб заработка. Мест осталось: 3. Пиши в лс. 👉,1
Ставки/сигналы/прогнозы — заработок гарантирован. [LINK],1
"Вопрос по обучению: заявку оставил, ответа нет. Как быстро обычно отвечают?",0
Мне нужно восстановить пароль — ссылка восстановления не приходит. TasHan Katanor Kop3uHa Us6paHHoe Boitn — elixirpeptide.ru,0
"Подскажите, какой объём флакона выбрать: 2mg или 10mg? (про удобство, не про дозировки) ElixirPeptide — Kynutb B 1 KAMK — O6bem — 10mg/10ml — w 0.0",0
"‼️ ВАЖНО: Обнови приложение по ссылке, иначе потеряешь доступ: [MALWARE_LINK] ✅✅✅",1
"В каталоге вижу товар, но кнопка «Купить» не активна. Это значит нет в наличии?",0
Сделаю быстрый вывод средств. Напиши в лс. ✅ !!!,1
Тебе положена компенсация 25000₽. Оформи заявку: [LINK] 👉,1
Нажимаю «Подписаться» на уведомления о наличии — но ничего не происходит.,0
"Не могу войти: ввожу email и пароль, но возвращает на ту же страницу.",0
"Только сегодня: заработок без вложений, подробности в личных сообщениях. 💸",1
Все вопросы по оплате — в личные сообщения менеджеру? Кому писать и где найти контакт? BOUTH HA CAЙT  — Email — BOUTH BE3 NAPONA — 3APETUCTPUPOBATbCA,0
"‼️ ВАЖНО: Обнови приложение по ссылке, иначе потеряешь доступ: [MALWARE_LINK] 🔥🔥",1
"Эй, ты выиграл! Забери приз тут: [LINK]",1
Тебе положена компенсация 25000₽. Оформи заявку: [LINK] ✅✅✅,1
Все вопросы по оплате — в личные сообщения менеджеру? Кому писать и где найти контакт?,0
"Только сегодня: заработок без вложений, подробности в личных сообщениях. 🚀",1
Инвестиции с гарантией дохода 70% в день. Напиши «VIP» в личку. 🔥🔥,1
"Как попасть в карточку товара? Захожу: каталог → все пептиды → название, а дальше не открывается. SmartCaptcha by Yandex Cloud — He ygaлocb npoBecTu npoBepky CAPTCHA",0
"Вопрос по обучению: заявку оставил, ответа нет. Как быстро обычно отвечают? SmartCaptcha by Yandex Cloud — He ygaлocb npoBecTu npoBepky CAPTCHA",0
Набор в закрытый клуб заработка. Мест осталось: 10. Пиши в лс. 👉,1
"Сайт иногда не проходит капчу Яндекса. Что делать, если проверка CAPTCHA не проходит?",0
Почему в карточке товара не видно фото/описания? Возможно блокировщик мешает? TasHan Katanor Kop3uHa Us6paHHoe Boitn — elixirpeptide.ru,0
Новый способ заработка на телефоне! Подробности: [LINK],1
Срочно! Раздача бонусов и призов — переходи по ссылке: [LINK],1
Служба поддержки: подтвердите оплату по этой форме: [FAKE_SUPPORT_LINK] @username,1
Сделаю быстрый вывод средств. Напиши в лс. 🚀,1
Срочно! Раздача бонусов и призов — переходи по ссылке: [LINK] 🔥🔥,1
Профессор в боте пишет: «Ошибка: некорректный формат числа». Как правильно вводить 200 мкг?,0
"Заказ оформлен, но не понимаю где смотреть статус в личном кабинете. TasHan Katanor Kop3uHa Us6paHHoe Boitn — elixirpeptide.ru",0
"Как попасть в карточку товара? Захожу: каталог → все пептиды → название, а дальше не открывается. BOUTH HA CAЙT  — Email — BOUTH BE3 NAPONA — 3APETUCTPUPOBATbCA",0
Репостни это сообщение 10 друзьям и получишь подарок 🎁 СРОЧНО,1
"В приложении не отображается пункт выдачи, выбор доставки не сохраняется.",0
Пассивный доход для всех. Никаких навыков. Напиши «СТАРТ». ✅✅✅,1
"Подскажите, можно ли самому развести и перелить во флакон/картридж?",0
Супер-акция! Получи подарок за регистрацию. [LINK],1
"Куплю аккаунты/номера, оплата сразу. Пиши в личку. @channelname",1
"Куплю аккаунты/номера, оплата сразу. Пиши в личку.",1
Не открывается раздел «Правила чата». Где он находится?,0
Набор в закрытый клуб заработка. Мест осталось: 8. Пиши в лс.,1
Набор в закрытый клуб заработка. Мест осталось: 28. Пиши в лс.,1
У меня заказ №31-9K2LQ — где взять трек-номер?,0
"В браузере на телефоне всё ок, а на ноутбуке верстка съехала. Это у меня или у всех? BOUTH HA CAЙT  — Email — BOUTH BE3 NAPONA — 3APETUCTPUPOBATbCA",0
"Дешёвые подписки/доступы, пишите в лс. #money",1
Репостни это сообщение 10 друзьям и получишь подарок 🎁,1
🔥 Скидка 30% на всё! Успей до ночи. Пиши «СТАРТ» ✅✅✅,1
Пассивный доход для всех. Никаких навыков. Напиши «VIP». @username,1
🚀 Подписывайся на канал и получай сигналы для заработка каждый день! #vip,1
"Подскажите, как правильно вводить значения в калькуляторе — 0.2 мл или 200 мкг?",0
У кого были проблемы с сайтом? Какой браузер лучше попробовать?,0
🚀 Подписывайся на канал и получай сигналы для заработка каждый день! #signals,1
У меня заказ №33-8ZP0X — где взять трек-номер?,0
Подписка на VIP-сигналы. Первые 3 дня бесплатно. [LINK],1
"Как попасть в карточку товара? Захожу: каталог → все пептиды → название, а дальше не открывается. TasHan Katanor Kop3uHa Us6paHHoe Boitn — elixirpeptide.ru",0
"Ищу партнёров в команду, доход от 70000₽/день. Пиши «СТАРТ». ✅✅✅",1
На компе не вижу кнопку входа без пароля. Где она находится?,0
"Не получается оплатить заказ, при переходе на страницу оплаты ошибка. Это временно?",0
"Уточните, можно ли оформить заказ без предзаказа? Сейчас всё отсутствует.",0
После регистрации письмо не приходит. Проверил спам — пусто. Что делать?,0
"В браузере на телефоне всё ок, а на ноутбуке верстка съехала. Это у меня или у всех?",0
"‼️ ВАЖНО: Обнови приложение по ссылке, иначе потеряешь доступ: [MALWARE_LINK]",1
🔥 Скидка 30% на всё! Успей до ночи. Пиши «GO» 👉,1
Тебе положена компенсация 5000₽. Оформи заявку: [LINK] @channelname,1
Почему в карточке товара не видно фото/описания? Возможно блокировщик мешает?,0
Сделаю быстрый вывод средств. Напиши в лс. 🔥,1
"Не могу войти: ввожу email и пароль, но возвращает на ту же страницу. Tpaduk pa6orTbi B HoBorogHve npa3gHnkn: 31.12 go 14.00; 01.01–03.01 BbIxogHble",0
"‼️ ВАЖНО: Обнови приложение по ссылке, иначе потеряешь доступ: [MALWARE_LINK] !!!",1
Как сменить язык на сайте? Сейчас всё отображается странно. ElixirPeptide — Kynutb B 1 KAMK — O6bem — 10mg/10ml — w 0.0,0
Как сменить язык на сайте? Сейчас всё отображается странно.,0
"Оплата не проходит, банк отклоняет. Есть альтернативные способы оплаты?",0
Набор в закрытый клуб заработка. Мест осталось: 31. Пиши в лс. 🔥🔥,1
"Дешёвые подписки/доступы, пишите в лс. #vip",1
Уникальный курс «как разбогатеть». Скидка 90% только сегодня. [LINK] [CONTACT],1
Уникальный курс «как разбогатеть». Скидка 90% только сегодня. [LINK] ✅✅✅,1
"Только сегодня: заработок без вложений, подробности в личных сообщениях. 💸 !!!",1
"Привет! Скинь номер/код, чтобы подтвердить аккаунт. 🔥 👉",1
Подписка на VIP-сигналы. Первые 3 дня бесплатно. [LINK] 🔥🔥,1
"Только сегодня: заработок без вложений, подробности в личных сообщениях. ✅",1
Мне нужно восстановить пароль — ссылка восстановления не приходит. Tpaduk pa6orTbi B HoBorogHve npa3gHnkn: 31.12 go 14.00; 01.01–03.01 BbIxogHble,0
🔥 Скидка 50% на всё! Успей до ночи. Пиши «GO»,1
Уникальный курс «как разбогатеть». Скидка 30% только сегодня. [LINK] СРОЧНО,1
"Не могу войти: ввожу email и пароль, но возвращает на ту же страницу. TasHan Katanor Kop3uHa Us6paHHoe Boitn — elixirpeptide.ru",0
Инвестиции с гарантией дохода 90% в день. Напиши «СТАРТ» в личку. 👉,1
Супер-акция! Получи подарок за регистрацию. [LINK] СРОЧНО,1
Профессор в боте пишет: «Ошибка: некорректный формат числа». Как правильно вводить 200 мкг? Tpaduk pa6orTbi B HoBorogHve npa3gHnkn: 31.12 go 14.00; 01.01–03.01 BbIxogHble,0
"Как подключить СДЭК ID, чтобы получать без паспорта? Кто так делал? ElixirPeptide — Kynutb B 1 KAMK — O6bem — 10mg/10ml — w 0.0",0
"Дешёвые подписки/доступы, пишите в лс. #money !!!",1
"Куплю аккаунты/номера, оплата сразу. Пиши в личку. 👉",1
Новый способ заработка на телефоне! Подробности: [LINK] СРОЧНО,1
После регистрации письмо не приходит. Проверил спам — пусто. Что делать? ElixirPeptide — Kynutb B 1 KAMK — O6bem — 10mg/10ml — w 0.0,0
Уникальный курс «как разбогатеть». Скидка 90% только сегодня. [LINK] @channelname,1
Пассивный доход для всех. Никаких навыков. Напиши «PROFIT».,1
Профессор в боте пишет: «Ошибка: некорректный формат числа». Как правильно вводить 200 мкг? BOUTH HA CAЙT  — Email — BOUTH BE3 NAPONA — 3APETUCTPUPOBATbCA,0
"Не получается оплатить заказ, при переходе на страницу оплаты ошибка. Это временно? BOUTH HA CAЙT  — Email — BOUTH BE3 NAPONA — 3APETUCTPUPOBATbCA",0
Пассивный доход для всех. Никаких навыков. Напиши «БОГАТЕЙ». 👉,1
"Подскажите, какой объём флакона выбрать: 2mg или 10mg? (про удобство, не про дозировки) Tpaduk pa6orTbi B HoBorogHve npa3gHnkn: 31.12 go 14.00; 01.01–03.01 BbIxogHble",0
Тебе положена компенсация 10000₽. Оформи заявку: [LINK],1
"Вопрос по обучению: заявку оставил, ответа нет. Как быстро обычно отвечают? ElixirPeptide — Kynutb B 1 KAMK — O6bem — 10mg/10ml — w 0.0",0
"Ищу партнёров в команду, доход от 10000₽/день. Пиши «GO».",1
"Нужна отдельная ветка по Tesofensine, сложно искать ответы по разным веткам. ElixirPeptide — Kynutb B 1 KAMK — O6bem — 10mg/10ml — w 0.0",0
Инвестиции с гарантией дохода 30% в день. Напиши «PROFIT» в личку. 🔥🔥,1
Как сменить язык на сайте? Сейчас всё отображается странно. SmartCaptcha by Yandex Cloud — He ygaлocb npoBecTu npoBepky CAPTCHA,0
🔥 Скидка 90% на всё! Успей до ночи. Пиши «БОГАТЕЙ» ✅✅✅,1
"Только сегодня: заработок без вложений, подробности в личных сообщениях. ✅ !!!",1
Тебе положена компенсация 10000₽. Оформи заявку: [LINK] 👉,1
Подписка на VIP-сигналы. Первые 3 дня бесплатно. [LINK] !!!,1
"Как попасть в карточку товара? Захожу: каталог → все пептиды → название, а дальше не открывается.",0
Мне нужно восстановить пароль — ссылка восстановления не приходит. BOUTH HA CAЙT  — Email — BOUTH BE3 NAPONA — 3APETUCTPUPOBATbCA,0
Набор в закрытый клуб заработка. Мест осталось: 46. Пиши в лс. СРОЧНО,1
"Ищу партнёров в команду, доход от 5000₽/день. Пиши «СТАРТ».",1
🚀 Подписывайся на канал и получай сигналы для заработка каждый день! #profit,1
"Дешёвые подписки/доступы, пишите в лс. #vip !!!",1
"Подскажите, какой объём флакона выбрать: 2mg или 10mg? (про удобство, не про дозировки)",0
"Ищу партнёров в команду, доход от 25000₽/день. Пиши «PROFIT».",1
Хочешь денег? Пиши в лс: PROFIT,1
🔥 Скидка 90% на всё! Успей до ночи. Пиши «PROFIT»,1
На компе не вижу кнопку входа без пароля. Где она находится? Tpaduk pa6orTbi B HoBorogHve npa3gHnkn: 31.12 go 14.00; 01.01–03.01 BbIxogHble,0
Пассивный доход для всех. Никаких навыков. Напиши «GO».,1
"Получил заказ, всё отлично, спасибо! 🙏 ElixirPeptide — Kynutb B 1 KAMK — O6bem — 10mg/10ml — w 0.0",0
Инвестиции с гарантией дохода 90% в день. Напиши «VIP» в личку.,1
"Не дают вам врачи покоя😂
Наталья, а вы разве практикующий врач?",0
"скорее, не врачи,  а корректность изложения ими имеющихся данных 😉
Может быть о практике конкретизируете вопрос?) а то вдруг я не в полной мере отвечу на него)
Все необходимые документы для практики у меня в наличии - дипломы, ординатуры, сертификаты, но работать мне больше нравится не с пациентами, а с врачами и их изобретениями, что я и практикую)",0
"Точно понимаю, что нет проблем со зрением вблизи или вдаль.   Скорее ощущение рези в глазах, песка. Когда много смотрю в монитор.
Мне - 59 лет.",0
"Не надо быть врачом, чтобы уметь читать и видеть логические ошибки. Исследования так то тоже не практикующие врачи проводят. И обучение использованию формы тоже не врачи. Чем больше подтвержденной информации, тем лучше. Тут врачи не могут дозировку рассчитать для укола🫩",0
Спасибо 🙏,0
Как задать вопрос боту? Подскажите пожалуйста,0
@elixirpeptidebot,0
"Подскажите, почему когда боту ввожу номер своего заказа он пишет что ошибка?",0
"🚀Внимание: на горизонте «умный» метаболический архитектор...

Это не просто средство для веса, а первая в мире непептидная молекула, способная перепрограммировать обмен веществ изнутри.

В отличие от инъекционных предшественников, этот «умный» агент работает в обход сложных протоколов.

Его цель — рецепторы GLP-1, которые он активирует для тотального контроля аппетита и прицельной утилизации энергии.

Технология будущего, упакованная в одну капсулу.


Ставьте 250 ❤️ — и мы объявим название и скоро препарат окажется на полках нашего магазина.",0
"Добрый день, прошу обратной связи от менеджера🙏",0
/start@DeFensy_bot,0
"Вангую, ето будет семаглутид в капсулах )))",0
И я. с 9 числа не могу оформить заказ,0
"Написано непептидная молекула, значит не сема🤔",0
"Здравствуйте, хочу  уточнить волнующий меня вопрос при транспартировке препотаты не хранятся в холодильнике и в пункте выдачи тоже не теряют они свою эффективность если хранить не правильно??",0
Нет,0
"а, ну ладно :)",0
Возможно Орфорглипрон  непептидный агонист рецептора GLP-1.,0
"Я даже не представляю, КАК исковеркают название в чате😁",0
у меня уже само собой мысленно оно называется Олигофрен ))),0
Это самое безобидное😁,0
"Доброго дня , когда ожидать мотс в картридже ?",0
"Здравствуйте, может мне написать менеджер и продублировать номер СДЭК для получения, не могу найти это письмо",0
У меня точто так же прочитался)),0
"Здравствуйте.
Присоединяюсь. И будет ли упаковка в 20 мг и когда?",0
"Данный номер работает.
Никто не отвечает неделю.
+79610387977",0
"+79610387977
По данному номеру Никто не отвечает.",0
Так уже почти 21 час в Уфе,0
"Я написала неделю. Назад.  Время. Было достаточно, чтобы ответить!",0
Может вы сможете помочь с ответом?,0
Когда будет семаслим?,0
Самая верхняя ветка,0
"Так вопроса не задаёте, на что ответ)).
Если это относится к компетенции менеджера, то можете обратиться через бот к администрации, изложив суть @elixirchatreviewsbot",0
"Если про наличие, то все ответы здесь, других пока нет
https://t.me/peptide_rus/29635/151748",0
может не правильно вводите? он там пишет как правильно вводить,0
"Здравствуйте! Менеджер не отвечает, доставку пришлось оплатить дважды: по заказу и в сдеке. Куда можно обратиться по данному вопросу?",0
Когда появится в продаже Mots в объёме 30 мг и шприц ручка?,0
"У менеджера ночь уже
Завтра ответит",0
С 07.03 не отвечает,0
"429 (3 22:12 04=® ФЗ Ш) 61%

+7 (961) 038-7 $
"" был(а) в 18:12 = *

ДОБАВИТЬ $НМ В КОНТАКТЫ

26, Пригласить друга в Теда х

8 з9оюоР

Оплатите заказ

Обычно оплата проходит сразу,

но иногда это занимает до 20 минут.
Если вы уже оплатили, но статус
заказа не поменялся на «Оплачено» —

Здравствуйте! Почему то на сайте
сдека висит оплата доставки. Я же |
оплачивала доставку по вашему
счёту

Доброе утро! Заказ забрала, за
доставку оплатила повторно.
08:42 и

ея",0
"Зака

3 покуп,
КУпателя № НФНФ-006558 от 5 марта 2026

Румл
Ицева Инна Алексондровна, тел. +7(950048-54-63

Код

— ребут
й

Сумма

Скидка
боз скидки

т АС

[52505908
и

робутот

т

Й

570

055555078
й

Е

38700

ооо монмоновоний 4, но оушыуб то руб
Шость тысяч сто сорок один рубль 90 коп

Заказчик

Итого:
В том числе НДС:
‘Скидка:

6 141,90
292,46
479,10

онлАйи КАсск

О

но ул. мии,
п. о жи О Пемих

ати ТК
ола ку
""мк
ен
ати ны мер вынихьи
Ня кт В
вне оставь Таль оные

тих
У на ПА
М ВОт о правилу сама о МОИ
Ули Ста лож
‘пивка 14с зе
Пя сазан я ИС

Зы
Зее преим «авео
о а. 2
уоокожй
ниж ПРОЩЕ
Ав

ати?
Са хилл, НТ",0
"Я свой ретамлим получил
Доставка за 4 дня рплата при получении
Картридж 30/3мг",0
Ретаслим,0
Ну и как?,0
"Дело в том, что в счёте, который я оплатила, была включена доставка, потом ещё  раз в сдеке оплатила. Написала менеджеру 07.03, что увидела, что сдек запрашивает доставку и написала ей, но ответа не последовало, получила заказ, оплатила и написала снова, но ответа так же не было, сегодня вспомнила, опять написала, прикрепила чеки, опять 0, сообщения даже не прочитаны",0
"Пока незнаю, в пятницу первый укол 3мг потом по 6мг буду пробовать
Седжаро 15мг уже не работает",0
Как как дорого пипец,0
После 15 седжаро 3 реты будет как в самолет из рогатки,0
Ну советует бот и админы начать с минимальной дозировки,0
"Я, вообще хотел микс рета и седжаро по 7.5, бот отсоветовал",0
Буду смотреть по результату,0
"Не правда, советуют начать с дозы на одну меньше и то не факт, что сработает…",0
Какой он молодец))),0
"После 15 мг, не с минимальной, хотя бы с 7,5 да
Иначе вы даже не почувствуете ничего",0
А я вообще минимум за 10 мг)),0
"Ну было бы логично, да
Но мало ли - возраст, то сё",0
"Возраст 52 года, вес 105 кг",0
"а какой у вас рост? (это я к тому, сколько кг ещё осталось до нормы веса)",0
"ДЕВЧАТА ,кто просил? вот чисто вам от души скидываю ,недавно сама начала работать ,доход в интернете от 15 000 в день , легально !

Вот смотрите видео @stavokvideo7",1
Рост 178,0
"Просто рета дорого
Я хотел максимум 7.5 картридж пару месяцев пополбовать",0
Седжаро в 2 раза дешевле выходит,0
Ну значит 7.5 слелаю сразу или 6 для начала,0
"Выходит, может, и дешевле, но не работает же🤷‍♀
У вас в чем проблема? Аппетит не держит? Тогда добавляйте кагри.",0
Просто перестал худеть,0
Кагри это что,0
"Cagrilintide - петид, который работает с аппетитом. Снижает.",0
"К седжаро его надо
Уже голова кругом
Да и разбавлять что то с чем то как то невтыкаю я в дозировки
Картридж как то понятнее",0
"Это пептид, который блокирует аппетит. Cagrilintide",0
Плато же должно было наступить когда-то. И это нормально. Надо подождать.,0
"Да не аппетит он блокирует, а пищевой шум, на гормон действует…",0
"А почему должно наступить плато? Просто надо с каждыми -10 кг, пересчитывать калорийность необходимую и держать ее…",0
"вы уже так много сбросили! не устали худеть? может организму нужна передышка,нет?
просто лично я такие нюансы очень хорошо чувствую, у меня стопор в снижении веса ""идут рядом"" с общей фоновой усталостью от процесса похудения. И тогда я понимаю, что организму нужно время для востсановления, нужно пожить какое-то время в новом весе.
Хотя умом хочется продолжать худеть и худеть, до цели ... но не для всех это возможно.
Например, когда я оба эти признака у себя ""увидела"", но всё же продолжила насильно худеть (стремиться и жить в дефиците калорий), начались бесконечные болезни, плохое самочувствие, кожа перестала нормально сокращаться на похудении ...",0
"Кагрилинтид действует и на аппетит и на подавление навязчивых мыслей о еде.
На гормоны напрямую не действует, сам являясь синтетическим аналогом гормона амилина, зато имеет более длительное действие в отличие от него и связывается с его  рецепторами там, где они есть, а это и мозг, и желудок, и поджелудочная железа и т.д. За счет чего вызывает совокупность эффектов, которые частично схожи, а частично отличаются от глутидов.
Поскольку точкой приложения действия являются другие рецепторы, кагри целесообразно сочетать с  глутидами (в отличие от комбинации тирза+рета=2 глутида, о которой Вы спрашивали), усиливая эффекты последних и дополняя их теми, которые глутидам не свойственны.
Колется также, как и тирза и Ко, 1 раз в неделю.",0
"Здравствуйте,получила шприц ручку Тирзепатид,пришла хорошо упаковано ,но без коробочки и инструкции,иглы нет .
Не где не написано что иглы не будет.
Так и должно быть?",0
"Да, иглы покупаются отдельно - на сайте производителя или маркетплейсе",0
"Что-то напротив Семаглутида пропало ""все дозировки"" 🧐",0
"Это означает только то, что информацию периодически обновляют",0
Я все понимаю просто мысли в слух 🤷,0
Спасибо большое,0
Даон уже на подходе),0
Напишите в ветку вопросы производителю,0
Напишите в ветке вопросы производителю,0
"Ребза, как наладить водно - солевой баланс, а? Совсем не хочется пить..а если пью, то вода где то прячется во мне. И выходит редко. Надувает только живот от выпитой воды. Отеков нет.. Проверяли тестами у кардиолога.",0
А почки? Проверяли?,0
СКФ маловат...55 что-ли,0
"Здравствуйте! Мною была произведена оплата доставки дважды ( по выставленному счёту, и непосредственно при получении), менеджер не отвечает с 07.03.",0
"Добрый день.
Я вчера сделала заказ на сайте. Не могу разобраться как оплатить.
На почту пришло письмо,  что заказ ожидает оплаты,  но ни ссылки ни реквизитов на оплату нет.
Куда писать,  звонить?",0
Менеджер напишет в телеграмм если указали его,0
"Здравствуйте. Чат в Макс не планируется переводит? Не кидайтесь тапками! Для информации, чтоб вдруг не потерять драгоценное!))",0
"А мне то что делать? В прошлый раз не доложили шприцы, в этот раз двойная доставка.
 Могу прикрепить скрины с перепиской.
А может менеджер уже уволился просто, что даже не читает сообщения?",0
"Девочки, помогите, пожалуйста разобраться с пептидом меди. Начала колоть три дня назад. Два первых дня колола лицо. Все было хорошо. Вчера уколола руки. Появились красные пятна, небольшая болезненность, зуд. Это нормально или нет? Само пройдет или нужна антигистаминная мазь или дозу нужно уменьшить или прекратить колоть? В общем не знаю пока, как быть. Виала 100 мг, разводила бакводой 7,5 мл. Колю 0,16 мл=2мг меди, инсулиновый шприц на 1мл, иголка 6мм.",0
"Добрый день! Вы получили заказ, скажите пожалуйста?",0
"Все нормально, само пройдет.",0
Ответили вам в личку. Просим прощения за эту ситуацию,0
"Медь я колю 5 дней, пятна на ногах и нижней части живота- пятна есть. В верхней части живота синяк, прям почти чёрный. Колю каждый день в разные места по 0,3 мг пока. Говорят, что пройдёт",0
"Ну я 40 лет пытаюсь похудеть, в этот раз получилось",0
Купите таблетки шипучки сикронутрикнты с разным вкусом по выбору для баланса,0
"Что за дозировка меди 0,3 мг, или это опять мл?",0
Микронутрикеты,0
"Ой, 0,03 мг",0
"Добрый день! Вы сделали заказ ночью , у нас это уже сегодня. Мы работаем до 17 часов московского времени. До вашего заказа были несколько заказов, сейчас начинаем оформление вашего.",0
Медь по 2 мг в день колят,0
"В этих мг, мл уже запуталась. Сейчас колю 0,03 мл - 1 мг меди",0
"Проблема для меня эти виалы и расчеты воды и дозировок, непонимаю я все это",0
"Или 0,3 мл 🤔",0
мы работаем с 8 до 17 часов мск.,0
"Буду пробовать рету пока 6мг, хватит на 5 недель",0
"Я понимаю, но неправильно излагаю 😂",0
"Да не рассказывайте вы никому про то сколько вы колите миллилитров, рассказывайте сколько миллиграмм, а то сами запутаетесь и других запутаете)))",0
"Да, разобраться иногда трудно",0
"Ничего в этом нет трудного. Мл это жидкость, мг это вес. Вы себя измеряете в чем? Правильно, в граммах, вот и тут тоже самое. Не литры",0
"Извиняюсь, сама запуталась. Колю 1 мг меди. Смотрю реакцию, через пару недель буду колоть по 2 мл",0
"Девочки, а через сколько дней проходят пятна и зуд от меди? Долго держатся?",0
"Не надо так эмоционально  реагировать вам ! Там сидят люди, а роботы, со всеми бывает.",0
"Кому-то трудно, а кому-то нет. Я просто неправильно изложила ❤",0
У меня на бедре держался месяц💪,0
"У всех по разному, их может не быть вовсе",0
"Тот же вопрос. 5 дней, а на животе синяк не спадает",0
"У всех по разному, у меня на первом курсе очень долго проходили(((",0
Огоооо! И зуд месяц?,0
Я объяснила как могла),0
"2 мг наверно, а не 2 мл",0
Нет) чесалось дня 3-4,0
Конечно 2 мг 👍😂,0
"У меня не чешется, но дискомфорт присутствует",0
А в чем дискомфорт? Болит?,0
"Не чешется, но ощущаю эти места более чувствительно",0
"Скажите, а какие параметры мониторить по анализам?",0
Мне помогал крем Синякофф.,0
Синяки быстрее проходили или дискомфорт снижался?,0
Девочки всем огромное спасибо за отзывчивость!🩷🩷🩷,0
"У меня не было дискомфорта, у меня были огромные красные пятна, которые болели сильно, спать на животе от боли не могла, мне было важно, чтоб не болело)))",0
По истечению какого времени прошло? После конца курса или раньше?,0
"Просто в отзывах видела, что когда недостаток меди, то есть такие побочные реакции, а потом их нет",0
"Мне сложно на этот вопрос ответить, так как синяки проходили, но они были от каждого укола на первом курсе я их сделала где-то 35-40 уколов, укола после 5-10 перестало болеть, синяки остались.",0
"Я не сдавала анализ на медь, не могу сказать на сколько это правда.",0
У меня синяк только на животе( первый укол) потом только красные пятна,0
На втором курсе меди у меня не было ни одного пятна/синяка и боли.,0
"А первый курс весь в синяках и пятнах? Нужно понять, к чему готовиться 😁",0
"У меня да, но у вас может быть по другому.",0
"Я понимаю, спасибо 🥰",0
"‼️Объявление для всех. Придётся перенести чат в новую группу. Возникла небольшая проблема — нет доступа к администратору чата.

✍️Будем ждать всех в новой группе. Ничего сложного — нажмите на этот текст, чтобы открыть группу.

👉Зайти в чат",1
Кто пробовал Эпиталон?,0
пол чата)),0
Рабочий? Или индивидуальный эффект?,0
"рабочий
один из ТОПовых пептидов)",0
"Принял , спасибо",0
Что ещё посетуете из ассортимента?,0
Странный вопрос 🧐 смотря для чего))),0
"это зависит от Ваших запросов и нужд
так сложно посоветовать",0
"Это зависит от Ваших запросов и нужд
Так сложно посоветовать",0
"В связке с Эпиталоном ,что лучше взять , или соло делать?",0
Я теперь как спам не прохожу в чат )))),0
"Простите , меня как новичка неделю банили",0
"ого
я вам отвечаю, что все зависит от ваших потребностей и пожеланий, но сообщение не проходит 🤷‍♀️",0
"Вы сначала с целями определитесь, для чего вам нужен Эпиталон и для чего вы к нему что-то добавлять хотите…",0
Может есть синергия с другим препаратом по типу bpc и tb 500,0
Или он как база ! На него любой ложится препарат,0
Понял ! Туплю,0
Пообщайтесь на эту тему с пептидным ботом (в закрепе ветки),0
Принял💪,0
"Вы набрали заветные 250❤️, а значит — время раскрывать карты. Революция, которую мы анонсировали, официально здесь.

Встречайте: ОРФОРГЛИПРОН — будущее метаболического контроля уже на полках! 🏆

Это тот самый «молекулярный архитектор», о котором мы говорили. Теперь это не секрет, а ваш главный инструмент в достижении совершенной формы.

Почему это событие мирового масштаба?

Орфорглипрон — это первый в мире непептидный агонист рецепторов GLP-1. Если раньше для такого эффекта требовались инъекции, то теперь мощнейшая технология упакована в одну капсулу.

🛑 Внимание: Первая партия Орфо уже на складе, но, учитывайте ажиотаж.

Успейте забрать свою баночку по ссылке:
👉 Купить Орфорглипрон на ElixirPeptide.ru
НЗ РЕхигрернае

* ЧУДО НАУКИ В КАЖДОЙ КАПЛЕ

` ОВРОВСЫРВОМ

[ме] <СР90капсул
=о®О

2
:
}
й
2",0
🫣👻.. с пятницей 13-го!!!,0
А какие именно микронутриенты там в шипучках должны быть?,0
"А чего вам надо, каких ""нутриентов""?
Регидрон вроде в аптеке продают",0
"Добрый день, какая схема приема препарата?",0
"регидрон мерзкий до ужаса ... мне вот тоже интересно есть ли адекватная замена, что бы не так противно было пить. Я пока солью в чай обхожусь.",0
"Состав:

ОВРОВСИРКОМ

Наполнитель
микрокристаллическая
целлюлоза РН102

. ула
Размер порции: 1 КаПб/ 9
Количесе В порций в упаков

|
| ему:
м Рекомендация по приеМУ"", ‚ень,
| Начальная доза 1 капсула 2 Р Е ге
аксимальная суточная доз ой
у Хранить при комна )
температуре.
р",0
"Водка тож не с первого раза нравится. А как пьют🤣
Хороший у него вкус, чуть поменьше воды добавлять.
Думаю, на нем  капусты заквасить.",0
"„И ПЕ

оптимальная
дозировка
20 шипучих
таблеток
вкус
апельсин

Ро Похожие

УЗОТОМИК РОТ

ЭЛЕКТРОЛИТ

©-3% СКЛУБОМ «ЧАСТЯМИ БЕЗ ПЕРЕПЛАТ

ед
|

АЕ | и и \

|

— 5) == =) ©

Купить сейчас

уг",0
"Я такие пью ) хорошо регулируют водно-солевой баланс , отеки убивают
Я тоже не могу пить много воды, как шар тогда
11:55 егйез „И ПЕ ©

и правильному восстановлению после физических на
после перенесенных болезней

Натрий играет важную роль в регуляции баланса жидкости.
в организме. Способствует передаче нервного возбуждения
и сокращению мышц:

Калий способствует выведению избыточной жидкости из организма,
нормализует давление, положительно влияет на работу сердца,
предотвращает слазмы;

Кальций играет важную роль в формировании костей

рдца. Принимает участие в передаче нервных
импульсов и мышечных сокращениях, процессах свертывания
крови

Магний спо ет нормализации сна, положительно влияет

на эмоциональнс яние, помогает легче справляться со стрессом
мышечных
Удисты

Собственное
производство
д р | Похожие
44640-2
3% СК м «ЧАСТЯМИ БЕЗ ПЕРЕПЛАТ % ПО КЛИКУ
‘изотоник. изотоник изотоник изотоник изотоник |
с. ==. |
’_ ®

—^
р",0
Регидрон бегунам пить надо и дристунам 😄 он чутка не для моих целей,0
"Добрый день.
Посоветуйте, плиз, приложение на телефон: контроль веса, калорий и чтобы пептиды учитывало...",0
"Сегодня пятница 13, точно",0
И мне,0
"Чего уж, всем нам",0
"Как низко с моей стороны, подумать только о себе🤦‍♀",0
Неужто нету?! Не может бытЬ...,0
И вчера тоже что-то такое было),0
"калории отдельно, пептиды отдельно 😎",0
"Вчера я до часа ночи чизкейк делала, мне было недосуг)",0
Ещё шаг на пути к цели😋,0
Ну хоть не ела😁,0
"прошу прощения за глупый вопрос, туплю(((
куда присылать номер заказа, чтобы профессор заработал?",0
да я не спамлю емае,0
"Это отвратительно, когда  он час печётся, час стоит в духовке и потом его нельзя есть все равно, а надо в холодильник.",0
"куда присылать б0ту номер zakaza, чтобы заработал пр0фессор?",0
докажи ... боту))),0
"Какое счастье, сто готовить я не умею!",0
там мелким шрифтом написано и разъяснено,0
"https://t.me/peptide_rus/27778/160688

@um_nad,

давайте так.
Если бы я хотела проявить по отношению к Вам какую-то агрессию, неуважение, обидеть и пр - я бы выбрала иную формулировку вместо ""пожалуйста, избегайте"".
Почему я об этом прошу - здесь действительно много тех, кто сам себе назначает препараты, принимая на веру все увиденное/услышанное и прочитанное.
Формулировка ""нужно использовать"", ""нужно пить"" значительную часть людей натолкнет на такое же бездумное (простите) использование препаратов, не вдаваясь в тонкости действия, результаты, побочки, как  Вас назначение врача. Очень возможно, что Вам сорбент был назначен не в связи с адипотидом изначально, но Вы так поняли назначение врача и так транслируете его дальше. И да, я вижу разницу между я пью и нужно пить, причем большую. И второе утверждение не считаю корректным, если только к нему не приложены пояснения - почему, зачем, кому, с какой целью и т.д.

что касается замечаний относительно практики. опыта, непрошенности советов - можно на это не тратить время - меня это не трогает, хотя бы по тому, что мои непрошенные советы имеют под собой знания и основания и крайне тщательно модерируются мною же из-за боязни нанести не мифический, а вполне реальный вред.
А вот непрошенные советы делать как кто-то кому-то когда-то почему-то сказал - трогают (в данном случае пугают) гораздо больше.",0
"а, нашла. у меня почему-то кнопки этой не было. спасибо",0
нажать на кнопки надо ...я сейчас уже не помню какие,0
"https://t.me/peptide_rus/27778/160689

@Fugghir

благодарю за высокую оценку.
Не в гости.
Будут.
Жалко, если не воспринимается.  Но от этого она менее полезной не становится) Кому-то с другим восприятием пригодится.",0
Я съела маленький кусочек и «желудок встал». А я легла),0
Может для Натальи отдельную ветку организовать?) Почему все должны быть невольными свидетелями этого ежедневного бенефиса😁,0
"Так не читайте, пройдите мимо",0
так Вы уже мне такую делаете),0
А почему я должна проходить мимо?,0
"Так никто не должен, и Наталья вам не должна",0
Эмоция ваша - как и реакция. Можете писать а можете не писать),0
"Я хочу зайти в чат, как и другие пользователи, и почитать нужную мне инфу. В итоге я вижу как Наталья делает всем замечания, её просят не отвечать им, она продолжает.",0
"Ну а я не хочу про необходимость пить сорбенты здоровым людям читать и прочие заблуждения, мы все разные",0
"А я вот вас вижу как вы цепляетесь к Наталье, зачем-то каждый раз спрашиваете про образование и переходите на личности. Можно попрошу вас ей больше не отвечать?",0
"То есть чужой реальный опыт вас трогает, а то, что вы влезли, потребовав объясниться - нет. Я впринципе так и поняла) и понимаю Ваше желание причинить пользу, ценные знания очень нужны миру",0
"Ровно 3 раза я вступала в диалог с  Натальей. Где каждый раз? Какой каждый раз? Тегните, если на то пошло
Наталья цепляется к людям,  я пару раз к ней(по вашему мнению)-  возмущение в чем?
Мед юрист пишет что она врач и с умным видом выдаёт информацию, которую мастерски умеет находить в следствии чего кому-то кажется что она врач от бога.",0
Марс атакует👽 по пятницам!,0
"Я вам ничего не должна, нет так нет))) может тоже начнёте выдавать информацию с умным видом и ссылками на исследования?) буду очень признательна)",0
"Думаю, одного раздражителья более чем достаточно)",0
Некоторых даже слишком много)),0
"вот была бы я мед юристом, подумала бы, а не тянут ли Ваши утверждения  на подрыв деловой репутации?
но я врач и патентный поверенный, и как первый могу Вам посоветовать только спокойнее относится к чатикам и происходящему в них)",0
Такого языка давно не наблюдал. Тут всё богато😁,0
"Если давно на глутидах, худеете, есть спорт - организм активно сливал жидкость, вымывая витамины. Надпочечники в какой то момент считывают этот сигнал ( как система безопасности) и начинают удерживать воду и пить не хочется. Я уже много раз тут писала про электролиты. Лично мне очень помогают поддерживать содержание полезных веществ, надпочечники спокойны и вода уходит снова и пить легко.  Электролиты пью разные, порошки, гели, сиропы - меняю. Сейчас вот такие
Е5зепна! Мин
Зиррог

\УНатл с",0
"Наталья, патентный поверенный - не всем понятно. Пишу для понимания - мед юрист. Вы бы если врачом работали, то понимали бы почему так пишу)",0
Почему вы сами своим советом не пользуетесь?,0
"куда конкретно я ""влезла"" - в Вашу личную переписку с кем-то?
Вы пишите в публичном пространстве, то есть заведомо там, где читать и комментировать это могут все.
Про требования - это Ваше восприятие, на том, что я написала, с моей точки зрения, не основанное вообще.
Ну и рада, что в основной идеи по поводу ценных знаний мы солидарны)",0
У Вас есть опыт прохождения курса адипотида? Вы на курсе пили воду и сорбенты и получили от этого страшные последствия?,0
"😂
Екатерина, это очень смешно, правда.
Вы прям мне даете шанс позанудствовать и про то, чем патентные поверенные отличаются от юристов, и почему один не является другим)
Буду милосердной)",0
"Пользуюсь) спокойно наслаждаюсь бенефисом, как Вы написали)",0
"А зря я гнала на эпиталон, вот прям чувствую действие)",0
"Ну вот) Наталья, я пишу так для понимания большинства людей. Вы бы если врачом работали, вы бы это поняли - к врачам человек идет разобраться со своей проблемой, а не получить лекцию, ссылки на исследования и 0 результата.",0
Когда будет в наличии GLOW-70?,0
https://t.me/peptide_rus/29635/151748,0
"К какому врачу вы ходите, кто прописал вам пептиды?",0
Ветка анонсы всегда к вашим услугам),0
Будем считать эту ветку Натальиной,0
"Всем здравствуйте! Скажите, можно ли девочке подростку 14 лет с лишним весом в 18 кг попробовать проколоть тирзетту? У кого-то есть такой опыт?",0
Детям до 18 рекомендуется лираглутид,0
"Да, я про него читала. Но говорят, у него много побочек. Кто то пробовал для детей?",0
Да никто в здравом уме,0
"Да и вопрос этот скорей для болталки. Производитель не занимается ни детьми, ни тирзеттой",0
Ок,0
"Пить воду  - отличная идея.
Пить сорбенты с адипотидом с целю снизить нагрузку на почки - бессмысленная.
Использования сорбентов наряду с адипотидом и глутидами, например, что достаточно часто встречается в чате - прямой путь к констипации.
Использование сорбентов на протяжении всего курса адипотида - прямой путь к нарушению всасывания витаминов и микроэлементов при и так, вероятнее всего, ограниченном их поступлении. И к снижению эффективности всего, что должно всасаться в кишке.
Многие современные сорбенты с добавками (вкусовыми и цветовыми) сами по себе способны вызывать аллергические реакции, которые могут быть списаны на использовании того же адипотида и потребовать использования дополнительных лекарственных средств
ну и так далее.
Страшных последствий после адипотида и сорбентов я НЕ видела.
Крайне неприятные последствия после длительного использования сорбентов - да.
Смысл использовать лекарственное средство, не уменьшающее рисков того, ""от чего"" оно назначено, повышающего риски других проблем, приводящего к дефицитам того, что и так ограниченно при похудении, и к полипрагмазии я не вижу.
Для этого мне не нужен курс адипотида и сорбентов ни вместе, ни отдельно друг от друга.",0
"А вам их врач прописал?)

В любом случае, если мне требуется помощь врача, я плачу за услуги практикующего врача, который мне дает конкретные рекомендации, а не рассказывает все про все. В этом случае теория мне не нужна абсолютно.
Я же не иду изучать как чинить кран, когда мне нужен сантехник. Я не иду изучать китайский язык прежде, чем найду преподавателя.

В примере девушки про сорбенты - ну как бы все знают что кроме вредных веществ, он и полезные, грубо говоря, ""вымывает"".
Но по какой-то причине они же были назначены.  Мы не знаем все вводные, для чего и на какой срок.
Но вы серьёзно считаете что другой врач идиот и не понимает этого? Вы серьёзно читаете что все врачи идиоты, а Наталья наша- патентный проверенный - специалист во всех сферах?)

В этом и отличие. Это элементарные вещи.",0
"в ЭНЦ идет набор детей до 16,5 лет на клинисследование (бесплатно, обследуют и будут вести под контролем) тирзепатида.
Сами, пожалуйста, ничего не колите ребенку.",0
"Вот написали бы - долго будете пить сорбенты - получите запор) и все было бы понятно.
Но нет)) напишем кучу всего, что большинство не поймёт.
Потому и называют это бенефисом",0
"А тогда при чем тут практикующие врачи и чат по пептидам, которые по документам предназначены только для исследований? И какой другой врач идиот? Екатерина, соберитесь. Попробуйте переформулировать мысль. Пока не ясно.",0
Все написано простым языком. Перечитайте,0
"таак, а теперь продолжите - девушка же не пишет, в какой ситуации и почему они ей были назначены.
Она рекомендует, а более конкретно пишет ""нужно принимать"" сорбенты наряду с использованием адипотида. И пишет это в ответе на вопрос о том, как уменьшить повреждающее действие на почки.",0
Девушка пишет свой опыт,0
при чем тут врач -идиот? так для красного словца?),0
"к
Непатаани
Подскажите, пожалуйста, есть ли кто-то, кто принимал курс..

Я) Сним нужно много воды пить и пить сорбенты. И все будет
хорошо

ле а»",0
"Вы потеряли нить, видимо. Девушка писала, что была под наблюдением.",0
"Екатерина, не тратьте нервы пожалуйста 🙏 я отношусь к этим бенефисам - обесценкой всего и всех и повышением своей значимости как к тренажеру на смирение. Не кормите своей энергией.  Есть анекдот на эту тему, когда в камере оказались. Мазохист и Садист. Мазохист обрадовался. Но ничего не происходит, садист  просто ничего не делает.  Мазохист в ужасе, молит садиста:” ну мучай же меня уже !!!» А садист отвечает коварно: « НЕ БУДУ Я ТЕБЯ МУЧАТЬ, НЕ БУДУ!!!» 😂😂😂",0
"Хахах)))) я лучше что-нибудь другое перечитаю) го здорово, что вы знаете о такой опции)",0
"Я не кормлю, я питаюсь😂
А если серьёзно, пишу для того, чтобы люди видели кто есть кто и не принимали за чистую монету)
Хотя, судя по реакции, уже видят)",0
Есть и другие 👋))) и нас много 💟,0
"Вот оно) когда парировать нечем, переходим на сарказм",0
"Ну могу спросить, кто вы по образованию 🤷‍♀️",0
"оо, и я для этого)) только скорее что есть что в этом потоке иногда ценных, а иногда бестолковых и небезопасных рекомендаций.

Я сегодняшним бенефисом довольна или еще не всё?))",0
"Инженер
Жду шуточку)",0
"Да нет, это ж вообще никак не относится к теме, просто вы спрашиваете обычно. Здорово🥰",0
"Видите, как много у нас общего)",0
мне достаточно этого)  остальное было бы чрезмерно),0
Как много времени у людей на болтовню... когда же они работают?,0
"Вы уверены, что хотите это с нами обсудить?😂",0
"Ну вот и разобрались. Вы адипотид не принимали, значит и по существу вопроса ответить вам совершенно нечего. Что и называется «влезть» в данном случае.",0
А надо специально отгул брать) иначе как незнакомые люди  узнают о твоём мнении),0
"Не, у меня на это нет времени. Но в этом баттле я солидарна с вами. Наталья могла бы быть терпимее что ли, и к остальным участникам, не профессионалам,  и к врачам в ветке врачей, прошедших обучение.",0
"а можно пример, как терпимее?в конкретном случае?
написать, не пожалуйста, избегайте рекомендаций, а .. что?",0
"Не надо тыкать носом и давать советов ""избегайте рекомендаций"". А написать свою точку зрения ""я советую"" ""я рекомендую "", ""я не рекомендую """,0
"еще раз уточню, не надо писать ""пожалуйста, не давайте рекомендаций"", а надо самой дать рекомендации?",0
Абсолютно верно. Не надо указывать другим что им говорить. Говорите за себя,0
"сначала она была Анатольевой, но он куда-то запропастился :) Так что, теперь это чат Натальин )))",0
"не считаю это верным, извините.
Я не такая смелая, чтобы давать рекомендации людям с неизвестной мне историей болезни, состояния здоровья, приема других препаратов и пр.
Мне нужно много уточнений и подробностей. И если вдруг и вырывается что-то, то только то, что никак не может навредить с учетом входящих данных.
Возможно, дело в акцентах  - я не указываю, я прошу. И в просьбе ни вижу ничего обидного.
Пожалуйста, попробуйте, если хотите ( я не требую и не указываю, что Вам делать) перечитать с этой позиции написанное мною.",0
"мне сегодня обещан бенефис)
а потом Анатолия @AM12YY позовем)",0
"Ну можно же было написать так ""я бы не рекомендовала вам принимать сорбент в данном случае, тк..."" это была бы ваша точка зрения, адресованная тому кто ждёт совета. А вы вступаете в дискуссию с тем, кто совета не спрашивал.",0
"Почему бы Натальей не пройти обучение и не оказаться в ветке врачей? Это же решение всех проблем 😁
И интеллектуальная потребность Натальи будет закрыта+финансовый бонус. И нервы пользователей чата будут в порядке. Win-win)",0
"а что делать, если бы я не рекомендовала свой личный опыт преподносить как рекомендацию?",0
И Виктории нет давно (,0
"Так это чат тех, кто тестирует на себе пептиды! Не лекарство проверенное-одобренное-зарегистрированное и что там еще за регалии у надежных лекарств бывают. И человек спросил про оыт использования. Хотел бы спросить мнение врача - так бы и спросил. Но нет, вы посчитали иначе и развели нравоучений на полдня, вообще не понимая, что проблема не в том, что Вы как врач там считаете.",0
"По факту весь чат это личный опыт участников, которым мы, с вашего позволения, здесь продолжим делиться. И я представляю, как вас триггерит от того, что вы тут читаете иногда. Но вы же по факту придираетесь к формулировкам.",0
В этом баттле я на стороне Натальи. Категоричные заявления тут лишние. А вот мнение это замечательно,0
"А до Анатолия была Викторьеной, но она тоже запропастилась",0
"у Натальи есть бумажка об обучении и предложение быть админом в ветке врачей.
Наталье это неинтересно, ибо это обязанность участвовать в любых дискуссиях
а Наталья и так старается вступать только тогда, когда может и  когда не вступить значит кому-то причинить возможный вред.",0
"да, я её тоже частенько вспоминаю, не хватает её нападок на тех, кто не верует в Ретротрудит :)",0
"вы не описали свой опыт использования.
вы написали НУЖНО  пить воду и сорбенты и все будет хорошо.
к
Непатаани
Подскажите, пожалуйста, есть ли кто-то, кто принимал курс..

Я) Сним нужно много воды пить и пить сорбенты. И все будет
хорошо

ле а»",0
"я думаю эти обязанности мы сами себе придумываем, так как сами же и гипер-ответственны :)
но пока нет договора, нет фиксированной ставки или другой договорённости об оплате труда (в данном случае интеллектуального) , о какой ответственности можно говорить? :)",0
Четверг 12ое?🤔,0
И еще в схему назначенную не одним врачом схему эпиталона,0
"да, без эпиталона вообще никак )))",0
"ну как Вам сказать, Юля)
Мы с Вами помнится как-то беседовали о слабительных средствах.
Вот если Вы на основе своего опыта будете писать, как Вы их используете, в какой дозе, в каком режиме, почему так, а не иначе, и почему (а именно из-за режима) Вы можете позволить их использовать длительно - это будем Ваш опыт.
Когда Вы напишите, что нужно пить ...длительно и все будет хорошо, я тоже буду ""придираться"" к формулировкам.",0
"Ну вот о чем я и говорю. Вы придираетесь к формулировкам. Если бы человек написал "" я пила сорбент вместе с адипотидом и мне было классно"" то вы бы прошли мимо?",0
"Там в нее схема какая то своеобразная была, я как раз изучала все про эпи, поэтому запомнила. Тоже чуть до драки тут не дошло",0
Ну так давайте разрешим использовать уже мл вместо мг) я давно говорю),0
"Аня, я имела в виду, что принять предложение об админстве это и есть обязанность участвовать так или иначе.
А пока ее, конечно, нет, и это радует)",0
поставила бы задумчивый смайлик)),0
"Так Вы и не спрашивали. Влезли со своим требованием объясниться. И у меня все ок с памятью, бесконечно скринить и присылать сюда мое сообщение не требуется.
Но выше вы пишите, что влезли потому, что без вас совет мог причинить вред. А до этого, что ничего страшного от воды и сорбента. Думаю, дальше диалог в этом же русле продолжать смысла нет",0
"Господи,  какая же вы зануда🙈.Если не дай бог будете админом, чат опустеет,  никто не будет писать..",0
"Да, напрашивается просто использовать сокращение ""м"" вместо унылых ""мг"" и ""мл"".
И, главное, доступно. 😂",0
"Я правильно поняла, вам предложили быть врачом в ветке врачей и вы отказались? Или именно админом?",0
Метры?),0
Квадратные,0
изначально админом. При моем желании и наличии сертификата об окончании курса - врачом) Сертификат у меня есть,0
Придираемся к людям),0
"Было время, когда меня @medpatent обвинила в газлайтинге.
Доказано, что мы видим в других людях, то чем переполнены сами, так что эта оценка скорее подходит характеризующему.
Мой газлайтинг заключался примерно в такой форме:
https://t.me/peptide_rus/27775/160801

https://t.me/peptide_rus/27775/160860
Напиши такое, я бы тут же получила замечание, что перехожу на личности - Двойные стандарты.
Кстати о подрыве деловой репутации, от мед.юриста. Авторитет и репутацию зарабатывать нужно не в соц.сетях , а в реальной жизни!
Насколько мне известно, врачам некогда голову поднять - масса работы, не то что дневать и ночевать в чате, раздавая указания и воспитывая подписчиков чата.
Последний раз я лишь выложила ссылку на пост производителя с его канала, не прибавив и не убавив ничего своего и получила от @medpatent
по полной программе .
Сделав вывод в очередной раз беречь нервы, теперь при наличие надзирателя с дамокловым мечом, пока решено больше сидеть в тени пальм, нежели писать комментарии с советами.",0
Отчего же. Идём навстречку😌,0
Какой хороший эпиталон) или весна),0
"Так и я имела ввиду то, что приняв предложение об админстве, это не обязало бы Вас к чему-либо такому, что Вам не хотелось бы делать, пока это не закреплено договором и оплатой.
Я про то,что это вообще ничего не изменило бы для Вас, если бы Вам этого захотелось. Просто чуть больше прав, вот и всё. И нам больше пользы. А времени и сил тратить на всё это Вам пришлось бы ровно столько же, сколько Вы тратите сейчас. Ну при разумном,конечно, распоряжении своим временем.
Кароч, я вас уговариваю передумать )))",0
"Так же назвала про себя, потом ваш комент прочитала)), таки он! 😂",0
Экспериментатор проинтерпретируе(т) в контексте,0
я до сих пор так называю ... ))),0
"Передергиваете, Оля. Напрасно, кстати)
газлайтинг Ваш заключался в неоднозначных комментариях - рыжая ведьма, например, настаивать - все равно, что противостоять стаду бегущих бегемотов, душная грамотность превыше всего, которые частично удалялись потом модераторами, что позволяло Вам отрицать, что они были)
Касались они не только меня - были и советы подлечиться другим пользователям, коих тут совсем недавно вспоминали)",0
Виктория писала эпитплАм,0
Начинаааается))) вот так и теряем людей,0
ну главное что мы все понимали о чём она ))),0
"ну вот и про практику Вы сами за меня прекрасно ответили - очень люблю работать с врачами, а не пациентами - есть время дневать и ночевать в чате при большем уровне дохода, пока они не могут голову поднять) А не подпрыгивать от ночных звонков, суточных дежурств и чужих душераздирающих историй. А чате есть еще и минимальный шанс последние предотвратить, всего-то навсего размахивая своим ""дамокловым мечом"")",0
"А пока вы тут все собрались, кто поделится опытом восстановления с пептидами после перелома и операции женщина 70 лет с артрозом. Пока ничего не одобренного врачом не хочет колоть упорно, но я не теряю надежды",0
"в общем, я придумала, можно называть его ""Орфо чего-то там"" ... пока не научимся выговаривать правильно. Ну а самые шустрые будут просто копировать и пытаться сойти за умных)))
на Олигофрена точно найдётся тот, кто начнёт обижаться )))",0
Медного урода сложно переплюнуть,0
а Профессор что-нибудь насоветовал?,0
А что одобрил врач в такой ситуации? (извиняюсь),0
"Он только уколы предлагает, поддерживающие и помогающие регенерации",0
Врач одобрил выписку)))),0
"Вот мне теперь интересно стало, можно ли эту Орфу добавить например к Рете?  Все таки пищевой шум на ней присутствует, вдруг капсулкой закинуться можно 🤔",0
Выглядит как поиск очередных жерт для Натальи),0
"Есть кафедра превентивной медицины в РУДН в Москве, открыта в 2024 г. под руководством Кирилла Сергеевича Маслиева (о нëм и регалиях при желании см.
в интернете) , где проходят обучение врачи, нутрициологи, косметологи.
Попробуйте, вы бы там нашли себя с большей пользой, чем в чате подписчиков с др. уровнем знаний.",0
"У моей мамы сложный перелом плеча, жертвы Натальи могут объединиться в клуб анонимных жертв, меня это вообще не волнует)",0
Она в других чатах есть),0
"колола bpc-157 после мелкооскольчатого суставного перелома колена, прям в колено (довольно болюче). Заживало впринципе очень плохо, пептиды подключили не сразу, месяца через 4. На них процесс пошел сильно лучше, а главное ушли боли. Но назначал мне тот же врач, что и протокол по адипотиду))",0
"У неё тоже мелкооскольчатый, болюче это плохо, хорошо что помогло, вот я тоже боюсь долгого заживления, в больнице была итак 20 дней.",0
"ДЕВЧОНКИ ,кто просил? вот чисто вам от души скидываю ,недавно сама начала работать ,доход в интернете от 15 000 в день , легально !

Вот смотрите видео @doskonalsv7",1
😂😂😂,0
"Здравствуйте, а что случилось? Как теперь купить?
17:41

 Теедгат

зе >

Сайт на хостинге | № рег. ру

ейхтрерНае.ги

Работа сайта
приостановлена

Закончился срок действия услуги, или сайт
был отключен в панели управления

\М1р202.позИптд.гед.ги
13 Маг 2026 16:41

ь < . © ейхтрериаети © -*.",0
"Сайт не работает, как теперь купить продукцию?",0
"Добрый день,  могу услышать много нареканий, но я бы рекомендовала без опасений, токсичного в препарате ничего, лираглутид переносится хуже
По исследованию мону оставить контакт как буду знать все критерии включения,  сейчас только возраст 12+
Врач эндокринолог высшей категории,  стаж 26 лет",0
Добрый день.  Что случилось с сайтом?,0
Работа сайта приостановлена,0
"тает

@ ое: | 0 вая | ско © в а ныесь | ® днс

аророаель
Работа сайта
приостановлена. ф.

© регру тенты",0
?,0
Интересная схема?,0
"Я мужчине с ревматоидным артритом на всякий случай вообще не сказала, чем именно его колю",0
"Добрый день. Сайт не работает. Как сделать заказ?
16:55 ® 4 62 №! 2 1 @2

@ °5 ейгрернаегисааюд + 0)

Сайт на хостинге | би рег. ру

ейхирерчае.ги

Работа сайта
приостановлена

Закончился срок действия услуги, или сайт
был отключен в панели управления

\р202.По$пд.гед.ги
13 Маг 2026 16:54

Как исправить эту ошибку >

Ш [®) <",0
Сайт не работает. Как сделать заказ?,0
"Моя докопалась) женщины, наверное, более тревожный и менее доверчивы)",0
Я не разрешаю со мной спорить😁,0
"Но кстати, говоря. Обезболивающие он пить перестал. Улучшения небольшие, конечно, но если учесть, что лечения, как такового нет, то я и им рада",0
"Добрый день. Подскажите, как заказ сделать? Сайт не работает (",0
"Наверное, только подождать, пока починят. Тем более, что и рабочий день у них уже закончен",0
"Точно, про рабочее время я не подумала🙈. Поняла, спасибо",0
"Добрый день. Не понимаю почему заблокировали номер +79151748444. Я зашла на сайт, чтобы сделать заказ и рекомендовать вашу продукцию своей подруге, хотела передать ссылку, работа сайта приостановлена. Сообщила об этом вам и вы меня заблокировали",0
"Но они работают в выходные, можно рассчитывать что завтра все будет ок",0
"Сегодня антиспам лютует. Я писала, что по субботам тоже работают менеджеры. Возможно написать про заказ",0
Можете через телеграмм магазин оформить,0
Можно через телеграмм магазин оформить,0
"Я еще такой смотрела, почитала исследования и пока отложила, на этапе заживления вроде не надо
< Назад ЕЙхи' Рернае [©

мини-приложение

Информация о продукте

Тепраганае

Тепраганае (Терипаратид)— это рекомбинантный
полипептид, синтетический аналог паратиреоидного
гормона (ПТГ), состоящий из первых 34 аминокислотных
остатков №-концевой части человеческого ПТГ (ВРТН 1-
34). Эффективный анаболический агент против
различных форм остеопороза, способствующий
формированию новой костной ткани и снижению риска
переломов.

Выбрать дозировку",0
Добрый день! У меня сайт тоже не работает,0
Хорошо.,0
ну значит у неё всё хорошо ))) уже хорошо ))),0
"Я тоже думаю, что ничего токсичного нет в Терзипатиде.",0
"Лераглутид этот тот же Семаглутид... А Тирзепатид лучше, однозначно.",0
Спасибо большое!,0
Нашему ребёнку около 14.,0
"Я так этой схемой и не воспользовалась, но если правильно помню , то 10 мг через три дня, вот курс то ли 10 то ли 20 инъекций",0
"Сайт находится на техническом обслуживании, временно не доступен, для заказов переходите в ТГ-магизин - @elixirpeptidebot",0
А что с сайтом?,0
Попасть не могу(,0
Временно не работает. Можно оформит заказ через телеграм бот,0
Ссылку дайте пожалуйста,0
В боте @elixirpeptidebot,0
"| графики содержания препарата в крови

17:35 4 --- $1 ий 3; @0

< [=] 2 РерНае < :
от

еихирерице.ги
Пептид МАО+ купить по низкой

цене с доставкой

МАО+ играет ключевую роль в
выработке энергии (АТФ), репарации
ДНК и регуляции обмена веществ.
Большой выбор пептидов. Доставка по
РФ. Вся продукция сертифицирована.

Назад в главное меню

13 марта

_`) ЕйхиРерНае приветствует Вас,
ЗмеНапа $!

Здесь Вы можете:

— Пообщаться с нашим
ИИ-профессором и получить совет,

— Сделать точные расчёты и строить

в удобном калькуляторе,
— Купить нужные препараты в нашем
Теедгат-магазине,

Выберите нужный инструмент кнопками
ниже 1735",0
Спасибо),0
В боте цены почему то выше,0
Хотя вроде моя корзина,0
"Ну и как, помогло хоть что то? Или все еще в поиске",0
Мне Пинеалон понравился.,0
"⚠️ Внимание: технические работы на сайте

Пока на сайте ведутся технические работы, мы продолжаем принимать ваши заказы в обычном режиме через Telegram.

📍 Где заказать: @elixirpeptidebot

Простая инструкция:

- Выбирайте нужные товары в боте.

- Оформляйте заказ через менеджера.

Важно: Не забудьте написать менеджеру свой промокод при оформлении заказа!

Спасибо, что вы с нами! 💎❤️",0
"вход в магазин по выделенной кнопке
Здесь Вы можете:
— Пообщаться с нашим ИИ-профессором и получить совет,
— Сделать точные расчёты и строить графики содержания

препарата в крови в удобном калькуляторе,

— Купить нужные препараты в нашем Те!ед магазине,
Выберите нужный инструмент кнопками ниже “\ 19:27
®® ИИ Ассистенты Калькуляторы
[=)
Открыть магазин
НЫ оферта Данные ИП ©

[5 Каталог ‚ @ Сообщение...",0
"ейхтрернае.ги

Работа сайта приостановлена

к действия услуги йт был отключен в панели",0
"Добрый вечер, у меня у одной сайт не работает?
® гобота сайта приостановлена Хх +

о са —е Врз//ейхирернаети
28 | М @т=1 ГЫ Новая папка Г Палка [5 работа и дела ГЫ Георгу

Г5 приборы ГЫ разное ГЫ рещеты |

ейхтрерйае.ги

Работа сайта приостановлена

тключен в панели",0
"У меня не работает сайт, у всех так?",0
Я её вижу в чате Элексир пептид Академия,0
Возможно.. 🤝 Ну или видимо ренин - альдостероновая система глючит 🤷‍♂,0
Не ругайтесь 😅,0
Я вот думаю что будем делать если тг заблочат,0
"А в каком режиме колола , и были ли другие пепсы параллельно?",0
"Я его с Эпиталоном колола, Пинеалон 0,5 мг месяц и Эпиталон был",0
Рета еще лучше,0
Добрый вечер. Заказала медь косметическую и EGF. Медь во флаконе еле закрывает дно. Так и должно быть? EGF в два раза больше если не в три,0
"Да. Медь плотнее. Вы покупаете не обьем , а вес.",0
Что с сайтом? Заблокирован?,0
"Тоже хотела спросить, думала у меня только не работает",0
"Может надо немного почитать выше, что написано здесь и других ветках?",0
Буквально два сообщения наверх и вся тайна раскрыта,0
"Я уже раз 20 прочитала сегодня
Уже устала😂😂😂",0
"Здравствуйте, сайт не работает🌸
20:56 &! =; и @8

Я °з ейхпрернае.ги + @ :

Сайт на хостинге | Вы рег. ру

ейхирернае.ги

Работа сайта
приостановлена

Закончился срок действия услуги, или сайт
был отключен в панели управления

\р202.По$Ипд.гед.ги
13 Маг 2026 20:56

Как исправить эту ошибку >

Ш О < т",0
"Здравствуйте, сайт не работает.",0
"Здравствуйте, подскажите, пожалуйста, AOD-9604 когда будет в наличии в виале 5 мг?",0
Не будет. Только 2 мг,0
Так вроде объем не в мг измеряется…,0
"Скажите что то с сайтом ? Ни с одного браузера не заходит ?
23:07 ий 3

Сайт на хостинге | бы рег. ру

ейхирерчае.ги

Работа сайта
приостановлена

Закончился срок действия услуги, или сайт
был отключен в панели управления

\мр202.Поз{пд.гед.ги
13 Маг 2026 23:03

Как исправить эту ошибку >

< © ехирернаели ©, —-",0
Скажите что то с сайтом ? Ни с одного браузера не могу зайти,0
"Это из серии, что тяжелей килограмм гвоздей или ваты… тут можно их же но в объеме сравнить…",0
А трипептид меди  100 мг и косметический три пептид 200 мг?,0
"Их нельзя сравнивать, точнее не очень корректно…",0
@elixirpeptidebot как будто с сайтом что-то...,0
Вроде да. 🤫,0
Добрый день. Подскажите с сайтом проблемы? Не могу зайти и оформить заказ,0
"Серьёзно ?!
Сайт на хостинге | би рег. ру

ейхгрерЧае.ги

Работа сайта
приостановлена

Закончился срок действия услуги, или
сайт был отключен в панели управления

\1р202.По$п9д.гед.ги
14 Маг 2026 07:01

Как исправить эту ошибку >

< Работа сайтаг Ж /? =",0
Сайт еще долго будет лежать? Желаю производителю быстрее отбиться от атаки👍,0
Как связаться с менеджером по заказу 13-E48OY от 13.03.2026?,0
Скиньте пожалуйста ссылку на сайт. У меня сайт не открывается.,0
"Добрый день , сайт не работает",0
Неизвестно. Можете пользоваться телеграмм магазином пока.,0
Здравствуйте почему я не могу войти на сайт по ссылке пишет что работа на сайте приостановлена,0
"Через бот не получается оформить заказ, выдаёт ошибки на каждом этапе, при выборе сдэк не удаётся загрузить карту и всё на этом",0
"Не получается оформить заказ, постоянные ошибки, на этапе сдэк не загружает карту и на этом конец",0
Это через тг,0
Пробуйте выбрать курьера,0
"Там негде выбрать, пустое поле с ошибкой",0
Фото не грузит,0
Сюда нельзя фотки),0
"🚨Друзья, небольшая новость. Чат переносим в новую группу. Из-за технического момента утрачен доступ к администратору чата.

🌍Просьба всем перейти в новую группу. Перейти можно прямо отсюда жмите на сообщение, чтобы открыть группу.

💭Перейти в новый чат",1
"Доьрой день. Как связаться с администрацией? Контакты возможно.
Сделан и оплачен заказ , а в ответ тишина. Менеджер не отвечает хотя рабочие часы.",0
Сделайте заявку  администрации через бот @elixirchatreviewsbot,0
"Добрый день ,кто знает почему сайт не работает?
ейхгрерНае.ги

Сайт на хостинге рег. ру

ейхтрерНае.ги

Работа сайта
приостановлена

Закончился срок действия услуги, или сайт
был отключен в панели управления

\р202.Позпд.гед.ги

1426 р
< > о п",0
Давно не отвечают?,0
"Как зайти на сайт,выдает ошибку?сайт пептидов",0
Какие то работы ведутся,0
Я заказала через бота,0
"В анонсах Семаглутид 5 мг и 10 мг., почему не расфасовать лиофилизат дополнительно на 15мг и 30 мг?",0
Можно поподробнее 😊,0
"Не могу зайти на ваш сайт?
17:00 1: © =.|,

® ейхирерие.ги о

Сайт на хостинге | би рег.ру

ейхтрерчае.ги

Работа сайта
приостановлена

Закончился срок действия услуги,
или сайт был отключен в панели
управления

< о ®

Ш [®) <",0
"Даже не видел такого🤷.
Спасибо!",0
"Подскажите пожалуйста,оформила заказ через бота и написано было :скоро с вами свяжемся для подтверждения оплаты ,но до сих пор тишина",0
"Добрый вечер! У меня вопрос о возможности начать применять тесофенсин, если у меня сейчас в процессе применения 4 пептида (эпиталон, семакс - спреи, медь и пинеалон в иньекциях)?  Эпиталон восстановил отсутствие сна, добавил немного энергии, но хочется энергии побольше.",0
"Задайте вопрос боту или обратитесь к врачу, рассмотреть врачей, можно в ветке врачи.",0
"Всем привет! Увидел, что меня тут вспоминали. Простите, что редко захожу. Работа никак не хочет переходить на Федота.)",0
"Ой, у меня что-то со зрением. Я вижу призраков",0
"Ушел туман из головы, мне кажется, что память и концентрация внимания улучшилась, стала спокойней, но это все может быть и в следствии опять налаженного сна. Но я его колола по схеме 0,5 мг в день месяц, даже по-моему чуть больше получилось, подумала, что если колоть по 1 мг будет ее лучше…",0
"Что с сайтом , пишет работа приостановлена, не корректное размещение.
Это на долго?",0
Я правда похож на призрака?),0
"Да мы уже тут забыли, как ты выглядишь",0
Супер,0
"Подскажите пожалуйста, сайт работает?  elixirpeptide.ru
Работа сайта приостановлена
Закончился срок действия услуги, или сайт был отключен в панели управления
vip202.hosting.reg.ru
14 Mar 2026 20:54",0
Сайт не открывается,0
В боте есть магазин. Пока только он,0
"2,3 раза подряд  повторите действия,  откроется",0
Какие действия?,0
Я про магазин,0
Greyverse нет в наличии?,0
"Удалю, чтобы  не вводить  заблуждение",0
"Ребята, что с сайтом?",0
Ребят если першит в горле при первом введении тирзепатида это норм или какая то аллергическая реакция?,0
Выпила супростин на всякий случай,0
Это психосоматика…,0
Слава богу🙏🏼,0
Спасибо🙏🏼🙏🏼,0
Аллергии быть не может?,0
А то у меня паника уже,0
Выпила супростин и дексаметозон на всякий случай,0
"аллергия быть может, только вряд ли начнется и будет иметь проявления исключительно в виде першения в горле.",0
"Может, но она в большинстве случаев проявляется местными реакциями, першение в горле я не встречала, как реакцию на тирзепатид, ну опять таки, если только психосоматика, от страх первого введения вещества…",0
Спасибо девочки🙏🏼 да возможно психосоматика от первого введения,0
"Наталия, а вы имеете ввиду совсем его прекратить? Я сегодня впервые его ввела",0
"Прекращать точно не стоит, особенно, если все пройдет)))",0
"нет, прекратить на сегодня супрастин и дексу и еще что-нибудь, что у Вас есть в аптечке.
Не нужно. Непохоже на аллергию, но и на этот случай Вы уже  все выпили)",0
"Спасибо всем большое мне легче стало, выдохнула🙏🏼❤️",0
"В комплекте ретра( 30мг 3 мл , картридж ), ничего дополнительно не нужно покупать ? Все разведено и можно колоть ? 2,5 мг в неделю 25 щелчков ?",0
Присоединяюсь к вопросу Руслана.,0
"С разведение препарата мне все равно непонятно. Боюсь , что то сделать не так. Лучше купить готовый. И наверное еще надо ручку? Для картриджа.? А где ее можно купить?",0
"🔥 Топ-5 фактов о Retatrutide (RetaSlim)

1️⃣ Это первый в мире «тройной агонист»

2️⃣ Эффект, сравнимый с хирургической операцией
В исследованиях пациенты в течение 68 недель теряли до 29% массы тела

3️⃣ Интересный факт: изначально его разрабатывали для диабета 2 типа

4️⃣ Тайная польза для сердца: чистка сосудов
В 2025 году вышло исследование, показывающее, что ретатрутид снижает уровень «плохого» холестерина (ЛПНП) и триглицеридов уникальным способом. Он уменьшает концентрацию комплекса белка ANGPTL3/8 в печени, который обычно мешает расщеплению жиров в крови.
Проще говоря, он не только убирает жир с боков, но и чистит сосуды изнутри.

5️⃣ Неожиданный эффект: уменьшение боли в суставах
В том же исследовании TRIUMPH-4 ученые обнаружили интересный эффект: у участников не просто ушли килограммы, но и на 75,8% снизился болевой синдром. Более 12% пациентов заявили, что боль в коленях ушла полностью.
Исследователи считают, что это не только из-за снижения нагрузки на суставы, но и из-за прямого противовоспалительного действия препарата.

🧬 Ретатрутид — один из самых обсуждаемых препаратов в мире метаболической медицины.

Заказать Retatrutide можно уже сейчас по ссылке - https://elixirpeptide.ru/catalog/snizhenie_vesa_i_zhiroszhigateli/retaslim/",0
"С сайтом та же проблема, не открывается. Я думала что что то у меня.",0
Есть в продаже на сайте.,0
Ручка. Иглы.,0
Есть на сайте ElexlrPeptide.,0
"Здравствуйте, а когда сайт заработает?",0
В макс не планируете переходить?,0
Почему сайт не работает?,0
"Здравствуйте, сейчас только через бот заказы, сайт не будет работать?",0
‼️Про сайт читаем закреп в ветке,0
"Девочки, срочно: в закрытом канале сегодня раздают бесплатные пробники для похудения. Кто хочет — пишите в личку слово СТАРТ, ссылка действует 20 минут.",1
"Только для участниц чата: заберите подарок за подписку на наш новый канал. Набор уходит первым 30, потом ссылка закроется навсегда.",1
"Кому нужен доп доход из дома? Без вложений на старте, обучение даю сама. Пишите «интересно» и отправлю условия.",1
"Небольшое объявление: старую группу скоро удаляем, все полезные файлы и акции уже в новом канале. Заходите по ссылке, пока доступ открыт.",1
"Девочки, нашла поставщика напрямую, цены в 2 раза ниже аптечных. Скину прайс и контакты только в личные сообщения.",1
Сегодня запускаем мини-розыгрыш сертификатов на 5000 ₽. Для участия надо просто перейти в канал и нажать кнопку «участвую».,1
"Срочно, пока не удалили: в новом чате выложили промокод на бесплатную доставку и подарок к первому заказу. Кому отправить ссылку?",1
"Друзья, ищу 5 человек в тестовую команду. Нужно только телефон и 15 минут в день, оплата каждую неделю.",1
"Открыла набор на удалённую подработку для мам и студентов. Опыт не нужен, шаблоны и обучение уже готовы.",1
"Внимание, чат переезжает. Здесь сообщения скоро отключим, чтобы не потерять всех — переходите в резервный канал по ссылке в профиле.",1
"Кто хотел закупаться без наценки? Нашли склад, где можно брать напрямую. Пишите «прайс» — отправлю актуальный список.",1
"Девочки, только до вечера идёт распродажа 1+1=3. Сама уже оформила, если нужна ссылка на каталог — напишите в личку.",1
"Не игнорируйте, потом будете искать: в новом канале оставила подробную таблицу скидок и бонусов по городам.",1
"Бесплатный вебинар уже сегодня: как начать получать деньги онлайн без опыта. Места почти закончились, запись через сообщение «иду».",1
"Последний день набора в закрытый клуб со скидкой 80%. Завтра стоимость поднимут, а доступ к материалам закроют.",1
"У кого дети дома/каникулы/работа — есть удобная подработка с гибким графиком. Выплаты без задержек, подробности в личке.",1
"Запускаем секретный чат для своих: там будут закрытые акции, купоны и ранний доступ к распродажам. Кому нужна ссылка?",1
"Только что открыли форму на получение бесплатного бокса от партнёров. Заполняется за минуту, количество ограничено.",1
"Нужны девушки 20+ для рекламы нового продукта. Съёмка не требуется, всё онлайн, оплата в тот же день.",1
"Вы ещё здесь? Основная активность уже давно в новом канале, тут скоро отключим комментарии. Не потеряйтесь.",1
"Даю рабочую схему, как выйти на 30–50 тыс. в месяц с телефона. Без офиса и начальников. Кому интересно — откликнитесь.",1
Разыгрываем 3 сертификата и большой бокс подарков среди новых подписчиков. Условие одно — зайти в канал до полуночи.,1
"Девочки, слили доступ к закрытой базе скидок. Не знаю, сколько провисит, поэтому отправляю только тем, кто пишет сразу.",1
"Кому отправить ссылку на складские цены? Там реально дешевле, чем в магазинах и на маркетплейсах.",1
Срочно ищу 2 человека на простую удалённую занятость: отвечать по шаблону и вести переписку. Оплата ежедневно.,1
Официально открыли набор на домашнюю работу с обучением. Пишите «+» и вышлю подробный план без воды.,1
Пока админы не удалили: в закрепе нового канала лежит купон на 3000 ₽ и список самых выгодных позиций.,1
"Ребята, стартует набор на обучение заработку на маркетплейсах. Первый урок бесплатный, места ограничили.",1
"Не теряйте шанс: сегодня можно забрать набор по себестоимости, завтра цены вернутся обратно.",1
"Переходим в тихий резервный чат, здесь часто режут охваты и сообщения видят не все. Ссылка есть, кому нужна — дам.",1
"Девочки, кому прислать прайс по акции «второй товар за 1 ₽»? На сайте этого предложения нет.",1
"Открыта регистрация на закрытую распродажу для своих. После 21:00 доступ уберут, успевайте.",1
Кто хочет бесплатную консультацию и персональный подбор? Сегодня делаем без оплаты для первых десяти сообщений.,1
"Заберите бонус за подписку: новый канал + чек-лист + купон на первую покупку. Пишите, пока активна форма.",1
Ищу активных людей в команду на онлайн-проект. Можно совмещать с учёбой и основной работой.,1
"Секретный промокод уже выложен, но ненадолго. Кто не видел — пишите в личку, перешлю без лишних слов.",1
"В новый чат уже перешло большинство, здесь информацию больше дублировать не будем. Переходите сейчас.",1
"Есть заработок на ответах по шаблону, без созвонов и продаж. Подходит новичкам, всё объясню лично.",1
Кому нужен доступ к оптовому прайсу? Сегодня его отдают без вступительных взносов.,1
"Девочки, у партнёров акция на ограниченную партию — скидка 73% только по закрытой ссылке.",1
"Розыгрыш проходит прямо сейчас: среди тех, кто зайдёт в канал до 23:59, выберут 5 победителей.",1
"Пишите «каталог», если хотите свежую подборку товаров по суперценам. В общий чат ссылки кидать нельзя.",1
"Ищу девушек для тестирования нового сервиса. Нужно оставить короткий отзыв, оплата сразу после выполнения.",1
"Старая группа больше не ведётся, все ответы, отзывы и полезные материалы уже в новом канале.",1
"В личку пришёл доступ к приватной распродаже, делюсь только сегодня. Кому отправить приглашение?",1
"Открываем мини-набор на удалённую работу для начинающих. Можно с телефона, выплаты без ожидания.",1
Сегодня в 19:00 закрываем набор на бесплатный интенсив. Кто хочет попасть — отзовитесь прямо сейчас.,1
"Кто спрашивал, где брать дешевле? Нашла вариант без посредников, вышлю проверенные контакты в личку.",1
"У нас новый закрытый список промокодов и бонусов. Скину тем, кто напишет «список».",1
Важное сообщение: из-за ограничений переходим на запасной канал. Тут часть публикаций скоро удалим.,1
"Девочки, не упустите — у поставщика ночная распродажа, утром таких цен уже не будет.",1
Первым 15 подписавшимся дарим электронный гайд и личную консультацию бесплатно.,1
"Набираю людей на лёгкие задания онлайн. Без опыта, без собеседования, оплата по факту.",1
"Кто хотел подарочный набор почти даром? Сейчас можно оформить по специальной ссылке, но ненадолго.",1
"Ребята, для своих сделали закрытый канал с ежедневными акциями и розыгрышами. Вход пока свободный.",1
"Пишите «работа», если нужен подработок с понятными шагами и без лишней бюрократии.",1
Там уже выложили список победителей прошлого розыгрыша и новый анонс. Кто не в канале — многое пропускает.,1
Осталось всего 7 мест на тест-группу. После добора анкету закроем и ссылку удалим.,1
Секретная подборка скидок на эту неделю доступна только по приглашению. Кому отправить?,1
"Девочки, в новом чате без спама и с полезными подборками. Здесь скоро активность сворачиваем.",1
"Кто хочет начать зарабатывать на перепродаже без склада? Есть понятная схема, объясню по шагам.",1
"Сейчас идёт набор на бесплатный разбор и аудит. Участвуют только те, кто напишет до вечера.",1
Ловите шанс: только сегодня первый заказ идёт с подарком и бесплатной доставкой.,1
"В общий чат нельзя, поэтому пишу так: у нас открыта ссылка на закрытый каталог, спрашивайте в личке.",1
"Ищу 3 ответственных человека в онлайн-команду. Нужны только телефон, интернет и желание.",1
"Если вам нужны реальные скидки, а не витринные цены — напишите мне, отправлю доступ к базе.",1
"У нас перезапуск проекта, поэтому старый чат больше не поддерживаем. Чтобы остаться с нами, перейдите в новый.",1
Кому нужен заработок без начальства и офиса? Есть простая система с готовыми инструкциями.,1
"Сегодня можно забрать бесплатный пробный доступ к материалам, завтра форма уже будет закрыта.",1
"Девочки, в закрытом канале выложили большие купоны и список товаров дня. Ссылка временная.",1
"Не откладывайте: промокод работает до полуночи, потом его отключат без предупреждения.",1
Для новых участниц действует бонусный пакет и личное сопровождение. Могу отправить условия.,1
Кто хочет зайти в команду на старте? Сейчас самые выгодные условия и ускоренное обучение.,1
"Техническое сообщение: чтобы не потерять чат, переходите на резервную площадку. Здесь часть сообщений исчезнет.",1
"Отправлю подборку самых выгодных предложений за март тем, кто напишет «март».",1
"Сейчас набираем людей на простую онлайн-помощь клиентам. Всё по шаблонам, оплата стабильно.",1
"Розыгрыш уже запустили, но регистрация идёт только до конца дня. Не пропустите подарок.",1
"В новом канале есть отзывы, цены, купоны и полезные файлы. Здесь больше этого не будет.",1
Кому нужен доступ к акциям раньше остальных? Есть приватный список для своих.,1
Вечером закрываем вход в мини-группу с обучением. Потом добавления не будет до следующего месяца.,1
"Девочки, делюсь ссылкой на ночную скидку, которую не вывесили публично. Пишите, если актуально.",1
Требуются люди на удалённую занятость 1–2 часа в день. Подходит даже без опыта и резюме.,1
Только сегодня участникам нового канала дарим бесплатный чек-лист и бонусный код.,1
Кто хочет получать подборки выгодных предложений без лишнего шума? Есть отдельный приватный канал.,1
"Успейте забрать участие в акции, пока не закончились промо-места. Потом цена будет обычная.",1
"Пишите в личку, отправлю пошаговую схему старта и список актуальных предложений.",1
У нас обновился каталог и открылась форма на персональную скидку. Доступ по запросу.,1
"Друзья, старую площадку скоро закроем, потому что весь движ уже в запасном канале.",1
Кому интересны быстрые выплаты и работа с телефона — расскажу подробнее без лишних обещаний.,1
В подарок новым подписчикам даём бонусный урок и купон. Осталось несколько часов.,1
"Переходите в новый чат, там уже выложили главное объявление и ссылку на акцию недели.",1
"Срочно: освободилось несколько мест в потоке, можно зайти по сниженной цене до вечера.",1
"Девочки, у кого был запрос на поставщика без посредников — могу поделиться контактами.",1
"Есть закрытый список товаров по спецценам, в общий чат его не выкладываем. Кому нужно?",1
Ищу людей на удалённый проект с понятными задачами и поддержкой на старте. Пишите «хочу».,1
Сегодня проводим бесплатный разбор для новых участниц. Запись только через личные сообщения.,1
"Ссылка на акцию временная, потому что лимит по участникам. Не тяните, если хотели.",1
Открыт доступ к новой бонусной программе. Первые участники получают дополнительные подарки.,1
"Кому скинуть приглашение в канал, где без задержек выкладываем все скидки и новинки?",1
"Важно: в этой группе скоро отключим возможность писать, поэтому переходите туда, где будет продолжение.",1
"Можно забрать спецусловия на первый заказ, если написать мне до 22:00.",1
В новом канале уже лежит файл с промокодами на неделю. Здесь повторять не буду.,1
Ищу несколько человек для онлайн-обучения с последующей подработкой. Всё удалённо.,1
"Не ждите, пока акция закончится: ограничение по количеству уже почти выбрали.",1
"Кто спрашивал про честные цены без накрутки? Есть закрытый прайс, отправлю лично.",1
"Небольшой анонс: завтра доступ в группу станет платным, сегодня ещё можно зайти бесплатно.",1
"Девочки, в резервном чате уже добавили свежие отзывы и список бонусов за регистрацию.",1
"Запускаем конкурс комментариев среди новых подписчиков. Призы реальные, участие бесплатное.",1
"Подработка для внимательных: отвечать клиентам по скрипту, график свободный, обучение есть.",1
Только до утра: купон на повышенную скидку и подарок к заказу. Потом его удалят.,1
"У кого есть 30 минут вечером, могу показать схему заработка без сложных настроек и продаж.",1
"Переходите в новый канал, здесь часть объявлений уже скрыли из-за ограничений платформы.",1
Последнее напоминание: анкета на участие в тест-группе закрывается сегодня в 18:00.,1
Кому отправить закрытую ссылку на подборку лучших предложений месяца? В общий чат нельзя.,1
Сейчас самое время зайти — новым участникам даём повышенный бонус и личное сопровождение.,1
"Нужны 4 человека для простого онлайн-проекта. Быстрый старт, понятные действия, оплата без задержек.",1
"Всем, кто давно хотел, скину приглашение в канал с акциями раньше остальных. Пишите сразу.",1
"Скидка 70% на весь каталог только сегодня на витамины премиум-линейки. Не откладывайте, предложение исчезнет через 15 минут. Ответ нужен сейчас. Код уведомления 7001.",1
"Закрытая распродажа для первых 50 участников на домашний массажер. Пока вы читаете это сообщение, цена продолжает расти. Проверьте уведомление немедленно. Код уведомления 7002.",1
Последний день акции: 2 по цене 1 на курсы английского онлайн. Предложение не дублируется в приложении. Время на подтверждение ограничено. Код уведомления 7003.,1
"Дарим бонус 3000₽ на первый заказ на модульные рюкзаки. Переходите сейчас, иначе бонус сгорит автоматически. Система ожидает ваш ответ. Код уведомления 7004.",1
"Ваш промокод активирован, заберите подарок на витамины премиум-линейки. Поторопитесь, повторно такое уведомление не придет. Не теряйте доступ к предложению. Код уведомления 7005.",1
"Финальная цена действует до полуночи на домашний массажер. Нажмите и подтвердите участие, пока слот не отдали другому. Условия не повторяются. Код уведомления 7006.",1
"Секретная акция для подписчиков канала на курсы английского онлайн. Ссылка активна один раз, потом доступ закроется. Следующее окно откроется позже. Код уведомления 7007.",1
"Склад закрывается, товары отдаем по себестоимости на модульные рюкзаки. После закрытия окна условия станут обычными. Таймер уже запущен. Код уведомления 7008.",1
"Только сейчас бесплатная доставка по всей стране на витамины премиум-линейки. Мест почти не осталось, следующее окно будет дороже. Повторная активация может быть недоступна. Код уведомления 7009.",1
Купон уже закреплен за вашим номером на домашний массажер. Успейте оформить до обновления прайса. Приоритет сохранится только после подтверждения. Код уведомления 7010.,1
"Новая партия пришла раньше срока на курсы английского онлайн. Ответьте любым символом, чтобы система удержала бронь. Это сообщение отправлено один раз. Код уведомления 7011.",1
"Ваш заказ собран, не хватает одного шага на модульные рюкзаки. Подтверждение занимает меньше минуты. Подтверждение доступно до конца часа. Код уведомления 7012.",1
"Скидка 70% на весь каталог только сегодня на витамины премиум-линейки. Не откладывайте, предложение исчезнет через 15 минут. Ответ нужен сейчас. Код уведомления 7013.",1
"Закрытая распродажа для первых 50 участников на домашний массажер. Пока вы читаете это сообщение, цена продолжает расти. Проверьте уведомление немедленно. Код уведомления 7014.",1
Последний день акции: 2 по цене 1 на курсы английского онлайн. Предложение не дублируется в приложении. Время на подтверждение ограничено. Код уведомления 7015.,1
"Дарим бонус 3000₽ на первый заказ на модульные рюкзаки. Переходите сейчас, иначе бонус сгорит автоматически. Система ожидает ваш ответ. Код уведомления 7016.",1
"Ваш промокод активирован, заберите подарок на витамины премиум-линейки. Поторопитесь, повторно такое уведомление не придет. Не теряйте доступ к предложению. Код уведомления 7017.",1
"Финальная цена действует до полуночи на домашний массажер. Нажмите и подтвердите участие, пока слот не отдали другому. Условия не повторяются. Код уведомления 7018.",1
"Секретная акция для подписчиков канала на курсы английского онлайн. Ссылка активна один раз, потом доступ закроется. Следующее окно откроется позже. Код уведомления 7019.",1
"Склад закрывается, товары отдаем по себестоимости на модульные рюкзаки. После закрытия окна условия станут обычными. Таймер уже запущен. Код уведомления 7020.",1
"Только сейчас бесплатная доставка по всей стране на витамины премиум-линейки. Мест почти не осталось, следующее окно будет дороже. Повторная активация может быть недоступна. Код уведомления 7021.",1
Купон уже закреплен за вашим номером на домашний массажер. Успейте оформить до обновления прайса. Приоритет сохранится только после подтверждения. Код уведомления 7022.,1
"Новая партия пришла раньше срока на курсы английского онлайн. Ответьте любым символом, чтобы система удержала бронь. Это сообщение отправлено один раз. Код уведомления 7023.",1
"Ваш заказ собран, не хватает одного шага на модульные рюкзаки. Подтверждение занимает меньше минуты. Подтверждение доступно до конца часа. Код уведомления 7024.",1
"Скидка 70% на весь каталог только сегодня на витамины премиум-линейки. Не откладывайте, предложение исчезнет через 15 минут. Ответ нужен сейчас. Код уведомления 7025.",1
"Закрытая распродажа для первых 50 участников на домашний массажер. Пока вы читаете это сообщение, цена продолжает расти. Проверьте уведомление немедленно. Код уведомления 7026.",1
Последний день акции: 2 по цене 1 на курсы английского онлайн. Предложение не дублируется в приложении. Время на подтверждение ограничено. Код уведомления 7027.,1
"Дарим бонус 3000₽ на первый заказ на модульные рюкзаки. Переходите сейчас, иначе бонус сгорит автоматически. Система ожидает ваш ответ. Код уведомления 7028.",1
"Ваш промокод активирован, заберите подарок на витамины премиум-линейки. Поторопитесь, повторно такое уведомление не придет. Не теряйте доступ к предложению. Код уведомления 7029.",1
"Финальная цена действует до полуночи на домашний массажер. Нажмите и подтвердите участие, пока слот не отдали другому. Условия не повторяются. Код уведомления 7030.",1
"Секретная акция для подписчиков канала на курсы английского онлайн. Ссылка активна один раз, потом доступ закроется. Следующее окно откроется позже. Код уведомления 7031.",1
"Склад закрывается, товары отдаем по себестоимости на модульные рюкзаки. После закрытия окна условия станут обычными. Таймер уже запущен. Код уведомления 7032.",1
"Только сейчас бесплатная доставка по всей стране на витамины премиум-линейки. Мест почти не осталось, следующее окно будет дороже. Повторная активация может быть недоступна. Код уведомления 7033.",1
Купон уже закреплен за вашим номером на домашний массажер. Успейте оформить до обновления прайса. Приоритет сохранится только после подтверждения. Код уведомления 7034.,1
"Новая партия пришла раньше срока на курсы английского онлайн. Ответьте любым символом, чтобы система удержала бронь. Это сообщение отправлено один раз. Код уведомления 7035.",1
"Ваш заказ собран, не хватает одного шага на модульные рюкзаки. Подтверждение занимает меньше минуты. Подтверждение доступно до конца часа. Код уведомления 7036.",1
"Скидка 70% на весь каталог только сегодня на витамины премиум-линейки. Не откладывайте, предложение исчезнет через 15 минут. Ответ нужен сейчас. Код уведомления 7037.",1
"Закрытая распродажа для первых 50 участников на домашний массажер. Пока вы читаете это сообщение, цена продолжает расти. Проверьте уведомление немедленно. Код уведомления 7038.",1
Последний день акции: 2 по цене 1 на курсы английского онлайн. Предложение не дублируется в приложении. Время на подтверждение ограничено. Код уведомления 7039.,1
"Дарим бонус 3000₽ на первый заказ на модульные рюкзаки. Переходите сейчас, иначе бонус сгорит автоматически. Система ожидает ваш ответ. Код уведомления 7040.",1
"Ваш промокод активирован, заберите подарок на витамины премиум-линейки. Поторопитесь, повторно такое уведомление не придет. Не теряйте доступ к предложению. Код уведомления 7041.",1
"Финальная цена действует до полуночи на домашний массажер. Нажмите и подтвердите участие, пока слот не отдали другому. Условия не повторяются. Код уведомления 7042.",1
"Секретная акция для подписчиков канала на курсы английского онлайн. Ссылка активна один раз, потом доступ закроется. Следующее окно откроется позже. Код уведомления 7043.",1
"Склад закрывается, товары отдаем по себестоимости на модульные рюкзаки. После закрытия окна условия станут обычными. Таймер уже запущен. Код уведомления 7044.",1
"Только сейчас бесплатная доставка по всей стране на витамины премиум-линейки. Мест почти не осталось, следующее окно будет дороже. Повторная активация может быть недоступна. Код уведомления 7045.",1
Купон уже закреплен за вашим номером на домашний массажер. Успейте оформить до обновления прайса. Приоритет сохранится только после подтверждения. Код уведомления 7046.,1
"Новая партия пришла раньше срока на курсы английского онлайн. Ответьте любым символом, чтобы система удержала бронь. Это сообщение отправлено один раз. Код уведомления 7047.",1
"Ваш заказ собран, не хватает одного шага на модульные рюкзаки. Подтверждение занимает меньше минуты. Подтверждение доступно до конца часа. Код уведомления 7048.",1
"Скидка 70% на весь каталог только сегодня на витамины премиум-линейки. Не откладывайте, предложение исчезнет через 15 минут. Ответ нужен сейчас. Код уведомления 7049.",1
"Закрытая распродажа для первых 50 участников на домашний массажер. Пока вы читаете это сообщение, цена продолжает расти. Проверьте уведомление немедленно. Код уведомления 7050.",1
Последний день акции: 2 по цене 1 на курсы английского онлайн. Предложение не дублируется в приложении. Время на подтверждение ограничено. Код уведомления 7051.,1
"Дарим бонус 3000₽ на первый заказ на модульные рюкзаки. Переходите сейчас, иначе бонус сгорит автоматически. Система ожидает ваш ответ. Код уведомления 7052.",1
"Ваш промокод активирован, заберите подарок на витамины премиум-линейки. Поторопитесь, повторно такое уведомление не придет. Не теряйте доступ к предложению. Код уведомления 7053.",1
"Финальная цена действует до полуночи на домашний массажер. Нажмите и подтвердите участие, пока слот не отдали другому. Условия не повторяются. Код уведомления 7054.",1
"Секретная акция для подписчиков канала на курсы английского онлайн. Ссылка активна один раз, потом доступ закроется. Следующее окно откроется позже. Код уведомления 7055.",1
"Склад закрывается, товары отдаем по себестоимости на модульные рюкзаки. После закрытия окна условия станут обычными. Таймер уже запущен. Код уведомления 7056.",1
"Только сейчас бесплатная доставка по всей стране на витамины премиум-линейки. Мест почти не осталось, следующее окно будет дороже. Повторная активация может быть недоступна. Код уведомления 7057.",1
Купон уже закреплен за вашим номером на домашний массажер. Успейте оформить до обновления прайса. Приоритет сохранится только после подтверждения. Код уведомления 7058.,1
"Новая партия пришла раньше срока на курсы английского онлайн. Ответьте любым символом, чтобы система удержала бронь. Это сообщение отправлено один раз. Код уведомления 7059.",1
"Ваш заказ собран, не хватает одного шага на модульные рюкзаки. Подтверждение занимает меньше минуты. Подтверждение доступно до конца часа. Код уведомления 7060.",1
"Ozon: ваша посылка задержана из-за неверного индекса. Откройте форму и подтвердите данные, иначе отправление вернут отправителю. Ответ нужен сейчас. Код уведомления 7061.",1
Wildberries: требуется подтвердить номер для выдачи. Нажмите на уведомление и выберите удобное время вручения. Проверьте уведомление немедленно. Код уведомления 7062.,1
"СДЭК: адрес не прошел автоматическую проверку. Подтвердите адрес сейчас, иначе система спишет заказ в архив. Время на подтверждение ограничено. Код уведомления 7063.",1
"Boxberry: оплата доставки не прошла. Откройте форму и подтвердите данные, иначе отправление вернут отправителю. Система ожидает ваш ответ. Код уведомления 7064.",1
Яндекс Доставка: срок бесплатного хранения истекает через час. Нажмите на уведомление и выберите удобное время вручения. Не теряйте доступ к предложению. Код уведомления 7065.,1
"Почта: последняя попытка вручения назначена на сегодня. Подтвердите адрес сейчас, иначе система спишет заказ в архив. Условия не повторяются. Код уведомления 7066.",1
"Курьерская служба: нужна доплата 29₽ за хранение. Откройте форму и подтвердите данные, иначе отправление вернут отправителю. Следующее окно откроется позже. Код уведомления 7067.",1
Склад выдачи: посылка переведена в ручную обработку. Нажмите на уведомление и выберите удобное время вручения. Таймер уже запущен. Код уведомления 7068.,1
"Маркет: накладная сформирована с ошибкой. Подтвердите адрес сейчас, иначе система спишет заказ в архив. Повторная активация может быть недоступна. Код уведомления 7069.",1
"Пункт самовывоза: на упаковке отсутствует подтверждение получателя. Откройте форму и подтвердите данные, иначе отправление вернут отправителю. Приоритет сохранится только после подтверждения. Код уведомления 7070.",1
Ozon: ваша посылка задержана из-за неверного индекса. Нажмите на уведомление и выберите удобное время вручения. Это сообщение отправлено один раз. Код уведомления 7071.,1
"Wildberries: требуется подтвердить номер для выдачи. Подтвердите адрес сейчас, иначе система спишет заказ в архив. Подтверждение доступно до конца часа. Код уведомления 7072.",1
"СДЭК: адрес не прошел автоматическую проверку. Откройте форму и подтвердите данные, иначе отправление вернут отправителю. Ответ нужен сейчас. Код уведомления 7073.",1
Boxberry: оплата доставки не прошла. Нажмите на уведомление и выберите удобное время вручения. Проверьте уведомление немедленно. Код уведомления 7074.,1
"Яндекс Доставка: срок бесплатного хранения истекает через час. Подтвердите адрес сейчас, иначе система спишет заказ в архив. Время на подтверждение ограничено. Код уведомления 7075.",1
"Почта: последняя попытка вручения назначена на сегодня. Откройте форму и подтвердите данные, иначе отправление вернут отправителю. Система ожидает ваш ответ. Код уведомления 7076.",1
Курьерская служба: нужна доплата 29₽ за хранение. Нажмите на уведомление и выберите удобное время вручения. Не теряйте доступ к предложению. Код уведомления 7077.,1
"Склад выдачи: посылка переведена в ручную обработку. Подтвердите адрес сейчас, иначе система спишет заказ в архив. Условия не повторяются. Код уведомления 7078.",1
"Маркет: накладная сформирована с ошибкой. Откройте форму и подтвердите данные, иначе отправление вернут отправителю. Следующее окно откроется позже. Код уведомления 7079.",1
Пункт самовывоза: на упаковке отсутствует подтверждение получателя. Нажмите на уведомление и выберите удобное время вручения. Таймер уже запущен. Код уведомления 7080.,1
"Ozon: ваша посылка задержана из-за неверного индекса. Подтвердите адрес сейчас, иначе система спишет заказ в архив. Повторная активация может быть недоступна. Код уведомления 7081.",1
"Wildberries: требуется подтвердить номер для выдачи. Откройте форму и подтвердите данные, иначе отправление вернут отправителю. Приоритет сохранится только после подтверждения. Код уведомления 7082.",1
СДЭК: адрес не прошел автоматическую проверку. Нажмите на уведомление и выберите удобное время вручения. Это сообщение отправлено один раз. Код уведомления 7083.,1
"Boxberry: оплата доставки не прошла. Подтвердите адрес сейчас, иначе система спишет заказ в архив. Подтверждение доступно до конца часа. Код уведомления 7084.",1
"Яндекс Доставка: срок бесплатного хранения истекает через час. Откройте форму и подтвердите данные, иначе отправление вернут отправителю. Ответ нужен сейчас. Код уведомления 7085.",1
Почта: последняя попытка вручения назначена на сегодня. Нажмите на уведомление и выберите удобное время вручения. Проверьте уведомление немедленно. Код уведомления 7086.,1
"Курьерская служба: нужна доплата 29₽ за хранение. Подтвердите адрес сейчас, иначе система спишет заказ в архив. Время на подтверждение ограничено. Код уведомления 7087.",1
"Склад выдачи: посылка переведена в ручную обработку. Откройте форму и подтвердите данные, иначе отправление вернут отправителю. Система ожидает ваш ответ. Код уведомления 7088.",1
Маркет: накладная сформирована с ошибкой. Нажмите на уведомление и выберите удобное время вручения. Не теряйте доступ к предложению. Код уведомления 7089.,1
"Пункт самовывоза: на упаковке отсутствует подтверждение получателя. Подтвердите адрес сейчас, иначе система спишет заказ в архив. Условия не повторяются. Код уведомления 7090.",1
"Ozon: ваша посылка задержана из-за неверного индекса. Откройте форму и подтвердите данные, иначе отправление вернут отправителю. Следующее окно откроется позже. Код уведомления 7091.",1
Wildberries: требуется подтвердить номер для выдачи. Нажмите на уведомление и выберите удобное время вручения. Таймер уже запущен. Код уведомления 7092.,1
"СДЭК: адрес не прошел автоматическую проверку. Подтвердите адрес сейчас, иначе система спишет заказ в архив. Повторная активация может быть недоступна. Код уведомления 7093.",1
"Boxberry: оплата доставки не прошла. Откройте форму и подтвердите данные, иначе отправление вернут отправителю. Приоритет сохранится только после подтверждения. Код уведомления 7094.",1
Яндекс Доставка: срок бесплатного хранения истекает через час. Нажмите на уведомление и выберите удобное время вручения. Это сообщение отправлено один раз. Код уведомления 7095.,1
"Почта: последняя попытка вручения назначена на сегодня. Подтвердите адрес сейчас, иначе система спишет заказ в архив. Подтверждение доступно до конца часа. Код уведомления 7096.",1
"Курьерская служба: нужна доплата 29₽ за хранение. Откройте форму и подтвердите данные, иначе отправление вернут отправителю. Ответ нужен сейчас. Код уведомления 7097.",1
Склад выдачи: посылка переведена в ручную обработку. Нажмите на уведомление и выберите удобное время вручения. Проверьте уведомление немедленно. Код уведомления 7098.,1
"Маркет: накладная сформирована с ошибкой. Подтвердите адрес сейчас, иначе система спишет заказ в архив. Время на подтверждение ограничено. Код уведомления 7099.",1
"Пункт самовывоза: на упаковке отсутствует подтверждение получателя. Откройте форму и подтвердите данные, иначе отправление вернут отправителю. Система ожидает ваш ответ. Код уведомления 7100.",1
Ozon: ваша посылка задержана из-за неверного индекса. Нажмите на уведомление и выберите удобное время вручения. Не теряйте доступ к предложению. Код уведомления 7101.,1
"Wildberries: требуется подтвердить номер для выдачи. Подтвердите адрес сейчас, иначе система спишет заказ в архив. Условия не повторяются. Код уведомления 7102.",1
"СДЭК: адрес не прошел автоматическую проверку. Откройте форму и подтвердите данные, иначе отправление вернут отправителю. Следующее окно откроется позже. Код уведомления 7103.",1
Boxberry: оплата доставки не прошла. Нажмите на уведомление и выберите удобное время вручения. Таймер уже запущен. Код уведомления 7104.,1
"Яндекс Доставка: срок бесплатного хранения истекает через час. Подтвердите адрес сейчас, иначе система спишет заказ в архив. Повторная активация может быть недоступна. Код уведомления 7105.",1
"Почта: последняя попытка вручения назначена на сегодня. Откройте форму и подтвердите данные, иначе отправление вернут отправителю. Приоритет сохранится только после подтверждения. Код уведомления 7106.",1
Курьерская служба: нужна доплата 29₽ за хранение. Нажмите на уведомление и выберите удобное время вручения. Это сообщение отправлено один раз. Код уведомления 7107.,1
"Склад выдачи: посылка переведена в ручную обработку. Подтвердите адрес сейчас, иначе система спишет заказ в архив. Подтверждение доступно до конца часа. Код уведомления 7108.",1
"Маркет: накладная сформирована с ошибкой. Откройте форму и подтвердите данные, иначе отправление вернут отправителю. Ответ нужен сейчас. Код уведомления 7109.",1
Пункт самовывоза: на упаковке отсутствует подтверждение получателя. Нажмите на уведомление и выберите удобное время вручения. Проверьте уведомление немедленно. Код уведомления 7110.,1
"Ozon: ваша посылка задержана из-за неверного индекса. Подтвердите адрес сейчас, иначе система спишет заказ в архив. Время на подтверждение ограничено. Код уведомления 7111.",1
"Wildberries: требуется подтвердить номер для выдачи. Откройте форму и подтвердите данные, иначе отправление вернут отправителю. Система ожидает ваш ответ. Код уведомления 7112.",1
СДЭК: адрес не прошел автоматическую проверку. Нажмите на уведомление и выберите удобное время вручения. Не теряйте доступ к предложению. Код уведомления 7113.,1
"Boxberry: оплата доставки не прошла. Подтвердите адрес сейчас, иначе система спишет заказ в архив. Условия не повторяются. Код уведомления 7114.",1
"Яндекс Доставка: срок бесплатного хранения истекает через час. Откройте форму и подтвердите данные, иначе отправление вернут отправителю. Следующее окно откроется позже. Код уведомления 7115.",1
Почта: последняя попытка вручения назначена на сегодня. Нажмите на уведомление и выберите удобное время вручения. Таймер уже запущен. Код уведомления 7116.,1
"Курьерская служба: нужна доплата 29₽ за хранение. Подтвердите адрес сейчас, иначе система спишет заказ в архив. Повторная активация может быть недоступна. Код уведомления 7117.",1
"Склад выдачи: посылка переведена в ручную обработку. Откройте форму и подтвердите данные, иначе отправление вернут отправителю. Приоритет сохранится только после подтверждения. Код уведомления 7118.",1
Маркет: накладная сформирована с ошибкой. Нажмите на уведомление и выберите удобное время вручения. Это сообщение отправлено один раз. Код уведомления 7119.,1
"Пункт самовывоза: на упаковке отсутствует подтверждение получателя. Подтвердите адрес сейчас, иначе система спишет заказ в архив. Подтверждение доступно до конца часа. Код уведомления 7120.",1
Вам предварительно одобрен займ без справок: до 15 000₽. Нажмите  чтобы зафиксировать ставку до конца дня. Ответ нужен сейчас. Код уведомления 7121.,1
Лимит на карту уже открыт: до 20 000₽. Оставшийся шаг можно пройти с телефона. Проверьте уведомление немедленно. Код уведомления 7122.,1
Персональная ставка ниже обычной доступна 20 минут: до 25 000₽. Подтверждение занимает 45 секунд. Время на подтверждение ограничено. Код уведомления 7123.,1
Деньги можно получить сегодня без визита в офис: до 30 000₽. Система держит одобрение недолго. Система ожидает ваш ответ. Код уведомления 7124.,1
Кредитный рейтинг проверен  решение положительное: до 40 000₽. После полуночи предложение аннулируется. Не теряйте доступ к предложению. Код уведомления 7125.,1
Оформление без звонков и поручителей уже доступно: до 50 000₽. Нажмите  чтобы зафиксировать ставку до конца дня. Условия не повторяются. Код уведомления 7126.,1
Вы попали в список на срочную выплату: до 60 000₽. Оставшийся шаг можно пройти с телефона. Следующее окно откроется позже. Код уведомления 7127.,1
Заявка заполнена на 92%  осталось подтвердить карту: до 70 000₽. Подтверждение занимает 45 секунд. Таймер уже запущен. Код уведомления 7128.,1
Можно забрать до 80 000₽ уже сегодня: до 80 000₽. Система держит одобрение недолго. Повторная активация может быть недоступна. Код уведомления 7129.,1
Повторная подача не потребуется  если завершите сейчас: до 90 000₽. После полуночи предложение аннулируется. Приоритет сохранится только после подтверждения. Код уведомления 7130.,1
Вам предварительно одобрен займ без справок: до 15 000₽. Нажмите  чтобы зафиксировать ставку до конца дня. Это сообщение отправлено один раз. Код уведомления 7131.,1
Лимит на карту уже открыт: до 20 000₽. Оставшийся шаг можно пройти с телефона. Подтверждение доступно до конца часа. Код уведомления 7132.,1
Персональная ставка ниже обычной доступна 20 минут: до 25 000₽. Подтверждение занимает 45 секунд. Ответ нужен сейчас. Код уведомления 7133.,1
Деньги можно получить сегодня без визита в офис: до 30 000₽. Система держит одобрение недолго. Проверьте уведомление немедленно. Код уведомления 7134.,1
Кредитный рейтинг проверен  решение положительное: до 40 000₽. После полуночи предложение аннулируется. Время на подтверждение ограничено. Код уведомления 7135.,1
Оформление без звонков и поручителей уже доступно: до 50 000₽. Нажмите  чтобы зафиксировать ставку до конца дня. Система ожидает ваш ответ. Код уведомления 7136.,1
Вы попали в список на срочную выплату: до 60 000₽. Оставшийся шаг можно пройти с телефона. Не теряйте доступ к предложению. Код уведомления 7137.,1
Заявка заполнена на 92%  осталось подтвердить карту: до 70 000₽. Подтверждение занимает 45 секунд. Условия не повторяются. Код уведомления 7138.,1
Можно забрать до 80 000₽ уже сегодня: до 80 000₽. Система держит одобрение недолго. Следующее окно откроется позже. Код уведомления 7139.,1
Повторная подача не потребуется  если завершите сейчас: до 90 000₽. После полуночи предложение аннулируется. Таймер уже запущен. Код уведомления 7140.,1
Вам предварительно одобрен займ без справок: до 15 000₽. Нажмите  чтобы зафиксировать ставку до конца дня. Повторная активация может быть недоступна. Код уведомления 7141.,1
Лимит на карту уже открыт: до 20 000₽. Оставшийся шаг можно пройти с телефона. Приоритет сохранится только после подтверждения. Код уведомления 7142.,1
Персональная ставка ниже обычной доступна 20 минут: до 25 000₽. Подтверждение занимает 45 секунд. Это сообщение отправлено один раз. Код уведомления 7143.,1
Деньги можно получить сегодня без визита в офис: до 30 000₽. Система держит одобрение недолго. Подтверждение доступно до конца часа. Код уведомления 7144.,1
Кредитный рейтинг проверен  решение положительное: до 40 000₽. После полуночи предложение аннулируется. Ответ нужен сейчас. Код уведомления 7145.,1
Оформление без звонков и поручителей уже доступно: до 50 000₽. Нажмите  чтобы зафиксировать ставку до конца дня. Проверьте уведомление немедленно. Код уведомления 7146.,1
Вы попали в список на срочную выплату: до 60 000₽. Оставшийся шаг можно пройти с телефона. Время на подтверждение ограничено. Код уведомления 7147.,1
Заявка заполнена на 92%  осталось подтвердить карту: до 70 000₽. Подтверждение занимает 45 секунд. Система ожидает ваш ответ. Код уведомления 7148.,1
Можно забрать до 80 000₽ уже сегодня: до 80 000₽. Система держит одобрение недолго. Не теряйте доступ к предложению. Код уведомления 7149.,1
Повторная подача не потребуется  если завершите сейчас: до 90 000₽. После полуночи предложение аннулируется. Условия не повторяются. Код уведомления 7150.,1
Вам предварительно одобрен займ без справок: до 15 000₽. Нажмите  чтобы зафиксировать ставку до конца дня. Следующее окно откроется позже. Код уведомления 7151.,1
Лимит на карту уже открыт: до 20 000₽. Оставшийся шаг можно пройти с телефона. Таймер уже запущен. Код уведомления 7152.,1
Персональная ставка ниже обычной доступна 20 минут: до 25 000₽. Подтверждение занимает 45 секунд. Повторная активация может быть недоступна. Код уведомления 7153.,1
Деньги можно получить сегодня без визита в офис: до 30 000₽. Система держит одобрение недолго. Приоритет сохранится только после подтверждения. Код уведомления 7154.,1
Кредитный рейтинг проверен  решение положительное: до 40 000₽. После полуночи предложение аннулируется. Это сообщение отправлено один раз. Код уведомления 7155.,1
Оформление без звонков и поручителей уже доступно: до 50 000₽. Нажмите  чтобы зафиксировать ставку до конца дня. Подтверждение доступно до конца часа. Код уведомления 7156.,1
Вы попали в список на срочную выплату: до 60 000₽. Оставшийся шаг можно пройти с телефона. Ответ нужен сейчас. Код уведомления 7157.,1
Заявка заполнена на 92%  осталось подтвердить карту: до 70 000₽. Подтверждение занимает 45 секунд. Проверьте уведомление немедленно. Код уведомления 7158.,1
Можно забрать до 80 000₽ уже сегодня: до 80 000₽. Система держит одобрение недолго. Время на подтверждение ограничено. Код уведомления 7159.,1
Повторная подача не потребуется  если завершите сейчас: до 90 000₽. После полуночи предложение аннулируется. Система ожидает ваш ответ. Код уведомления 7160.,1
Вам предварительно одобрен займ без справок: до 15 000₽. Нажмите  чтобы зафиксировать ставку до конца дня. Не теряйте доступ к предложению. Код уведомления 7161.,1
Лимит на карту уже открыт: до 20 000₽. Оставшийся шаг можно пройти с телефона. Условия не повторяются. Код уведомления 7162.,1
Персональная ставка ниже обычной доступна 20 минут: до 25 000₽. Подтверждение занимает 45 секунд. Следующее окно откроется позже. Код уведомления 7163.,1
Деньги можно получить сегодня без визита в офис: до 30 000₽. Система держит одобрение недолго. Таймер уже запущен. Код уведомления 7164.,1
Кредитный рейтинг проверен  решение положительное: до 40 000₽. После полуночи предложение аннулируется. Повторная активация может быть недоступна. Код уведомления 7165.,1
Оформление без звонков и поручителей уже доступно: до 50 000₽. Нажмите  чтобы зафиксировать ставку до конца дня. Приоритет сохранится только после подтверждения. Код уведомления 7166.,1
Вы попали в список на срочную выплату: до 60 000₽. Оставшийся шаг можно пройти с телефона. Это сообщение отправлено один раз. Код уведомления 7167.,1
Заявка заполнена на 92%  осталось подтвердить карту: до 70 000₽. Подтверждение занимает 45 секунд. Подтверждение доступно до конца часа. Код уведомления 7168.,1
Можно забрать до 80 000₽ уже сегодня: до 80 000₽. Система держит одобрение недолго. Ответ нужен сейчас. Код уведомления 7169.,1
Повторная подача не потребуется  если завершите сейчас: до 90 000₽. После полуночи предложение аннулируется. Проверьте уведомление немедленно. Код уведомления 7170.,1
"Новый крипто-сигнал уже в канале. Потенциал движения до 12% по сценарию команды. Подключайтесь сейчас, пока доступ не закрыли. Время на подтверждение ограничено. Код уведомления 7171.",1
Монета недели может дать сильный рост. Потенциал движения до 18% по сценарию команды. Не публикуем это в открытом канале. Система ожидает ваш ответ. Код уведомления 7172.,1
Закрытый чат по альткоинам открыл набор. Потенциал движения до 24% по сценарию команды. Позже вход будет только по оплате. Не теряйте доступ к предложению. Код уведомления 7173.,1
Инсайд по листингу доступен ограниченному кругу. Потенциал движения до 30% по сценарию команды. Ссылка действует один вечер. Условия не повторяются. Код уведомления 7174.,1
"Пассивный доход с авто-ботом снова открыт. Потенциал движения до 35% по сценарию команды. Места выдаем вручную, ответьте быстро. Следующее окно откроется позже. Код уведомления 7175.",1
"Мы открыли доступ к стратегии копитрейдинга. Потенциал движения до 42% по сценарию команды. Подключайтесь сейчас, пока доступ не закрыли. Таймер уже запущен. Код уведомления 7176.",1
Подписка на сигналы бесплатна первые 3 дня. Потенциал движения до 55% по сценарию команды. Не публикуем это в открытом канале. Повторная активация может быть недоступна. Код уведомления 7177.,1
"Рынок проснулся, есть входы с коротким стопом. Потенциал движения до 68% по сценарию команды. Позже вход будет только по оплате. Приоритет сохранится только после подтверждения. Код уведомления 7178.",1
Сегодня разбираем 3 монеты до пампа. Потенциал движения до 80% по сценарию команды. Ссылка действует один вечер. Это сообщение отправлено один раз. Код уведомления 7179.,1
"Вам доступен гостевой вход в трейдерский клуб. Потенциал движения до 110% по сценарию команды. Места выдаем вручную, ответьте быстро. Подтверждение доступно до конца часа. Код уведомления 7180.",1
"Новый крипто-сигнал уже в канале. Потенциал движения до 12% по сценарию команды. Подключайтесь сейчас, пока доступ не закрыли. Ответ нужен сейчас. Код уведомления 7181.",1
Монета недели может дать сильный рост. Потенциал движения до 18% по сценарию команды. Не публикуем это в открытом канале. Проверьте уведомление немедленно. Код уведомления 7182.,1
Закрытый чат по альткоинам открыл набор. Потенциал движения до 24% по сценарию команды. Позже вход будет только по оплате. Время на подтверждение ограничено. Код уведомления 7183.,1
Инсайд по листингу доступен ограниченному кругу. Потенциал движения до 30% по сценарию команды. Ссылка действует один вечер. Система ожидает ваш ответ. Код уведомления 7184.,1
"Пассивный доход с авто-ботом снова открыт. Потенциал движения до 35% по сценарию команды. Места выдаем вручную, ответьте быстро. Не теряйте доступ к предложению. Код уведомления 7185.",1
"Мы открыли доступ к стратегии копитрейдинга. Потенциал движения до 42% по сценарию команды. Подключайтесь сейчас, пока доступ не закрыли. Условия не повторяются. Код уведомления 7186.",1
Подписка на сигналы бесплатна первые 3 дня. Потенциал движения до 55% по сценарию команды. Не публикуем это в открытом канале. Следующее окно откроется позже. Код уведомления 7187.,1
"Рынок проснулся, есть входы с коротким стопом. Потенциал движения до 68% по сценарию команды. Позже вход будет только по оплате. Таймер уже запущен. Код уведомления 7188.",1
Сегодня разбираем 3 монеты до пампа. Потенциал движения до 80% по сценарию команды. Ссылка действует один вечер. Повторная активация может быть недоступна. Код уведомления 7189.,1
"Вам доступен гостевой вход в трейдерский клуб. Потенциал движения до 110% по сценарию команды. Места выдаем вручную, ответьте быстро. Приоритет сохранится только после подтверждения. Код уведомления 7190.",1
"Новый крипто-сигнал уже в канале. Потенциал движения до 12% по сценарию команды. Подключайтесь сейчас, пока доступ не закрыли. Это сообщение отправлено один раз. Код уведомления 7191.",1
Монета недели может дать сильный рост. Потенциал движения до 18% по сценарию команды. Не публикуем это в открытом канале. Подтверждение доступно до конца часа. Код уведомления 7192.,1
Закрытый чат по альткоинам открыл набор. Потенциал движения до 24% по сценарию команды. Позже вход будет только по оплате. Ответ нужен сейчас. Код уведомления 7193.,1
Инсайд по листингу доступен ограниченному кругу. Потенциал движения до 30% по сценарию команды. Ссылка действует один вечер. Проверьте уведомление немедленно. Код уведомления 7194.,1
"Пассивный доход с авто-ботом снова открыт. Потенциал движения до 35% по сценарию команды. Места выдаем вручную, ответьте быстро. Время на подтверждение ограничено. Код уведомления 7195.",1
"Мы открыли доступ к стратегии копитрейдинга. Потенциал движения до 42% по сценарию команды. Подключайтесь сейчас, пока доступ не закрыли. Система ожидает ваш ответ. Код уведомления 7196.",1
Подписка на сигналы бесплатна первые 3 дня. Потенциал движения до 55% по сценарию команды. Не публикуем это в открытом канале. Не теряйте доступ к предложению. Код уведомления 7197.,1
"Рынок проснулся, есть входы с коротким стопом. Потенциал движения до 68% по сценарию команды. Позже вход будет только по оплате. Условия не повторяются. Код уведомления 7198.",1
Сегодня разбираем 3 монеты до пампа. Потенциал движения до 80% по сценарию команды. Ссылка действует один вечер. Следующее окно откроется позже. Код уведомления 7199.,1
"Вам доступен гостевой вход в трейдерский клуб. Потенциал движения до 110% по сценарию команды. Места выдаем вручную, ответьте быстро. Таймер уже запущен. Код уведомления 7200.",1
"Новый крипто-сигнал уже в канале. Потенциал движения до 12% по сценарию команды. Подключайтесь сейчас, пока доступ не закрыли. Повторная активация может быть недоступна. Код уведомления 7201.",1
Монета недели может дать сильный рост. Потенциал движения до 18% по сценарию команды. Не публикуем это в открытом канале. Приоритет сохранится только после подтверждения. Код уведомления 7202.,1
Закрытый чат по альткоинам открыл набор. Потенциал движения до 24% по сценарию команды. Позже вход будет только по оплате. Это сообщение отправлено один раз. Код уведомления 7203.,1
Инсайд по листингу доступен ограниченному кругу. Потенциал движения до 30% по сценарию команды. Ссылка действует один вечер. Подтверждение доступно до конца часа. Код уведомления 7204.,1
"Пассивный доход с авто-ботом снова открыт. Потенциал движения до 35% по сценарию команды. Места выдаем вручную, ответьте быстро. Ответ нужен сейчас. Код уведомления 7205.",1
"Мы открыли доступ к стратегии копитрейдинга. Потенциал движения до 42% по сценарию команды. Подключайтесь сейчас, пока доступ не закрыли. Проверьте уведомление немедленно. Код уведомления 7206.",1
Подписка на сигналы бесплатна первые 3 дня. Потенциал движения до 55% по сценарию команды. Не публикуем это в открытом канале. Время на подтверждение ограничено. Код уведомления 7207.,1
"Рынок проснулся, есть входы с коротким стопом. Потенциал движения до 68% по сценарию команды. Позже вход будет только по оплате. Система ожидает ваш ответ. Код уведомления 7208.",1
Сегодня разбираем 3 монеты до пампа. Потенциал движения до 80% по сценарию команды. Ссылка действует один вечер. Не теряйте доступ к предложению. Код уведомления 7209.,1
"Вам доступен гостевой вход в трейдерский клуб. Потенциал движения до 110% по сценарию команды. Места выдаем вручную, ответьте быстро. Условия не повторяются. Код уведомления 7210.",1
"Новый крипто-сигнал уже в канале. Потенциал движения до 12% по сценарию команды. Подключайтесь сейчас, пока доступ не закрыли. Следующее окно откроется позже. Код уведомления 7211.",1
Монета недели может дать сильный рост. Потенциал движения до 18% по сценарию команды. Не публикуем это в открытом канале. Таймер уже запущен. Код уведомления 7212.,1
Закрытый чат по альткоинам открыл набор. Потенциал движения до 24% по сценарию команды. Позже вход будет только по оплате. Повторная активация может быть недоступна. Код уведомления 7213.,1
Инсайд по листингу доступен ограниченному кругу. Потенциал движения до 30% по сценарию команды. Ссылка действует один вечер. Приоритет сохранится только после подтверждения. Код уведомления 7214.,1
"Пассивный доход с авто-ботом снова открыт. Потенциал движения до 35% по сценарию команды. Места выдаем вручную, ответьте быстро. Это сообщение отправлено один раз. Код уведомления 7215.",1
"Мы открыли доступ к стратегии копитрейдинга. Потенциал движения до 42% по сценарию команды. Подключайтесь сейчас, пока доступ не закрыли. Подтверждение доступно до конца часа. Код уведомления 7216.",1
Подписка на сигналы бесплатна первые 3 дня. Потенциал движения до 55% по сценарию команды. Не публикуем это в открытом канале. Ответ нужен сейчас. Код уведомления 7217.,1
"Рынок проснулся, есть входы с коротким стопом. Потенциал движения до 68% по сценарию команды. Позже вход будет только по оплате. Проверьте уведомление немедленно. Код уведомления 7218.",1
Сегодня разбираем 3 монеты до пампа. Потенциал движения до 80% по сценарию команды. Ссылка действует один вечер. Время на подтверждение ограничено. Код уведомления 7219.,1
"Вам доступен гостевой вход в трейдерский клуб. Потенциал движения до 110% по сценарию команды. Места выдаем вручную, ответьте быстро. Система ожидает ваш ответ. Код уведомления 7220.",1
Поздравляем! Вы попали в закрытый розыгрыш на iPhone. Подтвердите участие и заберите номер в розыгрыше. Не теряйте доступ к предложению. Код уведомления 7221.,1
"Поздравляем! Вы попали в закрытый розыгрыш на PlayStation. Вы прошли в финальный список, не пропустите. Условия не повторяются. Код уведомления 7222.",1
Поздравляем! Вы попали в закрытый розыгрыш на AirPods. Остался последний шаг для фиксации участия. Следующее окно откроется позже. Код уведомления 7223.,1
Поздравляем! Вы попали в закрытый розыгрыш на Dyson. Без подтверждения место уйдет следующему участнику. Таймер уже запущен. Код уведомления 7224.,1
Поздравляем! Вы попали в закрытый розыгрыш на MacBook. Нужно только открыть сообщение организатора. Повторная активация может быть недоступна. Код уведомления 7225.,1
Поздравляем! Вы попали в закрытый розыгрыш на кофемашину. Подтвердите участие и заберите номер в розыгрыше. Приоритет сохранится только после подтверждения. Код уведомления 7226.,1
"Поздравляем! Вы попали в закрытый розыгрыш на смарт-часы. Вы прошли в финальный список, не пропустите. Это сообщение отправлено один раз. Код уведомления 7227.",1
Поздравляем! Вы попали в закрытый розыгрыш на сертификат на 10 000₽. Остался последний шаг для фиксации участия. Подтверждение доступно до конца часа. Код уведомления 7228.,1
Поздравляем! Вы попали в закрытый розыгрыш на iPhone. Без подтверждения место уйдет следующему участнику. Ответ нужен сейчас. Код уведомления 7229.,1
Поздравляем! Вы попали в закрытый розыгрыш на PlayStation. Нужно только открыть сообщение организатора. Проверьте уведомление немедленно. Код уведомления 7230.,1
Поздравляем! Вы попали в закрытый розыгрыш на AirPods. Подтвердите участие и заберите номер в розыгрыше. Время на подтверждение ограничено. Код уведомления 7231.,1
"Поздравляем! Вы попали в закрытый розыгрыш на Dyson. Вы прошли в финальный список, не пропустите. Система ожидает ваш ответ. Код уведомления 7232.",1
Поздравляем! Вы попали в закрытый розыгрыш на MacBook. Остался последний шаг для фиксации участия. Не теряйте доступ к предложению. Код уведомления 7233.,1
Поздравляем! Вы попали в закрытый розыгрыш на кофемашину. Без подтверждения место уйдет следующему участнику. Условия не повторяются. Код уведомления 7234.,1
Поздравляем! Вы попали в закрытый розыгрыш на смарт-часы. Нужно только открыть сообщение организатора. Следующее окно откроется позже. Код уведомления 7235.,1
Поздравляем! Вы попали в закрытый розыгрыш на сертификат на 10 000₽. Подтвердите участие и заберите номер в розыгрыше. Таймер уже запущен. Код уведомления 7236.,1
"Поздравляем! Вы попали в закрытый розыгрыш на iPhone. Вы прошли в финальный список, не пропустите. Повторная активация может быть недоступна. Код уведомления 7237.",1
Поздравляем! Вы попали в закрытый розыгрыш на PlayStation. Остался последний шаг для фиксации участия. Приоритет сохранится только после подтверждения. Код уведомления 7238.,1
Поздравляем! Вы попали в закрытый розыгрыш на AirPods. Без подтверждения место уйдет следующему участнику. Это сообщение отправлено один раз. Код уведомления 7239.,1
Поздравляем! Вы попали в закрытый розыгрыш на Dyson. Нужно только открыть сообщение организатора. Подтверждение доступно до конца часа. Код уведомления 7240.,1
Поздравляем! Вы попали в закрытый розыгрыш на MacBook. Подтвердите участие и заберите номер в розыгрыше. Ответ нужен сейчас. Код уведомления 7241.,1
"Поздравляем! Вы попали в закрытый розыгрыш на кофемашину. Вы прошли в финальный список, не пропустите. Проверьте уведомление немедленно. Код уведомления 7242.",1
Поздравляем! Вы попали в закрытый розыгрыш на смарт-часы. Остался последний шаг для фиксации участия. Время на подтверждение ограничено. Код уведомления 7243.,1
Поздравляем! Вы попали в закрытый розыгрыш на сертификат на 10 000₽. Без подтверждения место уйдет следующему участнику. Система ожидает ваш ответ. Код уведомления 7244.,1
Поздравляем! Вы попали в закрытый розыгрыш на iPhone. Нужно только открыть сообщение организатора. Не теряйте доступ к предложению. Код уведомления 7245.,1
Поздравляем! Вы попали в закрытый розыгрыш на PlayStation. Подтвердите участие и заберите номер в розыгрыше. Условия не повторяются. Код уведомления 7246.,1
"Поздравляем! Вы попали в закрытый розыгрыш на AirPods. Вы прошли в финальный список, не пропустите. Следующее окно откроется позже. Код уведомления 7247.",1
Поздравляем! Вы попали в закрытый розыгрыш на Dyson. Остался последний шаг для фиксации участия. Таймер уже запущен. Код уведомления 7248.,1
Поздравляем! Вы попали в закрытый розыгрыш на MacBook. Без подтверждения место уйдет следующему участнику. Повторная активация может быть недоступна. Код уведомления 7249.,1
Поздравляем! Вы попали в закрытый розыгрыш на кофемашину. Нужно только открыть сообщение организатора. Приоритет сохранится только после подтверждения. Код уведомления 7250.,1
Поздравляем! Вы попали в закрытый розыгрыш на смарт-часы. Подтвердите участие и заберите номер в розыгрыше. Это сообщение отправлено один раз. Код уведомления 7251.,1
"Поздравляем! Вы попали в закрытый розыгрыш на сертификат на 10 000₽. Вы прошли в финальный список, не пропустите. Подтверждение доступно до конца часа. Код уведомления 7252.",1
Поздравляем! Вы попали в закрытый розыгрыш на iPhone. Остался последний шаг для фиксации участия. Ответ нужен сейчас. Код уведомления 7253.,1
Поздравляем! Вы попали в закрытый розыгрыш на PlayStation. Без подтверждения место уйдет следующему участнику. Проверьте уведомление немедленно. Код уведомления 7254.,1
Поздравляем! Вы попали в закрытый розыгрыш на AirPods. Нужно только открыть сообщение организатора. Время на подтверждение ограничено. Код уведомления 7255.,1
Поздравляем! Вы попали в закрытый розыгрыш на Dyson. Подтвердите участие и заберите номер в розыгрыше. Система ожидает ваш ответ. Код уведомления 7256.,1
"Поздравляем! Вы попали в закрытый розыгрыш на MacBook. Вы прошли в финальный список, не пропустите. Не теряйте доступ к предложению. Код уведомления 7257.",1
Поздравляем! Вы попали в закрытый розыгрыш на кофемашину. Остался последний шаг для фиксации участия. Условия не повторяются. Код уведомления 7258.,1
Поздравляем! Вы попали в закрытый розыгрыш на смарт-часы. Без подтверждения место уйдет следующему участнику. Следующее окно откроется позже. Код уведомления 7259.,1
Поздравляем! Вы попали в закрытый розыгрыш на сертификат на 10 000₽. Нужно только открыть сообщение организатора. Таймер уже запущен. Код уведомления 7260.,1
"Удаленная работа 2 часа в день. Ставка от 4500₽ в день, подробности по ссылке. Повторная активация может быть недоступна. Код уведомления 7261.",1
Набор менеджеров без опыта. Нужен только мессенджер и 18+. Приоритет сохранится только после подтверждения. Код уведомления 7262.,1
"Оплата за ответы в чате. Ответьте «да», чтобы получить условия. Это сообщение отправлено один раз. Код уведомления 7263.",1
"Подработка с телефона вечером. Количество мест ограничено, анкеты закрываются сегодня. Подтверждение доступно до конца часа. Код уведомления 7264.",1
Онлайн-вакансия с ежедневными выплатами. Оплата после первого дня без стажировки. Ответ нужен сейчас. Код уведомления 7265.,1
"Ищем людей для простой переписки с клиентами. Ставка от 4500₽ в день, подробности по ссылке. Проверьте уведомление немедленно. Код уведомления 7266.",1
Работа без собеседования уже доступна. Нужен только мессенджер и 18+. Время на подтверждение ограничено. Код уведомления 7267.,1
"Требуются исполнители на легкие задания. Ответьте «да», чтобы получить условия. Система ожидает ваш ответ. Код уведомления 7268.",1
"Удаленная работа 2 часа в день. Количество мест ограничено, анкеты закрываются сегодня. Не теряйте доступ к предложению. Код уведомления 7269.",1
Набор менеджеров без опыта. Оплата после первого дня без стажировки. Условия не повторяются. Код уведомления 7270.,1
"Оплата за ответы в чате. Ставка от 4500₽ в день, подробности по ссылке. Следующее окно откроется позже. Код уведомления 7271.",1
Подработка с телефона вечером. Нужен только мессенджер и 18+. Таймер уже запущен. Код уведомления 7272.,1
"Онлайн-вакансия с ежедневными выплатами. Ответьте «да», чтобы получить условия. Повторная активация может быть недоступна. Код уведомления 7273.",1
"Ищем людей для простой переписки с клиентами. Количество мест ограничено, анкеты закрываются сегодня. Приоритет сохранится только после подтверждения. Код уведомления 7274.",1
Работа без собеседования уже доступна. Оплата после первого дня без стажировки. Это сообщение отправлено один раз. Код уведомления 7275.,1
"Требуются исполнители на легкие задания. Ставка от 4500₽ в день, подробности по ссылке. Подтверждение доступно до конца часа. Код уведомления 7276.",1
Удаленная работа 2 часа в день. Нужен только мессенджер и 18+. Ответ нужен сейчас. Код уведомления 7277.,1
"Набор менеджеров без опыта. Ответьте «да», чтобы получить условия. Проверьте уведомление немедленно. Код уведомления 7278.",1
"Оплата за ответы в чате. Количество мест ограничено, анкеты закрываются сегодня. Время на подтверждение ограничено. Код уведомления 7279.",1
Подработка с телефона вечером. Оплата после первого дня без стажировки. Система ожидает ваш ответ. Код уведомления 7280.,1
"Онлайн-вакансия с ежедневными выплатами. Ставка от 4500₽ в день, подробности по ссылке. Не теряйте доступ к предложению. Код уведомления 7281.",1
Ищем людей для простой переписки с клиентами. Нужен только мессенджер и 18+. Условия не повторяются. Код уведомления 7282.,1
"Работа без собеседования уже доступна. Ответьте «да», чтобы получить условия. Следующее окно откроется позже. Код уведомления 7283.",1
"Требуются исполнители на легкие задания. Количество мест ограничено, анкеты закрываются сегодня. Таймер уже запущен. Код уведомления 7284.",1
Удаленная работа 2 часа в день. Оплата после первого дня без стажировки. Повторная активация может быть недоступна. Код уведомления 7285.,1
"Набор менеджеров без опыта. Ставка от 4500₽ в день, подробности по ссылке. Приоритет сохранится только после подтверждения. Код уведомления 7286.",1
Оплата за ответы в чате. Нужен только мессенджер и 18+. Это сообщение отправлено один раз. Код уведомления 7287.,1
"Подработка с телефона вечером. Ответьте «да», чтобы получить условия. Подтверждение доступно до конца часа. Код уведомления 7288.",1
"Онлайн-вакансия с ежедневными выплатами. Количество мест ограничено, анкеты закрываются сегодня. Ответ нужен сейчас. Код уведомления 7289.",1
Ищем людей для простой переписки с клиентами. Оплата после первого дня без стажировки. Проверьте уведомление немедленно. Код уведомления 7290.,1
"Работа без собеседования уже доступна. Ставка от 4500₽ в день, подробности по ссылке. Время на подтверждение ограничено. Код уведомления 7291.",1
Требуются исполнители на легкие задания. Нужен только мессенджер и 18+. Система ожидает ваш ответ. Код уведомления 7292.,1
"Удаленная работа 2 часа в день. Ответьте «да», чтобы получить условия. Не теряйте доступ к предложению. Код уведомления 7293.",1
"Набор менеджеров без опыта. Количество мест ограничено, анкеты закрываются сегодня. Условия не повторяются. Код уведомления 7294.",1
Оплата за ответы в чате. Оплата после первого дня без стажировки. Следующее окно откроется позже. Код уведомления 7295.,1
"Подработка с телефона вечером. Ставка от 4500₽ в день, подробности по ссылке. Таймер уже запущен. Код уведомления 7296.",1
Онлайн-вакансия с ежедневными выплатами. Нужен только мессенджер и 18+. Повторная активация может быть недоступна. Код уведомления 7297.,1
"Ищем людей для простой переписки с клиентами. Ответьте «да», чтобы получить условия. Приоритет сохранится только после подтверждения. Код уведомления 7298.",1
"Работа без собеседования уже доступна. Количество мест ограничено, анкеты закрываются сегодня. Это сообщение отправлено один раз. Код уведомления 7299.",1
Требуются исполнители на легкие задания. Оплата после первого дня без стажировки. Подтверждение доступно до конца часа. Код уведомления 7300.,1
"Фрибет 1000₽ уже начислен. Заберите сейчас, пока окно не закрыли. Ответ нужен сейчас. Код уведомления 7301.",1
Бонус за регистрацию удвоен на эту ночь. Только новые аккаунты успеют получить подарок. Проверьте уведомление немедленно. Код уведомления 7302.,1
"Коэффициент дня доступен только подписчикам. Ссылка одноразовая, не пересылайте. Время на подтверждение ограничено. Код уведомления 7303.",1
Колесо бонусов снова открыто. После старта матча предложение пропадет. Система ожидает ваш ответ. Код уведомления 7304.,1
Промокод на ставки без риска уже активен. Подтверждение входа занимает минуту. Не теряйте доступ к предложению. Код уведомления 7305.,1
"Первый депозит умножаем х2. Заберите сейчас, пока окно не закрыли. Условия не повторяются. Код уведомления 7306.",1
Фрибет 1000₽ уже начислен. Только новые аккаунты успеют получить подарок. Следующее окно откроется позже. Код уведомления 7307.,1
"Бонус за регистрацию удвоен на эту ночь. Ссылка одноразовая, не пересылайте. Таймер уже запущен. Код уведомления 7308.",1
Коэффициент дня доступен только подписчикам. После старта матча предложение пропадет. Повторная активация может быть недоступна. Код уведомления 7309.,1
Колесо бонусов снова открыто. Подтверждение входа занимает минуту. Приоритет сохранится только после подтверждения. Код уведомления 7310.,1
"Промокод на ставки без риска уже активен. Заберите сейчас, пока окно не закрыли. Это сообщение отправлено один раз. Код уведомления 7311.",1
Первый депозит умножаем х2. Только новые аккаунты успеют получить подарок. Подтверждение доступно до конца часа. Код уведомления 7312.,1
"Фрибет 1000₽ уже начислен. Ссылка одноразовая, не пересылайте. Ответ нужен сейчас. Код уведомления 7313.",1
Бонус за регистрацию удвоен на эту ночь. После старта матча предложение пропадет. Проверьте уведомление немедленно. Код уведомления 7314.,1
Коэффициент дня доступен только подписчикам. Подтверждение входа занимает минуту. Время на подтверждение ограничено. Код уведомления 7315.,1
"Колесо бонусов снова открыто. Заберите сейчас, пока окно не закрыли. Система ожидает ваш ответ. Код уведомления 7316.",1
Промокод на ставки без риска уже активен. Только новые аккаунты успеют получить подарок. Не теряйте доступ к предложению. Код уведомления 7317.,1
"Первый депозит умножаем х2. Ссылка одноразовая, не пересылайте. Условия не повторяются. Код уведомления 7318.",1
Фрибет 1000₽ уже начислен. После старта матча предложение пропадет. Следующее окно откроется позже. Код уведомления 7319.,1
Бонус за регистрацию удвоен на эту ночь. Подтверждение входа занимает минуту. Таймер уже запущен. Код уведомления 7320.,1
"Коэффициент дня доступен только подписчикам. Заберите сейчас, пока окно не закрыли. Повторная активация может быть недоступна. Код уведомления 7321.",1
Колесо бонусов снова открыто. Только новые аккаунты успеют получить подарок. Приоритет сохранится только после подтверждения. Код уведомления 7322.,1
"Промокод на ставки без риска уже активен. Ссылка одноразовая, не пересылайте. Это сообщение отправлено один раз. Код уведомления 7323.",1
Первый депозит умножаем х2. После старта матча предложение пропадет. Подтверждение доступно до конца часа. Код уведомления 7324.,1
Фрибет 1000₽ уже начислен. Подтверждение входа занимает минуту. Ответ нужен сейчас. Код уведомления 7325.,1
"Бонус за регистрацию удвоен на эту ночь. Заберите сейчас, пока окно не закрыли. Проверьте уведомление немедленно. Код уведомления 7326.",1
Коэффициент дня доступен только подписчикам. Только новые аккаунты успеют получить подарок. Время на подтверждение ограничено. Код уведомления 7327.,1
"Колесо бонусов снова открыто. Ссылка одноразовая, не пересылайте. Система ожидает ваш ответ. Код уведомления 7328.",1
Промокод на ставки без риска уже активен. После старта матча предложение пропадет. Не теряйте доступ к предложению. Код уведомления 7329.,1
Первый депозит умножаем х2. Подтверждение входа занимает минуту. Условия не повторяются. Код уведомления 7330.,1
Сбер: замечен вход с нового устройства. Срочно откройте уведомление и отмените действие. Следующее окно откроется позже. Код уведомления 7331.,1
"Telegram: подозрительная активность зафиксирована ночью. Нужно подтвердить личность, иначе функции останутся ограничены. Таймер уже запущен. Код уведомления 7332.",1
Gmail: запрос на смену пароля ожидает ответа. Без проверки доступ будет приостановлен в течение часа. Повторная активация может быть недоступна. Код уведомления 7333.,1
Apple ID: подтверждение личности истекает. Перейдите в защищенную форму и подтвердите аккаунт. Приоритет сохранится только после подтверждения. Код уведомления 7334.,1
VK: профиль временно ограничен. Срочно откройте уведомление и отмените действие. Это сообщение отправлено один раз. Код уведомления 7335.,1
"Steam: обнаружена подозрительная попытка списания. Нужно подтвердить личность, иначе функции останутся ограничены. Подтверждение доступно до конца часа. Код уведомления 7336.",1
Банк: замечен вход с нового устройства. Без проверки доступ будет приостановлен в течение часа. Ответ нужен сейчас. Код уведомления 7337.,1
Госуслуги: подозрительная активность зафиксирована ночью. Перейдите в защищенную форму и подтвердите аккаунт. Проверьте уведомление немедленно. Код уведомления 7338.,1
Маркетплейс: запрос на смену пароля ожидает ответа. Срочно откройте уведомление и отмените действие. Время на подтверждение ограничено. Код уведомления 7339.,1
"Кошелек: подтверждение личности истекает. Нужно подтвердить личность, иначе функции останутся ограничены. Система ожидает ваш ответ. Код уведомления 7340.",1
Сбер: профиль временно ограничен. Без проверки доступ будет приостановлен в течение часа. Не теряйте доступ к предложению. Код уведомления 7341.,1
Telegram: обнаружена подозрительная попытка списания. Перейдите в защищенную форму и подтвердите аккаунт. Условия не повторяются. Код уведомления 7342.,1
Gmail: замечен вход с нового устройства. Срочно откройте уведомление и отмените действие. Следующее окно откроется позже. Код уведомления 7343.,1
"Apple ID: подозрительная активность зафиксирована ночью. Нужно подтвердить личность, иначе функции останутся ограничены. Таймер уже запущен. Код уведомления 7344.",1
VK: запрос на смену пароля ожидает ответа. Без проверки доступ будет приостановлен в течение часа. Повторная активация может быть недоступна. Код уведомления 7345.,1
Steam: подтверждение личности истекает. Перейдите в защищенную форму и подтвердите аккаунт. Приоритет сохранится только после подтверждения. Код уведомления 7346.,1
Банк: профиль временно ограничен. Срочно откройте уведомление и отмените действие. Это сообщение отправлено один раз. Код уведомления 7347.,1
"Госуслуги: обнаружена подозрительная попытка списания. Нужно подтвердить личность, иначе функции останутся ограничены. Подтверждение доступно до конца часа. Код уведомления 7348.",1
Маркетплейс: замечен вход с нового устройства. Без проверки доступ будет приостановлен в течение часа. Ответ нужен сейчас. Код уведомления 7349.,1
Кошелек: подозрительная активность зафиксирована ночью. Перейдите в защищенную форму и подтвердите аккаунт. Проверьте уведомление немедленно. Код уведомления 7350.,1
Сбер: запрос на смену пароля ожидает ответа. Срочно откройте уведомление и отмените действие. Время на подтверждение ограничено. Код уведомления 7351.,1
"Telegram: подтверждение личности истекает. Нужно подтвердить личность, иначе функции останутся ограничены. Система ожидает ваш ответ. Код уведомления 7352.",1
Gmail: профиль временно ограничен. Без проверки доступ будет приостановлен в течение часа. Не теряйте доступ к предложению. Код уведомления 7353.,1
Apple ID: обнаружена подозрительная попытка списания. Перейдите в защищенную форму и подтвердите аккаунт. Условия не повторяются. Код уведомления 7354.,1
VK: замечен вход с нового устройства. Срочно откройте уведомление и отмените действие. Следующее окно откроется позже. Код уведомления 7355.,1
"Steam: подозрительная активность зафиксирована ночью. Нужно подтвердить личность, иначе функции останутся ограничены. Таймер уже запущен. Код уведомления 7356.",1
Банк: запрос на смену пароля ожидает ответа. Без проверки доступ будет приостановлен в течение часа. Повторная активация может быть недоступна. Код уведомления 7357.,1
Госуслуги: подтверждение личности истекает. Перейдите в защищенную форму и подтвердите аккаунт. Приоритет сохранится только после подтверждения. Код уведомления 7358.,1
Маркетплейс: профиль временно ограничен. Срочно откройте уведомление и отмените действие. Это сообщение отправлено один раз. Код уведомления 7359.,1
"Кошелек: обнаружена подозрительная попытка списания. Нужно подтвердить личность, иначе функции останутся ограничены. Подтверждение доступно до конца часа. Код уведомления 7360.",1
"Посылка ещё не передана курьеру, поэтому трек пока не отображается.",0
"Добрый день. Можно ли разделить заказ на две посылки, если часть товаров нужна раньше?",0
"Если трек не обновится до завтра, напишите нам повторно — проверим вручную.",0
В форме оплаты открывается пустая страница. Это временный сбой или проблема с заказом?,0
Вам доступен гостевой вход в закрытый инвест-чат. Потом доступ будет только платным.,1
"Подскажите, пожалуйста, доступен ли возврат, если упаковка не была вскрыта?",0
"Курьер позвонит перед доставкой, дополнительно ничего подтверждать не нужно.",0
"У вас в профиле указан один адрес, а в заказе другой. Какой в итоге актуален?",0
"Поступил запрос на смену пароля. Если это не вы, срочно отмените действие в форме ниже.",1
Здравствуйте. Можно ли получить счёт с печатью для бухгалтерии?,0
Курьер не сможет вручить отправление без подтверждения телефона. Пройдите короткую проверку.,1
Есть реальный способ зарабатывать с телефона без вложений на старте. Пишите «интересно» и отправлю инструкцию.,1
Добрый день. Когда примерно обработают заказ №19-Q2LPN? Нужно получить до пятницы.,0
"У вас персональный купон на первый заказ, но он действует только в течение часа после открытия ссылки.",1
Первым ответившим отправим приглашение в канал с товарами по минимальным ценам и подарками к заказу.,1
"Только сегодня розыгрыш реальных призов среди тех, кто зайдёт в канал и нажмёт «участвую».",1
Срочно проверьте кабинет: на ваш номер оформлен вывод средств. Отменить можно только через форму подтверждения.,1
"Товара нет в ближайшем складе, поэтому срок сборки немного увеличился.",0
"Здравствуйте. Не могу найти счёт на оплату в письме, можно продублировать?",0
"Если давно хотели попробовать, сейчас лучший момент: вход бесплатный, завтра будет платный доступ.",1
"Пожалуйста, не переводите деньги по сообщениям из мессенджеров — оплату подтверждаем только в кабинете.",0
"Оплата прошла успешно, это просто дублирующее уведомление от банка.",0
"Сегодня можно забрать товар почти по себестоимости, потому что освобождаем склад. Ссылка временная.",1
Срочное сообщение от банка: попытка списания уже ожидает подтверждения. Отменить можно только сейчас.,1
"У вас есть 15 минут, чтобы получить бонус за регистрацию и зафиксировать скидку на первый заказ.",1
"Заказ передан в доставку, ожидайте SMS от перевозчика.",0
"Добрый день. Заказ №31-K7MDA оформлен, но онлайн-оплата не проходит. Подскажите, пожалуйста, что делать дальше?",0
Успейте войти в группу до полуночи — там уже выложили акцию 1+1=3 и список подарков.,1
Мы выбрали вас для участия в закрытом тесте сервиса. Оплата за отзыв — в тот же день.,1
Сервис обнаружил необычную активность в вашем профиле. Срочно пройдите защитную проверку.,1
"Мы видим ваш заказ в системе, отменять и оформлять заново не нужно.",0
Нужно изменить фамилию получателя в заказе. Это ещё можно сделать?,0
Кто хотел заказывать по оптовым ценам — сегодня можно войти без вступительного взноса.,1
"Если заказ нужен срочно, напишите номер заказа в ответном сообщении — ускорим обработку.",0
"В новом канале уже выложили список промокодов и скрытых акций. Пишите, пока вход открыт.",1
Участникам нового канала дарим купон 3000₽ и доступ к ночной распродаже. Вход по запросу.,1
"Подписка на сигналы бесплатна первые 3 дня, потом доступ закроется. Заходите сейчас, чтобы не пропустить рост.",1
"Проверьте, пожалуйста, почему в заказе дважды списалась доставка.",0
"Вам доступна ускоренная заявка на карту с повышенным лимитом. Подтвердите номер, чтобы завершить выпуск.",1
"Товар по акции уже зарезервирован за вами, нужно только дождаться подтверждения со склада.",0
Партнёрская программа снова открыта: за 10 минут в день можно выйти на хороший доход. Подключение по ссылке.,1
"Кому нужна подборка самых выгодных акций недели? Скину в личку, пока не закрыли доступ.",1
"Добрый день. На сайте указано, что посылка готова к выдаче, но в пункте её ещё не видят. Можете уточнить статус?",0
Служба поддержки сообщает: без повторной авторизации ваш профиль будет ограничен до выяснения.,1
"Номер для связи актуален, но на звонки никто не отвечает уже третий день. Как с вами можно связаться ещё?",0
"Номер накладной сформирован, но пока не начал отслеживаться у перевозчика.",0
"Вы вошли в число победителей закрытого розыгрыша. Подтвердите участие сейчас, иначе место уйдёт другому.",1
"Последнее уведомление: подтвердите личность, иначе кошелёк будет временно ограничен.",1
"Внимание: ваш профиль выбрали для проверки. Чтобы избежать блокировки, подтвердите владение аккаунтом.",1
Открыт набор на удалённую работу без собеседования. Нужно только отвечать по шаблону и быть на связи.,1
Для вас подготовили персональный каталог со спецценами. Ссылка откроется только один раз.,1
Статус «в обработке» может сохраняться до 24 часов после оформления.,0
"Уточните, пожалуйста, когда будет повторная попытка доставки.",0
"Спасибо, менеджер уже связался и помог изменить данные получателя.",0
"Мы уже передали заявку на изменение телефона, обновление займёт некоторое время.",0
"Проверьте уведомление: к вашему аккаунту привязано новое устройство. Если это не вы, срочно отмените действие.",1
"Спасибо, всё получила. Упаковка целая, содержимое тоже в порядке.",0
"Закрываем старый чат и переносим всё полезное в новый: скидки, бонусы и розыгрыши уже там.",1
Спасибо за ответ. Тогда дождусь обновления статуса в кабинете.,0
"Если не успеваете забрать посылку сегодня, срок хранения можно продлить через поддержку.",0
"По выходным склад не работает, поэтому движение по отправкам появится только в рабочий день.",0
Закрытая ссылка на подборку товаров дня доступна только до 21:00. Потом всё уберут.,1
"Ребята, в резервном чате уже лежит ссылка на закрытую распродажу. Здесь скоро всё сотрут.",1
"Проверьте, пожалуйста, адрес доставки: в заказе случайно указал старый индекс.",0
Трек-номер появится после передачи заказа в СДЭК. Обычно это занимает 1–2 рабочих дня.,0
В вашем городе выдача доступна только через партнёрский пункт самовывоза.,0
"Здравствуйте. Оплатил заказ, но в личном кабинете статус всё ещё «ожидает оплаты». Проверьте, пожалуйста.",0
Доставка в ваш город обычно занимает 3–5 дней после отправки.,0
Добрый день. В заказе №44-X1NBR один товар отображается как недоступный. Можно заменить на аналог?,0
Кому нужен прайс без наценки? Отправлю только сегодня и только в личные сообщения.,1
"Переходите в резервный канал: здесь скоро всё удалят, а в новом уже лежит ссылка на закрытую распродажу.",1
"Добрый вечер! Подскажите, есть ли возможность поменять пункт выдачи до отправки?",0
"Нам нужен только номер заказа, паспортные данные для уточнения не требуются.",0
Не игнорируйте это сообщение: промокод одноразовый и отключится без предупреждения.,1
"Заказ оформлен верно, просто подтверждение оплаты приходит не мгновенно.",0
"Оформите быстрый вход в кабинет, чтобы сохранить доступ к бонусному балансу.",1
"После обновления системы нужно заново подтвердить платёжный метод. Сделайте это сейчас, чтобы избежать ограничений.",1
Здравствуйте. При попытке изменить адрес сайт пишет ошибку. Можно это сделать через менеджера?,0
"Добрый день. В истории заказов отображается отмена, хотя я ничего не отменял. Проверьте, пожалуйста.",0
Ваш Telegram-профиль требует срочной перепроверки из-за подозрительной активности. Подтвердите данные немедленно.,1
"Здравствуйте. В карточке заказа одна сумма, а при оплате отображается другая. Проверьте, пожалуйста.",0
"Ваш заказ почти готов, не хватает символической оплаты 27₽ за хранение. После этого доставку разблокируют.",1
"Спасибо, вопрос решён, заказ уже отображается корректно.",0
"Добрый день. Подскажите, пожалуйста, почему номер отслеживания ещё не активен?",0
"Здравствуйте. Можно ли оплатить заказ при получении, если онлайн-оплата недоступна?",0
"Получатель сможет забрать заказ по коду из SMS, без доверенности.",0
"Ничего страшного, просто статус ещё не обновился после оплаты.",0
"Новый поток стартует сегодня, а завтра цена будет в 4 раза выше. Ответьте сейчас, чтобы зафиксировать место.",1
"Уточните, пожалуйста, по какому номеру можно связаться с отделом доставки?",0
"Отправка у нас только по будням, ближайшая отправка будет в понедельник.",0
"Подтверждение по заказу отправили вам на электронную почту, проверьте папку «Спам» на всякий случай.",0
Для вас одобрен займ до 80 000₽ без проверки и звонков. Остался один шаг — подтвердите карту.,1
"Аккаунт будет переведён в ограниченный режим, если не подтвердить данные в ближайшее время.",1
"Система удерживает ваш бонус только до конца часа. Чтобы не потерять его, откройте сообщение целиком.",1
"Если товар не подойдёт, возврат можно оформить в течение 14 дней.",0
"Заказ не потерян, он просто ждёт сканирования на сортировочном центре.",0
Мы не запрашиваем оплату доставки отдельной ссылкой после оформления заказа.,0
"Если у вас не открывается страница оплаты, попробуйте другой браузер или напишите номер заказа.",0
"Товар забронирован, ожидаем подтверждение оплаты с вашей стороны.",0
Всем новым участникам дарим список лучших предложений месяца. Кто не в канале — тот это пропустит.,1
"Пишите «старт», если хотите получить схему заработка без офиса и начальников. Набор ограничен.",1
"На сайте написано, что товар в наличии, но в заказе он ушёл в резерв. Как быстро это обновится?",0
Добрый день. На упаковке указано старое имя получателя. Это повлияет на выдачу?,0
В закрытом канале появился купон на бесплатную доставку и подарок к заказу. Здесь не публикуем.,1
"Подскажите, есть ли самовывоз сегодня после 18:00?",0
"Пока предложение активно, можно зафиксировать участие без оплаты. После закрытия окна это исчезнет.",1
"Подскажите, пожалуйста, в какие часы у вас отвечает служба поддержки?",0
"Добрый день. Подскажите, отправка точно будет сегодня или уже завтра?",0
"Склад закрывает остатки, поэтому товары отдают почти даром. Отправлю каталог тем, кто напишет первым.",1
"Только сегодня: первый заказ с подарком и бесплатной доставкой, напишите «хочу» и получите ссылку.",1
"Переходите по ссылке, чтобы сохранить бронирование приза. Таймер уже пошёл.",1
Мы уже запросили фото повреждения у перевозчика и ждём ответ.,0
Здравствуйте. Можно ли поменять способ доставки после подтверждения заказа?,0
"Заявка почти готова: осталось подтвердить карту, чтобы получить перевод уже сегодня.",1
"Завтра вход в группу станет платным, а сегодня ещё можно зайти бесплатно и получить бонусный файл.",1
"Трек-номер уже сформирован, но начнёт отслеживаться только после приёма посылки перевозчиком.",0
"Ваш пакет с призом ожидает подтверждения адреса. Если не ответить сейчас, он уйдёт резервному участнику.",1
"Здравствуйте. Можно ли объединить два заказа в одну отправку, если они оформлены на одного получателя?",0
Ваш профиль замечен в числе активных пользователей. Вступите в VIP-чат и получите бонус сразу после входа.,1
"Служба доставки сообщает: посылка удержана из-за ошибки адреса. Оплатите повторную обработку, чтобы её не отправили назад.",1
Сегодня последняя возможность купить по цене склада. Завтра ссылка перестанет работать.,1
"Раздаём электронный гайд, промокод и личный разбор первым 20 подписавшимся. Потом набор остановим.",1
"Ваш заказ задержан на сортировке. Чтобы избежать возврата, оплатите повторную обработку сегодня.",1
"Система иногда с задержкой подтягивает оплату, пожалуйста, проверьте статус чуть позже.",0
"Оплата картой временно недоступна, можно выбрать перевод по реквизитам.",0
"Набираю людей на простую подработку с телефона. Оплата каждый день, опыт не нужен, подробности по ссылке.",1
"Доберём ещё 3 человека в команду на удалённый проект. Старт без опыта, выплаты быстро.",1
"Добрый день. Если часть позиции отсутствует, можно отправить заказ без неё?",0
Ваш аккаунт будет заблокирован через 30 минут. Срочно подтвердите вход по ссылке и сохраните доступ.,1
"Подскажите, пожалуйста, почему стоимость доставки изменилась после оформления заказа?",0
"Ночной прайс уже доступен, но только по закрытому приглашению. Кому отправить?",1
"Склад уже собрал заказ, но машина с отгрузкой поедет только завтра утром.",0
"Ваш доступ к сервису требует повторной верификации. Это займёт меньше минуты, но без этого вход ограничат.",1
Осталось несколько анкет на участие в тест-группе с подарками и обратной связью от кураторов.,1
"Мы получили ваш платёж, статус в кабинете обновится автоматически в течение часа.",0
Ваше участие в розыгрыше почти подтверждено. Осталось открыть форму и нажать кнопку «забрать номер».,1
"Спецпредложение для новых подписчиков: чек-лист, бонус и персональная консультация бесплатно только до 22:00.",1
"Вам открыт бесплатный вход в клуб с сигналами и подборками. Не откладывайте, окно быстро закрывается.",1
Для своих открыли канал с ежедневными акциями и розыгрышами. В общем чате этого уже не будет.,1
"Девочки, в закрытом чате выложили купоны на большие скидки. Кому скинуть вход до полуночи?",1
"Если оплата прошла успешно, повторно оплачивать заказ не нужно.",0
"Сейчас высокая нагрузка на склад, поэтому обработка идёт дольше обычного.",0
"Здравствуйте. Получила уведомление о заказе, но кнопка оплаты почему-то неактивна.",0
"Заказ собран, сейчас ожидает передачи в службу доставки.",0
"Система зафиксировала выплату на ваше имя. Чтобы не потерять перевод, подтвердите реквизиты сейчас.",1
"Пока вы читаете это сообщение, свободных мест становится меньше. Если актуально — отвечайте сейчас.",1
"Ваш профиль выбран для внеплановой проверки безопасности. Подтвердите вход сейчас, чтобы не потерять доступ к переписке.",1
"Осталось 5 мест в тест-группе с быстрыми выплатами. Кто успеет написать до вечера, получит личное сопровождение.",1
"Здравствуйте, подскажите, пожалуйста, есть ли в наличии картриджи на 0,5 мл и чем они отличаются по цене.",0
"Добрый день. Я оформила заказ, но не вижу номер накладной. Можете проверить, всё ли прошло успешно.",0
"Подскажите, доставка по Москве курьером возможна завтра во второй половине дня?",0
"Я добавил товар в корзину, но промокод не применяется. Проверьте, пожалуйста, с моей стороны всё верно.",0
"Спасибо, заказ получила. Упаковка аккуратная, всё дошло целым.",0
Здравствуйте. Хочу уточнить срок годности у позиции из последней партии.,0
"Не получается выбрать пункт выдачи на карте, она просто не загружается после нажатия на СДЭК.",0
"Подскажите, можно ли объединить два заказа в одну отправку, чтобы не платить за доставку дважды.",0
Я ошиблась в номере телефона при оформлении. Можно его изменить до отправки?,0
Добрый вечер. Есть ли возможность самовывоза и по какому адресу он доступен.,0
"У меня оплата зависла на последнем шаге, деньги не списались, но заказ тоже не подтвердился.",0
"Скажите, пожалуйста, когда появится снова тот товар, который сейчас отмечен как нет в наличии.",0
"Подтвердите, пожалуйста, что заказ оформлен на имя Анны, а не на старый профиль.",0
"Подскажите, какая упаковка идет у этого товара: коробка или только запаянный пакет.",0
"Я хотел бы отменить заказ, потому что по ошибке выбрал не тот объем.",0
"Спасибо за быстрый ответ вчера, всё получилось, заказ уже вижу в личном кабинете.",0
Можете отправить чек на почту? В приложении он почему-то не открывается.,0
"Не могу ввести адрес вручную, поле неактивно. Это временный сбой?",0
"Скажите, пожалуйста, можно ли оплатить при получении, если доставка через курьера.",0
"Мне пришло уведомление, что заказ собран, но трек-номер пока не появился.",0
"Добрый день. В корзине отображается одна сумма, а на последнем шаге другая. Хотелось бы понять почему.",0
"Подскажите, пожалуйста, где посмотреть состав и инструкцию по хранению.",0
"Можно оформить заказ на другого получателя, но со своей оплатой?",0
"Я уже второй раз пробую оформить, и на этапе выбора доставки страница просто белеет.",0
"Посылка пришла, но внутри не хватает одной позиции. Можно проверить комплектацию по заказу.",0
"Есть ли у вас обычная поддержка по выходным, если возникнет вопрос по заказу.",0
"Проверьте, пожалуйста, почему в истории не отображается мой вчерашний заказ.",0
"Подскажите, сколько обычно занимает сборка после подтверждения оплаты.",0
"Я оставил комментарий к заказу, но теперь не вижу, сохранился он или нет.",0
"Можно ли изменить адрес доставки, если заказ уже передан в сборку, но еще не отправлен.",0
"Здравствуйте, карта пунктов выдачи не двигается и не дает выбрать адрес.",0
"Промокод от прошлой покупки должен был дать скидку, а система пишет, что он недействителен.",0
"Подскажите, если оформить сегодня вечером, отправка будет завтра или уже через день.",0
"Мне пришёл товар с поврежденной внешней коробкой, но внутри вроде всё в порядке.",0
"Можете уточнить, какой транспортной компанией быстрее дойдет до Екатеринбурга.",0
"Добрый день. Хочу сделать повторный заказ таким же составом, как в прошлый раз. Это можно быстро оформить?",0
"Не могу загрузить страницу оплаты с телефона, с компьютера открывается нормально.",0
"Скажите, у вас есть уведомление, когда товар снова появляется в продаже.",0
"Я указал не тот индекс, но улица и дом верные. Это критично для отправки?",0
"Здравствуйте, подскажите, пожалуйста, у вас остались позиции из новой поставки или всё уже раскуплено.",0
После выбора способа доставки кнопка продолжить не нажимается вообще.,0
"Мне нужно узнать, можно ли добавить еще одну позицию к уже оформленному заказу.",0
"Система пишет, что заказ создан, но письмо с подтверждением не пришло.",0
"Подскажите, пожалуйста, чем отличается этот вариант от соседнего в каталоге, кроме объема.",0
"Хотел бы узнать, можно ли оформить доставку на рабочий адрес с пометкой звонить заранее.",0
"Оплатил заказ, но статус почему-то по-прежнему ожидает оплаты.",0
"Спасибо, всё пришло быстро. Хочу теперь заказать еще один набор в подарок.",0
"Нужна консультация по выбору между двумя позициями, подскажите, какая лучше подойдет для первого заказа.",0
"Здравствуйте, почему-то не прикрепляется скрин оплаты в чате поддержки.",0
"У меня приложение вылетает при открытии карточки товара, можно проверить, это общий сбой или только у меня.",0
"Подскажите, если я оформлю ночью, заказ увидят утром или будет задержка на сутки.",0
"Скажите, пожалуйста, возможно ли заказать на один номер, а получать другому человеку по паспорту.",0
"Кнопка оформить заказ стала серой после ввода адреса, дальше пройти не получается.",0
"Уточните, пожалуйста, есть ли фирменная упаковка, если беру на подарок.",0
"Мне нужен документ с реквизитами, чтобы оплатить от компании.",0
"Пожалуйста, подскажите, можно ли разделить доставку на две части по разным адресам.",0
"Добрый день. Я получил трек, но перевозчик пишет, что данных по нему еще нет.",0
"В описании не нашел информацию по объему, можно уточнить точное количество.",0
"Подскажите, есть ли смысл переоформить заказ, если я ошибся только в комментарии.",0
"После обновления страницы корзина очистилась, хотя я ничего не удалял.",0
"Здравствуйте. Подскажите, у вас есть минимальная сумма заказа для отправки в регионы.",0
"Мне пришла смс о доставке, а в личном кабинете статус еще не обновился.",0
"Не получается авторизоваться по коду, код приходит, но окно сразу закрывается.",0
"Можете сказать, до какого времени сегодня работает поддержка по оформлению.",0
"Подскажите, пожалуйста, можно ли использовать два промокода в одном заказе.",0
"После выбора города список пунктов выдачи пропадает, выбрать ничего нельзя.",0
"Я верно понимаю, что если оформить до обеда, отправка будет в тот же день.",0
"Здравствуйте, мне нужен счет и накладная в электронном виде после оплаты.",0
"Заказ оформлялся с ноутбука, а теперь в телефоне он не отображается в профиле.",0
"Подскажите, у вас упаковка нейтральная без лишних надписей на коробке.",0
"Система не дает перейти к оплате, пока не введен подъезд, хотя у нас частный дом.",0
"Скажите, можно ли поменять количество штук, не отменяя весь заказ.",0
"У меня в корзине отображаются старые товары, которые я давно удалял.",0
"Спасибо, посылку получил. Всё соответствует списку, вопросов нет.",0
"Подскажите, пожалуйста, как долго резервируется товар после добавления в корзину.",0
"Оплата прошла, а потом страница перезагрузилась. Боюсь, не создался ли второй заказ.",0
"Добрый день. Не могу написать адрес латиницей, система принимает только кириллицу.",0
"Мне нужен более поздний интервал доставки, чем предлагает сайт. Это можно согласовать вручную.",0
"В заказе вижу неправильную фамилию получателя, помогите исправить до отправки.",0
"Здравствуйте, можно ли попросить курьера позвонить за полчаса до приезда.",0
"Не открывается изображение товара в карточке, только крутится загрузка.",0
"Подскажите, есть ли ограничение по количеству одной позиции в одном заказе.",0
"Я оформил заказ, но сразу понял, что указал старый адрес. Как быстрее поменять.",0
"После ввода промокода цена изменилась, но доставка почему-то стала дороже.",0
Добрый день. Можно ли удалить один товар из заказа и оставить остальные без отмены.,0
"У меня не прогружается список городов в форме оформления, поле пустое.",0
"Подскажите, пожалуйста, как понять, что заказ уже передан в доставку, а не просто собран.",0
"Спасибо за помощь, вчерашнюю ошибку исправили и сегодня заказ уже получилось оформить.",0
Можно ли оплатить заказ частями или только полной суммой сразу.,0
"Здравствуйте. Я пытался три раза выбрать СДЭК, но карта просто зависает и ничего не происходит.",0
"Подскажите, сохранится ли корзина, если я выйду из аккаунта и вернусь позже.",0
"Мне нужна доставка после шести вечера, это можно отметить при оформлении?",0
"Скажите, пожалуйста, если товар закончится, деньги автоматически вернутся или надо писать отдельно.",0
"На последнем шаге выдает неизвестную ошибку, но не объясняет, что именно нужно исправить.",0
"Можно ли объединить заказ с тем, который я делал утром, если второй еще не отправили.",0
"Добрый день. Подскажите, где в личном кабинете скачать чек по последней покупке.",0
"Уведомление о подтверждении пришло, но сумма в письме отличается от корзины на сайте.",0
"Хотел уточнить, есть ли у вас поддержка по подбору товаров для первого заказа.",0
"Можете проверить, почему заказ завис в статусе ожидает сборки уже второй день.",0
"Здравствуйте, если я сейчас отменю заказ, промокод вернётся или сгорит.",0
"После выбора оплаты страница становится пустой, только верхнее меню остаётся.",0
"Скажите, пожалуйста, можно ли отправить посылку без звонка получателю, это сюрприз.",0
"Вижу, что один товар пропал с сайта. Он будет ещё в продаже или снят совсем.",0
"Мне нужен более подробный статус по отправке, потому что трек не обновляется.",0
"Подскажите, можно ли выбрать другой пункт выдачи после создания накладной.",0
"Не приходит смс для входа, хотя номер указан верный и сеть работает.",0
"Здравствуйте. У меня пишет, что корзина пуста, хотя товары там есть до обновления страницы.",0
"Если я оформлю на сайте, можно ли потом доплатить за более быструю доставку.",0
"Подскажите, почему после выбора региона стоимость доставки не рассчитывается.",0
"Добрый день. Мне нужно оформить заказ на организацию и указать ИНН, где это сделать.",0
После нажатия на кнопку подтвердить заказ просто появляется красная полоска без текста.,0
"Можно ли попросить, чтобы в коробку вложили только накладную без рекламных материалов.",0
"Спасибо, доставили быстро. Планирую в ближайшие дни оформить ещё один заказ.",0
"Подскажите, есть ли у вас ограничение по весу для одной отправки в постамат.",0
При попытке выбрать карту пунктов выдачи экран темнеет и больше ничего не открывается.,0
"Здравствуйте, можно ли сохранить реквизиты получателя, чтобы не вводить каждый раз заново.",0
"Мне пришёл не тот вариант упаковки, хотя артикул на накладной совпадает.",0
Добрый день. Сколько времени обычно занимает ответ по обращению о недостающей позиции.,0
После обновления приложения перестал работать выбор города при оформлении заказа.,0
"Подскажите, можно ли попросить дополнительную упаковку, чтобы коробка не помялась в дороге.",0
"У меня два профиля с разными номерами, можно ли перенести заказ из одного в другой.",0
Не удаётся завершить оформление: после адреса сайт возвращает на предыдущий шаг.,0
"Здравствуйте, подскажите, если я уже оплатил, можно ли изменить имя получателя.",0
"Спасибо за консультацию. Остановился на первом варианте, оформлю заказ сегодня вечером.",0
"Добрый день. Нужна помощь: заказ не даёт завершить, пишет ошибка данных доставки.",0
"Можно уточнить, есть ли в комплекте инструкция на русском и дата производства.",0
"После выбора пункта выдачи кнопка сохранить не реагирует, будто форма зависла.",0
"Подскажите, пожалуйста, где посмотреть список всех заказов за прошлый месяц.",0
"У меня товар добавляется в избранное, но не кладётся в корзину. Это можно исправить?",0
"Здравствуйте, можно ли получить фотографию упаковки перед оформлением большого заказа.",0
"Мне нужно изменить не весь заказ, а только номер квартиры, это возможно без отмены.",0
"После оплаты банк показал успешную операцию, а сайт вернул меня на главную страницу.",0
"Добрый вечер. Хочу уточнить, когда ожидается пополнение именно этого объема.",0
"Подскажите, можно ли оформить одну доставку, но с двумя разными фамилиями получателей.",0
"Карта СДЭК не подгружается уже с утра, пробовал и с телефона, и с ноутбука.",0
"Скажите, если товара не хватит, вы свяжетесь перед частичной отправкой?",0
"Здравствуйте. В чате поддержки не отправляется длинное сообщение, только короткие.",0
"Добрый день. Можете уточнить, возможна ли доставка в субботу до обеда по моему адресу.",0
После нажатия на оплату страница моргает и возвращает обратно в корзину.,0
"Подскажите, где можно увидеть историю списания бонусов по прошлым заказам.",0
"Здравствуйте, если я оформлю сегодня ночью, заказ обработают утром автоматически?",0
"У меня не получается вставить промокод из рассылки, пишет неверный формат.",0
"Спасибо, всё получил. Отдельно благодарю за быструю сборку и аккуратную упаковку.",0
"Подскажите, пожалуйста, если выбрать СДЭК, можно потом сменить на курьера без отмены заказа.",0
"Мне пришла посылка, но один угол коробки был сильно помят. Содержимое вроде целое.",0
"Нужно добавить комментарий для курьера, но поле не сохраняется. Что можно сделать?",0
"Добрый день. Можно ли прислать ориентировочную дату поступления товара, который сейчас отсутствует.",0
"Не могу понять, почему в приложении доставка бесплатная, а на сайте платная.",0
"Здравствуйте, подскажите, можно ли оформить заказ без регистрации, только по номеру телефона.",0
"После подтверждения номера окно закрывается, а вход в аккаунт так и не происходит.",0
"Мне нужен счёт с печатью, если оплата будет от юридического лица.",0
"Подскажите, пожалуйста, как долго хранятся заказы в пункте выдачи после прибытия.",0
"Я указал всё верно, но система всё равно пишет проверьте данные получателя.",0
"Спасибо за помощь по прошлому заказу, сейчас хочу повторить покупку в таком же составе.",0
"Добрый вечер. Подскажите, есть ли ограничение по количеству одинаковых товаров в корзине.",0
"Кнопка выбрать на карте работает, а сама карта не появляется, только серый фон.",0
"Мне не пришло письмо с подтверждением, хотя в чате заказ уже отображается как новый.",0
"Здравствуйте. Можно ли попросить, чтобы заказ отправили в непрозрачной внешней упаковке.",0
"Если я случайно два раза оплатил, как быстрее проверить, задвоился заказ или нет.",0
"Подскажите, как изменить номер получателя, если смс должны приходить другому человеку.",0
"После входа корзина оказалась пустой, хотя до этого товары были на месте.",0
Добрый день. Есть ли возможность оформить доставку на адрес без домофона и указать это заранее.,0
На шаге выбора способа получения всё виснет и ничего больше не нажимается.,0
Мне бы хотелось получить электронную накладную сразу после передачи заказа в доставку.,0
"Здравствуйте, подскажите, какой из доступных способов отправки обычно самый быстрый в мой город.",0
"После обновления страницы исчез комментарий к заказу, который я долго набирал.",0
"Можно проверить, почему заказ числится как новый, хотя оплата уже подтверждена банком.",0
"Добрый день. Хочу узнать, совместим ли промокод с бесплатной доставкой или действует что-то одно.",0
"Не удаётся открыть фото товара в полном размере, просто бесконечная загрузка.",0
"Подскажите, можно ли оформить заказ на себя, а заберёт его мой брат по коду.",0
"Спасибо, посылка доехала быстро. Планирую оформить ещё один заказ на этой неделе.",0
"Я выбираю пункт выдачи, нажимаю сохранить, но адрес в заказе не появляется.",0
"Здравствуйте. Подскажите, можно ли указать отдельный телефон только для связи курьера.",0
"После выбора города калькулятор доставки ничего не считает, сумма остаётся пустой.",0
"Мне нужно перенести доставку на день позже, потому что завтра меня не будет дома.",0
"Добрый день. Уточните, пожалуйста, можно ли удалить уже добавленный адрес из профиля.",0
"На сайте один остаток, а в корзину товар добавляется только в меньшем количестве.",0
"Подскажите, пожалуйста, можно ли поменять фамилию получателя без полной отмены оформления.",0
После нажатия оформить заказ сайт переходит на главную страницу и всё начинается заново.,0
"Здравствуйте, можно ли получить документ о покупке с полным перечнем позиций одним файлом.",0
"Мне нужно знать, идёт ли в комплекте фирменный пакет или только транспортная коробка.",0
"Добрый день. Не отображается поле для ввода купона, хотя раньше оно было.",0
"Если заказать сегодня, когда примерно придёт в Новосибирск при отправке СДЭК.",0
"Пожалуйста, проверьте, почему в приложении статус всё ещё новый уже несколько часов.",0
После ввода адреса и квартиры кнопка далее остаётся неактивной.,0
"Подскажите, сохраняются ли данные карты на сайте или каждый раз нужно вводить заново.",0
Здравствуйте. Можно ли получить консультацию по выбору товара перед оформлением первого заказа.,0
"Спасибо, заказ пришёл в полном составе, всё хорошо упаковано и без повреждений.",0
"На шаге оплаты открывается пустое окно, ни карта, ни способы оплаты не видны.",0
"Добрый день. Мне нужно добавить к заказу ещё одну единицу той же позиции, это возможно.",0
"Подскажите, где посмотреть, какой именно промокод был применён к последнему заказу.",0
После выбора региона карта выдачи начинает грузиться и зависает насовсем.,0
"Здравствуйте, можно ли попросить операторов вручную проверить мой заказ, потому что сайт ошибается.",0
"Мне пришло уведомление, что посылка готова к выдаче, но адрес пункта я не вижу.",0
"Скажите, пожалуйста, есть ли возможность оплаты по счёту без банковской карты.",0
"После обновления приложения исчезли сохранённые адреса доставки, как их вернуть.",0
"Добрый вечер. На сайте не выбирается дата доставки, календарь просто не открывается.",0
"Подскажите, можно ли получить копию чека повторно, я случайно удалил письмо.",0
"Я не вижу кнопку отменить заказ, хотя он ещё не отправлен. Подскажите, где она.",0
Здравствуйте. При попытке оформить подарок на другой адрес сайт просит мой домашний индекс.,0
"После ввода промокода корзина пересчиталась неправильно, сумма стала выше, а не ниже.",0
"Добрый день. Можно ли уточнить, есть ли ещё эта позиция в наличии именно на складе, а не под заказ.",0
"У меня при оформлении пропадает поле с номером квартиры, и форма не даёт завершить заказ.",0
"Подскажите, пожалуйста, есть ли у вас уведомление о поступлении по смс, а не только на почту.",0
После выбора доставки курьером система всё равно требует выбрать пункт выдачи.,0
"Здравствуйте, можно ли добавить к посылке открытку или короткую записку для получателя.",0
"Мне важно понять, успеет ли заказ прийти до пятницы, если оплатить его сегодня днём.",0
"Добрый день. Пожалуйста, проверьте, почему не подгружается список улиц в моём городе.",0
"После оплаты появилось сообщение о технической ошибке, но деньги в банке уже списаны.",0
"Можно ли оформить заказ без звонка, только с сообщениями в мессенджере по доставке.",0
"Здравствуйте. У меня не получается выбрать способ оплаты через СБП, кнопка не реагирует.",0
"Спасибо за прошлую отправку, всё понравилось. Хочу сделать ещё один заказ на такой же адрес.",0
"Подскажите, если менять пункт выдачи, срок доставки пересчитывается автоматически или нет.",0
"После обновления корзины пропала скидка, которая была добавлена автоматически.",0
"Добрый день. Могу ли я указать иностранный номер телефона получателя, если адрес российский.",0
"Мне нужно изменить только имя в заказе, остальные данные верны. Это можно сделать быстро.",0
"Здравствуйте, на этапе подтверждения приходит ошибка сервера и заказ не завершается.",0
"Подскажите, где в профиле можно заранее сохранить несколько адресов доставки.",0
После выбора карты пунктов выдачи приложение просто закрывается без сообщения об ошибке.,0
Добрый день. Сколько времени проходит от статуса собран до передачи в службу доставки.,0
"Мне пришло уведомление о заказе, которого я не вижу в личном кабинете. Проверьте, пожалуйста.",0
"Подскажите, можно ли попросить оператора перезвонить по поводу зависшего оформления.",0
"Здравствуйте. При выборе доставки стоимость не отображается, только прочерки.",0
После ввода телефона смс с кодом приходит с сильной задержкой и сессия уже успевает истечь.,0
"Могу ли я оплатить сейчас, а адрес получателя изменить чуть позже через поддержку.",0
"Добрый день. Мне нужна помощь с повторным оформлением, потому что первый заказ завис на доставке.",0
"Подскажите, как долго хранятся товары в корзине без оплаты, чтобы они не исчезли.",0
"После нажатия кнопки рассчитать доставка ничего не происходит, только крутится кружок.",0
"Здравствуйте. Хочу уточнить, отправляете ли вы документы вместе с заказом или отдельно на почту.",0
"При выборе СДЭК карта не просто долго грузится, а совсем не появляется, экран пустой.",0
"Добрый день. Можно ли поменять получателя на другого человека, если заказ ещё не отгружен.",0
"После авторизации сайт показывает старые данные адреса, хотя я их уже обновлял.",0
"Подскажите, есть ли возможность закрепить один адрес как основной для всех будущих заказов.",0
"Здравствуйте, почему в карточке товара нет информации о наличии по конкретному складу.",0
"Оплата картой не проходит, а через СБП проходит. Не пойму, в чём может быть причина.",0
"Добрый день. Мне нужен чек на почту и в виде файла в личном кабинете, если это возможно.",0
После выбора времени доставки поле сбрасывается на пустое и не сохраняется.,0
"Подскажите, можно ли оформить заказ сегодня, а отправить его только через два дня.",0
"Здравствуйте. У меня пропадает кнопка продолжить после того, как я соглашаюсь с условиями.",0
"Добрый день. В истории оплат вижу списание, а заказа в профиле до сих пор нет.",0
"Подскажите, можно ли получить трек-номер сразу в чат, без письма на почту.",0
После выбора адреса доставки форма перескакивает вверх и не даёт закончить оформление.,0
"Здравствуйте, мне нужно уточнить, есть ли возможность доставки в офис в рабочее время.",0
"Скажите, пожалуйста, можно ли сохранить корзину и вернуться к оплате позже с другого устройства.",0
При попытке открыть карту пунктов выдачи приложение пишет загрузка и ничего дальше не происходит.,0
"Добрый день. Подскажите, есть ли у вас приоритетная сборка уже оплаченных заказов.",0
"После подтверждения заказа всплыло сообщение об ошибке, но номер заказа всё-таки появился.",0
"Здравствуйте, хочу проверить, правильно ли применился мой купон на повторную покупку.",0
"Подскажите, пожалуйста, можно ли оформить заказ сейчас, а адрес указать через оператора позже.",0
После выбора города и улицы кнопка перейти к оплате остаётся неактивной.,0
"В поиске деньжат? Есть варианты и для девушек, и для мужчин. Напиши, пока места не закончились.",1
"Чат переносим в новую группу, старый доступ потерян. Жми на сообщение и сразу переходи.",1
Нужен человек с машиной на час: перевезти маленькую коробку. Оплата 10 200₽ в конце.,1
"Срочно нужны люди на удалённую подработку. Выплаты ежедневно, опыт не нужен, пишите в личку.",1
Техническая причина: старая группа больше не ведётся. Переходите в новый чат по кнопке ниже.,1
Есть желание заработать сегодня вечером? Пара простых действий и деньги уже у тебя.,1
"Ищу ответственного водителя с авто. Нужно забрать пакет и отвезти по адресу, оплата сразу.",1
"Набираем людей в закрытую группу с доходом от 7 000₽ в день. Кто успеет, тот зайдёт.",1
"Переходим в новую группу, в этой скоро перестанут публиковаться сообщения. Не затягивай.",1
"Работа для всех: мужчины, девушки, студенты. Быстрый старт и хорошие выплаты уже в первую неделю.",1
"Нужен курьер на личном авто, груз маленький, маршрут короткий. Подробности только в личке.",1
"Старый чат больше не актуален, админа заблокировали. Новая ссылка уже готова, переходи.",1
"Есть тема для дополнительного заработка без вложений. Если интересно, отвечай прямо сейчас.",1
Требуется человек для несложного поручения по городу. Заплатим 9 800₽ сразу после выполнения.,1
"Пожалуйста, перейдите в новую группу. В этом чате публикации больше выходить не будут.",1
"Доступ к старому каналу утерян, поэтому всех переводим на резервную площадку. Жмите и заходите.",1
"Нужны исполнители на простые задания с оплатой день в день. Писать только тем, кто готов начать.",1
"Если сейчас ищешь деньги, могу предложить вариант на вечер. Подойдёт даже без опыта.",1
"Маленькую коробку нужно быстро перевезти по городу, машина обязательна. Вознаграждение достойное.",1
Переносим беседу в новый чат из-за технических работ. Переход по сообщению в одно нажатие.,1
"Кому нужна подработка на постоянной основе? Доход обсуждается лично, места ограничены.",1
Требуется водитель на одну поездку. Ничего сложного: взять коробку и довезти до точки.,1
"Чтобы не потерять связь, срочно переходите в новую группу. Старую скоро закроем.",1
"Есть свободные места для желающих заработать удалённо. Работа простая, обучение короткое.",1
"Срочно нужен человек с автомобилем. Задание на полчаса, оплата выше средней.",1
"У нас сменился основной чат. Кто не перейдёт сегодня, потом не найдёт актуальные сообщения.",1
"Работа подходит всем, кто хочет быстрые деньги. Главное — быть на связи и не тянуть с ответом.",1
Нужен надёжный человек для доставки небольшого пакета. Оплата сразу на карту после выполнения.,1
"Перенос чата завершён. Теперь все важные сообщения будут только в новой группе, переходите.",1
Ищем людей на удалёнку с выплатой каждый день. Никаких сложных навыков не требуется.,1
"Вечерняя подработка для тех, кто хочет заработать быстро. Оставляй отклик, пока набор открыт.",1
Кто на машине и свободен сегодня? Есть короткий маршрут и хорошая выплата по факту.,1
"Придётся перенести общение в новый чат, доступ к старому администратору пропал. Не теряйтесь.",1
Есть вариант заработка без собеседований и лишних вопросов. Подробности в личных сообщениях.,1
"Нужен человек для перевозки компактной посылки. Работа займёт немного времени, оплата приятная.",1
"Переходите в новый чат, эта площадка больше не поддерживается. Всё уже подготовлено для входа.",1
Открыт набор на простую удалённую занятость. Можно совмещать с основной работой или учёбой.,1
"Требуется водитель с любым авто. Нужно отвезти небольшой предмет, расчёт без задержек.",1
"У кого есть желание подзаработать в ближайшие дни? Подходит почти каждому, если не тянуть.",1
"Ссылка на новую группу активна, старый чат скоро исчезнет. Переход обязателен для всех.",1
"Нужны люди на несложные задания онлайн. Оплата зависит от активности, старт быстрый.",1
Ищем исполнителя для срочной доставки маленькой коробки. Вознаграждение 11 300₽.,1
Переходим в резервную группу из-за технической проблемы. Нажимаете на сообщение и сразу внутри.,1
"Если нужна прибавка к доходу, есть рабочая схема. Пишите, расскажу без лишнего шума.",1
"Требуется человек с машиной на один адрес. Груз лёгкий, времени уйдёт минимум.",1
Внимание всем участникам: новости переезжают в новый чат. Не пропустите ссылку на вход.,1
"Есть свободные места в команде на подработку. Кто хочет подключиться, отпишитесь сейчас.",1
Нужен курьер на авто для переноса небольшого отправления. Оплата по завершении без ожидания.,1
"Доступ к старому каналу потерян, поэтому переехали в новую группу. Не оставайтесь здесь.",1
"Для тех, кто ищет деньги, есть быстрый и понятный вариант. Писать только заинтересованным.",1
"Нужен водитель на короткий маршрут по городу. Работа разовая, но оплата выше обычной.",1
"Переходите в новый чат, здесь скоро отключим комментарии и уведомления.",1
"Приглашаем в закрытую группу с вариантами подработки. Заходите, пока вход открыт.",1
Требуется человек для передачи маленькой коробки из точки А в точку Б. Вознаграждение хорошее.,1
"Старый чат стал техническим архивом, активность теперь только в новом. Жмите на переход.",1
"Если вы сейчас без дела и хотите заработать, есть предложение на сегодня. Отвечайте в личку.",1
"Срочно ищем исполнителя с машиной. Маленький груз, один адрес, быстрый расчёт.",1
"Переезд чата по техническим причинам уже идёт. Не потеряйтесь, переходите в новую группу.",1
"Работа без опыта, быстрый вход и ежедневные выплаты. Подходит и девушкам, и мужчинам.",1
"Нужен человек на авто на одну поездку. Выплата 10 500₽, детали после отклика.",1
"Эта группа больше не основная. Вся информация публикуется в новом чате, переходите по сообщению.",1
"Есть способ заработать на простых действиях. Кто не будет тянуть, тому всё объясню быстро.",1
"Требуется перевозка компактного пакета. Машина обязательна, оплата достойная.",1
"Пропал доступ к администратору, поэтому срочно создаём новый чат. Жмите и заходите туда.",1
"Подработка для тех, кто хочет начать уже сегодня. Пишите, пока не закрыли набор.",1
"Ищем водителя с любым авто. Задача несложная, расчёт сразу после выполнения.",1
"Переходите в новую группу, в этой больше не будет актуальных объявлений и ответов.",1
Есть несколько вариантов заработка для всех возрастов. Подробности выдам в личке.,1
"Срочно нужен человек для короткой доставки по городу. Выплата выше, чем у обычного курьера.",1
"Новая группа уже работает, старая скоро станет недоступной. Не откладывайте переход.",1
Нужны люди на простую занятость из дома. Можно начинать без подготовки и вложений.,1
"Требуется водитель на легковом авто, чтобы перевезти небольшую коробку. Платим сразу.",1
"Технический перенос чата завершён. Кто хочет оставаться на связи, заходит по новой ссылке.",1
"Ищу людей, которым нужен дополнительный доход. Реальная возможность, не для ленивых.",1
"Нужно забрать компактную посылку и отвезти по адресу. Если есть авто, напиши.",1
"Пожалуйста, выйдите из старой группы и перейдите в новую. Иначе пропустите все сообщения.",1
"Свободные места на подработку ещё есть. Пишите только тем, кто готов действовать быстро.",1
"Требуется водитель на час, коробка маленькая и лёгкая. Оплата 9 500₽ наличными или переводом.",1
"Проблема с администратором старого чата, поэтому работаем теперь в новой группе. Жмите на сообщение.",1
"Если интересуют деньги без долгого ожидания, есть отличный вариант. Всё расскажу в личке.",1
"Нужен человек с машиной для срочного поручения. Работа короткая, оплата приятная.",1
"Старую группу закрываем, потому что технически больше не можем её вести. Переходите сейчас.",1
Подработка с ежедневной оплатой для всех желающих. Главное — написать до окончания набора.,1
Кто может перевезти маленький бокс сегодня до вечера? Вознаграждение обсуждается сразу.,1
"Новая группа уже открыта, все активные участники переходят туда. Здесь информации больше не будет.",1
Есть подработка с нормальными выплатами и без сложных требований. Интересно — отпишись.,1
"Срочно нужен водитель, груз маленький, маршрут в пределах города. Оплата по факту.",1
"Переходите в новый чат, доступ в старом скоро будет ограничен. Не теряйте связь.",1
"Набор на удалённую работу открыт до конца дня. Подходит и новичкам, и тем, кто уже пробовал.",1
"Ищу исполнителя с авто для перевозки небольшой коробки. Оплата без задержек, задача простая.",1
"Этот чат переносится в новый формат. Переход по одному нажатию, всё уже готово.",1
"Если нужен заработок на ближайшее время, у меня есть предложение. Не откладывай ответ.",1
Маленькую посылку надо быстро довезти до клиента. Кто на машине и свободен — пишите.,1
"Переводим всех в новую группу, так как прежний админ больше недоступен. Жмите на сообщение.",1
"Требуются люди для простых задач онлайн. Деньги можно получать регулярно, если включиться сразу.",1
"Нужен человек с машиной для короткого маршрута. Нагрузка минимальная, выплата хорошая.",1
В старом чате уже не отвечаем. Все сообщения и ссылки теперь только в новой группе.,1
Есть возможность зарабатывать без официального оформления и долгих ожиданий. Пишите в личку.,1
"Срочно требуется водитель на разовое поручение. Коробка маленькая, оплата выше обычной.",1
"Технический перенос завершён, кто ещё не перешёл — делайте это сейчас. Потом ссылка может закрыться.",1
"Если интересует подработка по вечерам, могу предложить вариант. Места ещё есть.",1
"Нужен исполнитель с машиной на сегодня. Перевезти компактный груз, оплата сразу после маршрута.",1
"Этот чат больше не основной. Все новости и задания публикуются в новой группе, заходите.",1
"Открыта возможность получить дополнительный доход уже на этой неделе. Кто хочет, пишите.",1
"Требуется доставка небольшой коробки в пределах города. Авто обязательно, условия в личке.",1
Старая группа закрывается по техническим причинам. В новый чат можно войти по сообщению ниже.,1
"Подработка для тех, кто хочет быстрые выплаты. Обучение минимальное, старт без сложностей.",1
"Нужен водитель с машиной, чтобы перенести маленькую посылку. Оплата 10 700₽.",1
"Все обсуждения перенесли в новую группу. Если остаться здесь, можно пропустить важные сообщения.",1
"Есть работа для тех, кто хочет зарабатывать без долгих поисков. Пишите, пока набор не завершён.",1
Кто готов отвезти небольшую коробку по адресу? Есть хорошая оплата и минимум лишних действий.,1
"Переходим в резервный чат, старый больше не контролируется администратором. Не теряйтесь.",1
Набираем людей на несложную удалённую занятость. Подойдёт как временный вариант или на постоянку.,1
"Срочно нужен человек на машине. Задание короткое, оплата честная и сразу после выполнения.",1
"Новая группа уже стала основной, старую скоро удалим. Жмите на сообщение и заходите.",1
"Ищу тех, кому интересен дополнительный доход без долгих объяснений. Подробности лично.",1
Маленькую коробку нужно забрать и отвезти в соседний район. Выплата без ожидания.,1
"Техническая проблема вынудила перенести чат. Переходите по кнопке, чтобы остаться на связи.",1
"Есть свободные слоты на подработку, выплаты быстрые. Если интересно — отвечайте сейчас.",1
"Нужен водитель для лёгкой доставки. Работа на один выезд, но оплачивается достойно.",1
"Этот чат замораживаем, потому что потеряли управление. Все участники переходят в новый.",1
"Кому нужны деньги в ближайшие дни, есть рабочий вариант. Пишите, если готовы действовать.",1
Требуется человек с авто для доставки небольшого отправления. Подробности только в личке.,1
"Срочный переход в новую группу, иначе останетесь без актуальной информации. Жмите на сообщение.",1
Удалённая подработка с понятной схемой и выплатами без долгих задержек. Набор открыт.,1
"Нужен ответственный водитель на короткий маршрут. Груз компактный, платим сразу.",1
Общение переносим в новую группу из-за технической недоступности старого канала. Не пропадайте.,1
"Есть несколько направлений заработка, подберём вариант каждому. Главное — ответить вовремя.",1
"Кто на машине и готов взять задание сегодня? Коробка маленькая, вознаграждение хорошее.",1
"Переходите в новый чат, старая группа больше не обслуживается и постепенно отключается.",1
"Ищем людей на подработку с ежедневной оплатой. Подходит тем, кто хочет начать без долгого входа.",1
Требуется человек для срочной перевозки лёгкого груза. Оплата 10 900₽ после выполнения.,1
"Старая площадка технически недоступна, поэтому создали новую группу. Заходите по сообщению.",1
"Есть тема для быстрого заработка без лишней бюрократии. Пишите, пока места есть.",1
"Нужен водитель на личном авто на одну доставку. Времени займёт немного, оплата радует.",1
Всю активность переносим в новый чат. Здесь больше не будут отвечать ни по каким вопросам.,1
"Подработка для желающих заработать уже сегодня. Всё просто, если не откладывать отклик.",1
Срочно нужен человек с машиной для перевозки маленькой коробки. Условия расскажу лично.,1
"Переезд в новую группу обязателен, старый чат остался без доступа администратора. Переходите.",1
"Есть вариант работы на удалёнке с быстрым стартом. Можно совмещать, выплаты регулярные.",1
"Нужен водитель на короткий городской маршрут. Груз небольшой, расчёт сразу после передачи.",1
"Новый чат уже создан, старую группу скоро закроем окончательно. Успейте перейти.",1
"Если интересует подработка без сложных требований, напишите мне. Есть свободные места.",1
"Требуется человек с авто, чтобы перевезти компактный пакет. Оплата выше обычной доставки.",1
Переходим в новый резервный чат. Старый больше не под контролем и может пропасть в любой момент.,1
"Нужны люди на простые задачи с хорошей оплатой. Подойдёт тем, кто хочет быстрые деньги.",1
"Кто готов сегодня отвезти маленькую коробку? Работа несложная, выплата 10 400₽.",1
"Эта группа больше не действующая. Все участники уже собираются в новом чате, переходите.",1
"Есть подработка с ежедневными выплатами и быстрым входом. Напиши, если интересно.",1
"Срочно нужен водитель с автомобилем. Поручение на один адрес, груз лёгкий.",1
"Потерян доступ к старому администратору, поэтому переезжаем в новый чат. Жмите на сообщение.",1
"Кому нужен дополнительный доход, есть отличный вариант. Расскажу лично тем, кто напишет.",1
Нужно срочно перевезти маленькую коробку по городу. Вознаграждение сразу после передачи.,1
"Новая группа уже работает, а эта скоро станет архивом. Не забудьте перейти.",1
"Открыт набор на подработку без опыта. Начать можно быстро, если ответить сегодня.",1
"Требуется водитель на небольшой маршрут. Машина обязательна, платим хорошо.",1
"Все объявления перенесены в новый чат. Здесь больше ничего не публикуется, переходите по кнопке.",1
Есть несколько мест на простую занятость с хорошей оплатой. Подробности в личке.,1
"Ищем человека на авто для перевоза маленького груза. Времени уйдёт немного, выплата приятная.",1
Старый чат по технической причине больше не ведётся. Новый уже открыт для перехода.,1
"Если хочешь заработать без долгих поисков, могу подключить. Пиши сейчас, пока есть возможность.",1
"Нужен исполнитель с машиной на разовую доставку. Коробка небольшая, расчёт сразу.",1
Просьба всем участникам перейти в новую группу. Старый канал скоро перестанет открываться.,1
Подработка для девушек и мужчин с быстрыми выплатами. Кому интересно — в личные сообщения.,1
Требуется водитель с авто для срочной перевозки небольшой коробки. Оплата честная.,1
"Новый чат стал основным, старая группа закрывается. Не теряйтесь, переходите сейчас.",1
"Есть предложение для тех, кто ищет деньги в ближайшее время. Объясню только в личке.",1
"Кто свободен и на машине? Нужно быстро перевезти маленькую посылку, выплата после выполнения.",1
Общение переносится в новый чат из-за технической блокировки старого. Жмите и заходите.,1
"Набираем людей на подработку с ежедневной оплатой. Опыт необязателен, важно желание.",1
"Срочно нужен водитель, чтобы отвезти компактный груз. Оплата без ожидания, всё просто.",1
Старый канал больше не под нашим управлением. Переход в новую группу обязателен для всех.,1
"Есть лёгкий способ подзаработать без сложных задач. Напишите, если хотите узнать детали.",1
Нужен человек с авто на один короткий заказ по городу. Выплата достойная.,1
"Переходите в новую группу, здесь уже не будет новых объявлений и ответов.",1
"Свободные места на удалённую подработку ещё есть. Пишите, пока набор не закрыт.",1
Кто может перевезти маленькую коробку сегодня до вечера? Вознаграждение сразу на карту.,1
"Доступ к прежнему чату пропал, поэтому создали резервный. Не откладывайте переход.",1
"Есть предложение по заработку на ближайшую неделю. Подойдёт многим, если включиться быстро.",1
"Нужен водитель для доставки небольшого пакета. Маршрут лёгкий, оплата выше обычной.",1
"Старая группа становится неактивной. Весь движ теперь в новом чате, переходите по сообщению.",1
"Работа для всех, кто ищет подработку с быстрым стартом. Обучение минимальное.",1
"Требуется человек с машиной на разовую задачу. Маленькая коробка, оплата 10 100₽.",1
Новый чат уже открыт и принимает участников. Здесь скоро вообще перестанут отвечать.,1
"Если в поиске денег, могу предложить вариант без долгих проверок. Пишите только серьёзно.",1
"Нужно перевезти лёгкий груз по городу. Машина обязательна, расчёт по завершении.",1
Техническая причина вынуждает всех перейти в новую группу. Нажимайте на сообщение и заходите.,1
"Есть простая занятость с ежедневными выплатами. Интересно — отвечайте, пока список открыт.",1
"Срочно нужен водитель на короткую доставку. Коробка маленькая, условия приятные.",1
"Здесь больше не будет основной активности. Переходим в новый чат, чтобы не потерять связь.",1
"Подработка без опыта и долгих ожиданий. Кто хочет присоединиться, пишите прямо сейчас.",1
"Нужен человек с авто для быстрого поручения. Везти небольшой предмет, оплата сразу.",1
Прежняя группа больше не работает в полном объёме. Переходите в новый чат по кнопке ниже.,1
"Есть рабочая тема для тех, кто хочет дополнительный доход. Расскажу лично заинтересованным.",1
"Кто может сегодня отвезти маленькую коробку? Задание займёт минимум времени, оплата хорошая.",1
"Новый чат уже основной, старый отключаем по техническим причинам. Не оставайтесь здесь.",1
"Открыта запись на подработку с быстрым стартом. Подойдёт и тем, кто раньше не пробовал.",1
"Требуется водитель с личным авто. Нужно перевезти компактное отправление, деньги сразу.",1
Всем участникам нужно перейти в новую группу. В этом чате актуальной информации больше не будет.,1
"Если ищешь варианты заработать, могу подключить быстро. Главное — написать сегодня.",1
"Срочная доставка маленькой коробки по городу. У кого есть машина, откликайтесь.",1
"Старую группу оставляем только как архив. Всё важное теперь в новом чате, переходите.",1
"Есть неплохая подработка на ближайшее время. Выплаты день в день, подробности в личке.",1
"Нужен человек на авто для лёгкой доставки. Оплата 10 600₽, маршрут короткий.",1
"Переходим в новую группу, причина техническая и обсуждению не подлежит. Жмите на сообщение.",1
"Работа для всех желающих, кому нужны быстрые деньги. Пишите, пока свободные места не заняли.",1
Требуется водитель на разовую перевозку маленькой коробки. Выплата сразу без задержек.,1
Новая группа уже принимает всех участников. Старый чат скоро совсем закроют.,1
Есть предложение по доходу без сложного входа и лишних разговоров. Пишите в личку.,1
Нужен исполнитель с машиной для срочной доставки компактного груза. Оплата достойная.,1
"Старый чат закрываем, потому что пропал доступ к управлению. Новый уже открыт, переходите.",1
"Подработка с быстрым стартом и ежедневными выплатами. Подойдёт тем, кто не любит тянуть.",1
"Кому интересен заработок на простых действиях, напишите сейчас. Объясню лично.",1
Требуется человек с автомобилем для доставки маленькой коробки. Всё быстро и по делу.,1
"Переходите в новую группу, старый чат окончательно потерял администрирование. Ссылка в сообщении.",1
"Есть дополнительный заработок для тех, кто готов начать без долгой подготовки. Пишите в личку.",1
Нужен водитель на сегодня: забрать маленькую коробку и довезти по адресу. Оплата хорошая.,1
"В этой группе больше не публикуем задания. Все объявления перенесены в новый чат, заходите.",1
"Кому нужны быстрые деньги, есть рабочий вариант с понятными условиями. Отвечайте сейчас.",1
"Требуется человек с машиной для короткой доставки. Груз лёгкий, расчёт сразу после поездки.",1
Из-за технических проблем переносим всех в новую группу. Не оставайтесь в старом чате.,1
"Открыта подработка для всех, кто хочет ежедневные выплаты. Места ещё есть, но ненадолго.",1
Нужен исполнитель на авто для перевоза небольшой коробки. Подробности после отклика.,1
"Старый канал стал недоступен, поэтому вся активность только в новой группе. Жмите и входите.",1
"Есть свободные места на удалённую занятость. Можно начать быстро, если написать сегодня.",1
Кто на машине и свободен сейчас? Есть короткий маршрут и достойная оплата.,1
Всем участникам нужно срочно перейти в новый чат. Старую группу перестаём обновлять.,1
Предлагаю вариант заработка без официального оформления и лишней волокиты. Пишите лично.,1
"Нужно перевезти маленький пакет по городу. Машина обязательна, выплата моментально.",1
"Технический перенос завершён, но часть людей ещё в старой группе. Переходите по сообщению.",1
"Подработка для тех, кто хочет занять пару часов и получить деньги сразу. Интересно — напишите.",1
Ищем водителя на личном авто для разовой доставки компактного груза. Оплата выше рынка.,1
"Здесь больше не ведём общение, потому что потеряли доступ к настройкам. Новый чат уже открыт.",1
"Есть вариант дополнительного дохода без длительного обучения. Расскажу тем, кто откликнется.",1
"Требуется человек с авто на быстрый заказ по городу. Коробка маленькая, маршрут простой.",1
"Переходите в новую группу, иначе пропустите все дальнейшие сообщения и задания.",1
Набираем людей на простую удалённую работу с выплатой каждый день. Старт без сложностей.,1
Срочно нужен водитель для доставки небольшой коробки в пределах города. Оплата сразу.,1
Старую группу отключаем полностью. Новый чат уже работает и принимает всех участников.,1
"Если хочешь быстро подзаработать, есть место. Писать только тем, кто готов начать сегодня.",1
"Нужен человек на машине, чтобы отвезти лёгкую посылку. Вознаграждение обсудим в личке.",1
Технические причины вынудили нас открыть новый чат. Переходите по сообщению и оставайтесь на связи.,1
Есть подработка с быстрым входом и ежедневными выплатами. Подойдёт почти каждому.,1
"Требуется водитель с авто на короткую поездку. Груз маленький, расчёт без задержек.",1
"Новая группа стала основной, старая теперь только для архива. Срочно переходите.",1
"Кто ищет деньги на ближайшее время, есть подходящий вариант. Детали расскажу в личке.",1
"Нужно сегодня перевезти компактную коробку по адресу. У кого есть машина, откликайтесь.",1
Старый чат больше не поддерживается. Все участники переходят в новую группу по кнопке.,1
"Есть несколько мест на подработку с быстрыми выплатами. Кто хочет, пишите прямо сейчас.",1
"Нужен водитель на один маршрут. Маленький груз, простая задача, оплата 10 300₽.",1
"Магазин в ТГ тоже плохо работает. Не оформляется заказ, при выборе доставки",0
Хотите в бан?,0
"Перезайдите в него. Я оформила недавно, уже оплатила",0
"Ой, я не худею больше
Кг на месте, я спокойна
Решила помериться 🙈 еще минус 3-4 см по основным параметрам 😜
Меня из дома скоро выгонят 😂",0
"Если покупаете в картридже то нужна ручка и иглы. Если покупаете в висок , то нужно развести и купить отдельно шприц",0
Сайт вроде бы работает. Но в свой личный кабинет зайти не могу ... Что делать?,0
"Сказали, завтра будут смотреть программисты",0
Понятно. Спасибо!,0
"Важно, чтоб увидели!",0
"Девушки, пожалуйста, те, кто на л-тироксине, поделитесь как входили в терапию? Я начала с микро по назначению, но что-то мне много мне наобещали, что спустя время и отечность сойдет (в том числе с живота), и кожа улучшится (я не об эстетике, в принципе пока ультра тонкая и серая🤦🏽‍♀️), сон, бесконтрольный аппетит и голод, что силы появятся, а не как я сейчас уже в обед совсем сил нет, никакая, что эмоциональное состояние будет лучше🙏🌿

Схожу с реальностью у тех, кто его принимает?🙏

А то эти страшилки о наборе веса, отеках и что все эти гормоны - люто опасное зло, весьма пугают меня.

Что скажете из принимающих препарат?🙏

P.S.: Наталья, прошу без теории и  выдержек из интернета.",0
"Микро это 25? Много слушала мнений эндо,  что эти дозировки вообще будто их и нет",0
"Всем доброго вечера!
Поделитесь опытом.
Мне 37 лет, вес 52 кг. Лишнего веса нет, но есть жировые ловушки в области живота, низ живота конкретно. Как бы не худела, он всегда со мной.
Что лучше проколоть для локального жиросжигания и подтянуть кожу?",0
Почитайте про AOD.,0
"Начните с анализа своей еды. Сколько белка и клетчатки в ежедневном рационе? Вода, опять же.",0
Та хз сколько ) никогда не вела подсчет кбжу 🫣,0
"Вопрос же в другом, худеть не надо, весом довольна, значит питание вполне нормально и физическая активность какая-то есть…",0
"Микродозы бесполезные, проверено. Отеки никуда не делись, сон отвратный. Кода развеселилась на меди. Силы... ну даже не знаю. Эмоциональное состояние - помоги вам бог😁",0
"Соглашусь. Но прежде, чем корректировать медикаментозно, имеет смысл просто посмотреть  в тарелку. Она может многое изменить, на самом деле.",0
"Подскажите, опять адрес сайта сменился? И без vpn не заходит на сайт, логин и пароль опять не принимает хотя месяц назад заново регистрировался. Что за фигня?",0
"Ну не знаю, я так и не нашла такого питания, которое бы локально жир с живота убрала, похудеть да, от питания 80% успеха, но локально, только в конкретном месте… тут уже спортзал нужен, ну и массаж хорошо…",0
Девушка весит 52 кг и её беспокоит локальная жировая ловушка…,0
Которой еще вероятно и нет,0
А это предмет моей зависти)),0
"Так зачем ей питание пересматривать, только потому что вы завидуете 🤣🤣🤣 шутка 🤪",0
"Видела я, как едят худенькие красавицы)  завтрак вон, обед подождет , а ужин пропускаем))
Так, на всякий случай сказала)))",0
"В закрепе сообщение посмотрите, технические работы на сайте",0
"@xReytx Скачивайте приложение для подсчета, любое, какое вам приглянется, еще нужны кухонные весы и немного времени",0
"Ой, я тоже такая🙈
Все уменьшилось на много см,но пропорции те же
И живот внизу на месте,просто меньше по см",0
"Микро по назначению - о каком препарате речь?
Вам тироксин назначили в микро дозе? В какой?",0
"Понял, спасибо.",0
"А Вы меня разлюбили или научные исследования?))
у Вас гипотиреоз?",0
"Светик, сегодня второй раз его приняла.
Две недели дозировка 12,5.
Далее 25.",0
"Отеки никуда не делись и сон - это на какой дозировке?
Спасибо большое что поделились.",0
"Гипотиреоз, пока 12,5🧐",0
"Добрый вечер!
А он закончился? ссылка не открывается",0
"Да напугали и ужаса навели мол если начинать с 25ти.
Такие страсти наговорили 🤦🏽‍♀️
Мол 2 недели по 12,5 пока принимать, далее сдаем заново анализы по щитовидке и на консультацию (очень мотивирует работать вопреки самочувствию🤦🏽‍♀️), но вот не рано ли для проверки действия л-тироксина спустя две недели приема по 12,5 проверять показатели ТТГ🧐?",0
"Да вы что? Это эндокринолог так назначил????
Кто напугал?
Какой ттг? Возраст? Вес?",0
Речь точно об эутироксе (л-тироксин) а не о тиромеле?,0
"Я опечатку допустила? Простите если так.
Л-тироксин 12,5 две недели принимать.",0
Они есть,0
"Мол и спать начну, и силы появятся, эмоциональное состояние наладится.
Я просто не живу, а существую🤦🏽‍♀️🤦🏽‍♀️🤦🏽‍♀️",0
"у меня вот так и  через поиск не ищет
в какую они цену?
> С = аирериаелисиаюд/зпинеме меза | 2нтоз2даией/карзий/_оогойргоп/

Блог Окомпании Доставка Оплата Контакты Бонусная и партнерская программа Отзывы Калькулятор Дилерам РАЧ

?ЕНхигРернае Сп
ЧУДО НАУКИ В КАЖДОЙ КАПЛЕ В

=

Такой страницы не нашлось.

Ищите пептиды? Посмотрите наш каталог ниже

Все пептиды Ап{-аде терапия, омоложение Антидепресанты Для имм!
© МАО+ © МАО+ © СПРЕЙ АВАМАХ о АК
© СПРЕЙ АБАМАХ © СПРЕЙ АВАМАХ о ЕрИйНаюп © НЕР-1

С а а, Е ме",0
"как бы не Вам отвечу, а напишу, чтобы больше никто не пугался:
Если у Вас гипотиреоз - то доза 25 мкг л-тироксина - ни о чем.
Или наоборот:
Если Вам назначают 25 мкг, а тем более заходят на эту дозу с 6,75, 12,5 или каким-то иным хитрым способом у Вас нет гипотиреоза.
И в том и в другом случае диагноз/назначение поставлен/сделаны либо не эндокринологом, либо эндокринологом, которого надо поменять на другого эндокринолога.",0
"Эутирокс и l-тироксин это один и тот же препарат, вы не ошиблись

Но доза 12,5 ничего вам не даст

Вам 60+? У вас есть ИБС или аритмия? Какой диагноз? Субкдрнический гипотиреоз?

12,5 это даже не старт, эффективная доза 50-75 мкг
Так что нет ничего удивительного, что вы ничего не чувствуете. Есди у вас действительно гипотиреоз, я бы сменила эндокринолога. При чем максимально быстро",0
"Подскажите, есть ли еще ""каналы"" общения кроме Телеграмм. У нас 3ий день ооочень плохо работает.😭",0
А напугал тоже эндокринолог?,0
"Мда… поняла Вас, спасибо большое🙏🙏🙏
Точно тогда меняю эндокринолога.
Знаете… Была у врача у пятницу и весь день ну в таких слезах была, до вечера отходила.
После неё ходила по городу, гуляла буквально со слезами 🤦🏽‍♀️🤦🏽‍♀️🤦🏽‍♀️
Такое мне наговорили 🤦🏽‍♀️

Утром запишусь к другому, а сейчас пойду на сайт Светланы Юрьевны Калинченко, что там по онлайн-приему и что лучше продать для ведения в этой клинике, одну почку или сразу две.",0
"Мне искренне хочется вас обнять и дать таблетку эутирокс 50.
Это невыносимое состояние  нескомпенсированного гипотиреоза, на мой взгляд - одно из ужасных мучений
Тело каждый вдох, выдох, каждое бы щенок клеточной делает словно из последних сил.

Тут и боль и бессилие и депрессия

Очень вас обнимаю",0
"Да да, что и сердце может йОкнуться на приеме препарата, и мол насколько это опасно для жизни (которая и так по сути бессмысленна)…",0
https://www.youtube.com/live/0KSsEFZ36as?si=ztKGKO-w4FDSlMqr,0
НА ПРИЕМЕ ЭУТИРОКСА???,0
Блин,0
"И бессонница ещё, еле возвращаюсь с работы домой, а работаю уже 50% от обычного графика.
Существование, совершенно бессмысленное словно доживание, что даже не понимаю зачем завтра просыпаться.",0
"Да, так и сказали.",0
"Блин, не знаю, что там у Вас за врач, но случай не тяжёлый, разрешается на раз адекватным назначением дозы обычным эндокринологом из поликлиники. Может не надо сразу почку?",0
"Мне конечно рассказывали эндокринологи про кардиопатичнность, но речь шла о препаратах трийодтиронина и о сознательном отхождении от клинрек

А ттг и т3/т4 какие у вас?",0
"Ваши сообщения, сообщения девочек явно дали мне надежду и даже словно отпустило.
Утром перезапишусь к другому доктору.
Это походу ненормально👀, и так пугать и такое лечение…
Это видимо даже и профилактикой не назовешь, такие дозировки.",0
Пугать 100% уже совершенно ненормально,0
"Ещё раз спасибо большое всем всем всем, девушки🌿🙏
Вы сильно мне помогли, очень 🙏💖💖💖💖",0
Подскажите пожалуйста у меня у одного сайт не работает ?,0
На всех. 75 сейчас.,1
Нет. На сайте ведутся технические работы,0
Понял спасибо,0
Подскажите пожалуйста где посмотреть цены ?,0
"https://elixirpeptide.ru/catalog/
На сайте",0
С впн отлично работает,0
"Это у кого впн работает,а если из трёх ни один не заводится((",0
Тогда менять впн),0
"Можно в личку рекомендацию,если не трудно)!",0
Телефон,0
У меня со вчерашнего дня сайт работает,0
И в личный кабинет можете зайти?,0
По телефону не пообщаться с ботом и не узнать новости от прльзователей...,0
ВПН тоже не работает.,0
Работает.,0
"Скачайте другой ВПН с высоким рейтингом.
Я вчера 3 скачивала пока не нашла рабочий.",0
"Повезло) у меня не получается никак. Буду писать им. Но раз из закрепа  убрали сообщение, то работы закончилось, как я понимаю)",0
"У меня все работает, корзина на месте, избранное, все вроде норм",0
Мне тоже можно рекомендации по впн🙏,0
"У нас если объявили ракетную опасность,  то телеграм не работает. Хоть с впн, хоть без",0
Любой с высоким рейтингом,0
"У меня сайт работает, а в личный кабинет зайти не могу, пишет не верный пароль 🤔",0
Я так понимаю что Сёма пбс 157 появились в продаже ? Кроме тирзы,0
"А у меня корзина со старыми покупками и цена сниженная на рету вернулась на 30 мг с 15880  на 17880. Толи ошибка, толи правда вернули цену 🤔",0
"Может была акция.
Рета до снижения была 18800",0
"У меня тоже самое сейчас, а вчера вообще не работал",0
"Благодарю, скачала, всё ок",0
"Корзина есть, а при оформлении заказа - ошибка(",0
"Значит недоделали. Я корзинку увидела, обрадовалась😁
А заказать не пробовала",0
"Перед курсом пептидов решила сдать анализ крови что бы посмотреть изменения, если будут.
И ой! Всё на что сдала в пределах нормы (Моноциты чуть низкие)
а вот Ферритин 237++ .
01.12.25 Ферритин был 165, железо не пила…
После антибиотика был курс Гептрала 20 дней
На неделе пересдам в другой лаборатории, конечно,мало ли ошибка. Еще УЗИ наверное .
Но получается  пептиды мне пока нельзя",0
Ферритин может быть повышен при воспалительном процессе,0
Печень- главное дэпо ферритина.,0
"Не похоже, остальное всё в норме",0
Щитовидку проверяли? При гипертиреозе тоже может увеличен.,0
"Я знаю.
АЛТ, АСТ,ГГТ,креатинин -норма",0
"Да. И по показателям - норма
Показатель

Гликирован
НЫЙ
гемоглобин

Глюкоза

ТГ

Т4
свободный

Результат

4,6%

4,40

2,52

1,43

Норма

<6,.0%
(норма)

4,11-6,1
ммоль/л

0,27-4,2
мкМЕ/мл
0,80-2,10 нг/
дл",0
Понятно что до визита к врачу отменю начало курса. Но врач и не даст рекомендацию по пептидам,0
"ферритин может снижаться медленнее остальных маркеров воспаления.  А его уровень во время болезни, которая потребовала использования антибиотиков, неизвестен.
Чтобы посмотреть динамику - нужно сделать анализ еще раз, но не прям сейчас, а лучше еще через неделю. Если будет снижение, пусть и не до нормальных значений - можно наблюдать, если те же значения или рост - начинаться искать причину.",0
"Да, Ферритин во время пневмонии я почему-то не сдавала.
АЛТ,ГГТ, мочевина были завышены. АСТ, креатинин в норме.",0
"Если ед.измерения
нг/мп - реф.значение 30-400, в этом случае у вас ферритин в хорошей норме.

Но у вас стоит два плюса, если это отметка лаборатории, значит ед.измерения у них другая.
В общем обратите внимание, Света, на этот момент.",0
"Референс - это диапазон значений определённого параметра, вычисленный на основе контролируемого исследования популяции здоровых людей.
При этом для женщин отсечкой для наблюдения являются значения 120-150 нг/мл, реже встречается значение 205 нг/мл.
237 в любом случае требует повторения анализа в динамике.",0
"Плюсы- это отметка лаборатории и значение выделено, но нет цифры верхней границы. Лаборатория Гемотест

Обидно опять откладывать курс, хотя ничего повышающего железо я не планирую колоть, но пептиды иногда странно на мне работают",0
Исправила комментарий выше. 🙏,0
"Всем здравствуйте, подскажите, пожалуйста, кто знает
Можно ли Алокин  альфа  во время беременности пройти курс из 6 инъекций? Он написано поднимает иммунитет
Не навредит ли это плоду?",0
"Еще такой же вопрос по меланотан 2, можно ли его во время беременности?",0
"Подскажите пожалуйста, как заказать пептиды по номеру телефона? На сайте невозможно сделать заказ",0
оба препарата противопоказаны во время беременности.,0
"Потеряла смайл, бьющийся головой  🫥",0
"Вам сейчас витамины нужны , а не пептиды",0
"Сайт заработал,не могу войти в лк
Пишет-логин и пароль неверный,хотя они сохранены.К кому обратиться?",0
"Во время беременность никакие препараты нельзя, только по назначению врача.",0
"И у меня тоже самое,так и не смогла войти,регалась заново(",0
"Напишите сюда в личку, менеджер поможет оформить",0
Так же,0
Не могу оформить заказ у вас в магазине здесь в телеграме. Ретаслим 30 мг. Постоянно вылетает вкладка вашего магазина.,1
"Не могу сделать заказ у вас в магазине, постоянно вылетает вкаддка вашего магазина",0
"Уважаемый производитель, очень нужен BPC-157, в данный момент его нет в интернет-магазине, но вроде были еще региональные дистрибьютеры в Москве. Не могли бы подсказать контакты?",0
Посмотрите а ветке диллеры,0
Помогите оформить заказ.,0
"ДЕВЧАТ ,кто просил? вот чисто вам от души скидываю ,недавно сама начала работать ,доход в интернете от 15 000 в день , легально !

Вот смотрите видео @dostoynocam7",1
"Есть ветка дилеров, там контакты
BY080056013482",0
Ветка дилеры с контактами https://t.me/peptide_rus/91810,0
"Нет, к сожалению, bpc-157 нет, это глюк сайта",0
В конце недели будет,0
Скажите пожалуйста на бам 15 была временная акция ?,0
А сайт работает для заказа?,0
Присоединяюсь к вопросу каким образом сейчас можно сделать заказ .,0
"Как зайти в личный кабинет? Вчера говорили, что сегодня техники разберутся, но до сих пор при входе система пишет; ""неправильный логин или пароль""...",0
"Скажите пожалуйста,семаслим есть,или тоже глюк сайта?",0
"НАРОД ,кто просил? вот чисто вам от души скидываю ,недавно сама начала работать ,доход в интернете от 15 000 в день , легально !

Вот смотрите видео @dunhilletim7",1
"В ближайшее время сайт обновится, пока заказ через менеджера или через ТГ-магазин делайте @elixirpeptidebot",0
"📲 Сайт снова в строю!

Уважаемые клиенты, хорошие новости: технические работы завершены. Сайт полностью восстановлен и готов к приёму заказов.

Если в период 13-16 марта вы оформляли заказ, а он “завис”, не прошел или не был обработан пожалуйста:
оформите заказ заново (самый быстрый и надёжный способ)
или напишите менеджеру в личные сообщения, мы найдем ваш заказ и оперативно оформим его.

Приносим свои извинения за временные неудобства!
Будем ждать ваших заказов❤️",0
"3)

18:12 ©4® .
Фь

НИ 38)

покеру зай бресубисерсов]
Муза бвегу ветог: (1146) ТаБле ‘ейжагрере чате, зафе швег_ргоря_ мае"" фвевле ехазт (400)
ЕТ
зато авагтата шаг ргоре_увлие”.`о80Е 8095. 10725 “ВОЕН РН0РЗ 107,
зе утрата изег огора вдов , ИЗЕА_Р8ОР5 Ш” А `16ЕА_2ВОРЗ_10
аа лвета1-иег ргорз_уаше"" ЧАШЕ"" 45 МАЦЕ"",
зао улонье ивег гора этою ово ргорегоу`.АВИЕ- АЗ РВОРИХ МАНЕ
зе уоваттаз иваг ргорз еше"" ЧАШЕ"" 45 ""ЧАН 0816"",
пас рорагта1 шаг горь_уадье.дзаг ргорег ку"" .`05Е8 10-25 ЗЕЯ. ТО:
аа туагта1 шаг горы уве изаг гора у"". РЕЯЗОМСТЧРЕ_10 2$ “РРАЗОК ТУРЕ ТО
зе Чотегтата вет реоря узТшв иег ргорагту.ОАТЕ УБОАТЕТ 45 ""ОА БАТ
аасильагта1 иег ргорь_уаше ргорагеу'„""МАТРЫЕ А ШАТТЕ"",
зе утрата изег ргорз уз ргорагуу`, ТУРЕ"" 45 ТИРЕ
ое ттт _ивег гора узле”, 16° 45 ‘04145.07,
зе рованьяа изег ргоре узою зат ргорегеу`. 10. &5 АНА
аа одагиа1 иаг вгорь_уздше вгорегу"",`10 25 ЗАЗ
НЫ 5 зе инь реора маша, ‘чате зптагтаа ег ргоре уве”
ЗЕНОН 6 заре идет ргорс” зав зптетлаТа вет ргорз маТше.изег ргерегту” 09 ‘зале зотегоа!< ызег горя
ПЕР ОТН `В за Ведет ргорз"" `зафе_унагпа15 вет ргорз_ зав ргорегеу"" 01 “зао флеагиаз_взвг _ргорз_мае
ЕВЕ “зато Тосол швеи ргорз мате изег ргорету 058’ = 2276
АО зада зплегтайз изаг ргорз узше-изег ргорагсу РЕПО ТЧРЕ Ш” = 1
А зада пчела изаг ргорз шие: 05ЕА РИОРЬ-1О' = 1636
ООЕЯ ВУ `ОАТЕ-УРХАТЕ"" ОЗС, ""РОРПЫЕ МАМЕ"" 45С
потеделакогрвртрывлае пт неги увовшлев пазл / ВАУ сотвепеовласттов.рвр:417
20: Вызгыдузае\ОАуза]Сопотбоппест оп-эствацеиегубисередои
`тотьдежуирертирыьлуе влет илювален али /ву] зсопеетЗор. Вр: 149
зи: вазевоазоуовлмуза1 более ол: заегутитегиа1
(топалеажагрере уров ель Беуповыдезупазн НЫ ФБ соплесЕНопВКр:324
+2: вызовом сотиестлон ег
опьгейажьреролвмье мае ле кинофдеь ков ЛЬ огм/амегулаиегу-9Нр:3601
а: везедааолови ошегучошегузэвоегу
отедейажьт ре рьв БН киоюфаеь нами ДЬ/огм/шегулаиету: 96:97
аз вутебовоямониовегучашегуззвнес
Е
а: ВаыдаалО Оз оатаапараг: де
""новелла реркивыь к Мол Гилюфылен/зы1 о ДЬегргорз р:143
46: вазе аделогегвегргорагННез: Лозаргот-лез
""отелей ререирию смо кюфеь за ВЬлизетогорз р:
7: выгьуайвогцаговетгораг Че: веет Памаьея
попелелзудгререирыьЧе Вт Лт еЯыуопропелевльытеЧхузале-огдег азамисТавя-рьр:в47
а: баЁвбгцагауаисатаиегорвстаев
`пополейзялрертирыьле вое лытеНусопровелевль тии зато огдее азахуе1азя- вр: 6013
0: байагдегаувх-эаетогаег
“она уаитеререлрыве веелЬН евтроленезуьы кзае огфаг-азах/с1азз.9®р-5968
10: зайадгдегА}ах-зсгазиаогдаг
поела зыеререируьче ВееТлытеНхусопропепевльтеЧизатеогдее азауе1авз.ВНр:62085
тт: зааогдигА)ах-оргосвззоечеге чот
""нолелейаха""ререрыьае мель х/сопропепе вЫ ыуза]а ога адах/е155.рЕр:6272
во: задеогцеглуах эводетлоп
‘попелейачгрере/руье_ РЛС сопропеленльНег4уза
а: быдаогцегдах-оееситесопропеле
отелей рек рув моЛЬиюфаеь нови евззеь денег созронен 9нр:675
а: свзегобииролент-°улетовабиралете
ноледайахьгрерьйруь1с_НЕЧЛЬНехуиоди5
5: борт: пеидебипролет
полелелзыдирертирыь1е_мтиТурегзоваТиогдееиакелуовьх, но:

ответ. зузхусльзя.рвр:6566

псазвь/вепега/взт,5р:1192

Ш |® 5",0
Выскакивает при оформлении заказа,0
Попробуйте через режим инкогнито,0
Закешировался сайт у вас,0
Скажите пожалуйста на бам15 была временная акция ? Стоит ли ждать обновления цены ?,0
Это как?,0
Может менеджеры со мной свяжутся для оформлени заказа?,0
По GBK нет обновления сроков появления ? Раз bpc скоро то может и он будет),0
"Добрый вечер,семаслим у меня оформился,и я жду когда менеджер со мной свяжется касаемо оплаты,значит ли жто,что пептид в разных дозировках появился?так как в чатботе его нет",0
Здравствуйте! Как с менеджером связаться? Заказ 16-3D5RS от 16.03.2026,0
"Сейчас заказ в стадии ""принят, ожидается оплата""
Нужно ли его переоформлять заново?как связаться с менеджером?",0
Пока цена такая какая есть,0
"Такая же ошибка, и через инкогнито тоже пробовала...",0
"Подскажите пожалуйста, а какую дозу вы кололи?",0
"У меня такая же ошибка, как выше на фото. И через инкогнито тоже пробовала... ТГ магазин не загружается ((",0
"Да как так-то? Вы пишите, что сайт  рабочий и все с ним хорошо. А я так и не могу зайти в личный кабинет. Пишет, что неправильный логин и пароль, а он не может быть неправильным! Он у меня автоматом загружается",0
"Пошла попробовала. Заходит. Избранное на месте, в корзине все есть.",0
"У меня пишет ""неправильный логин и пароль"". Я уже много раз пробовала и с разных устройств и с разных браузеров....",0
"А если нажать - забыли пароль, на почту приходит информация?",0
"Нет, к сожалению, не приходит. Пробовала несколько раз.",0
"@medpatent добрый вечер! Прошу прощения за такое позднее сообщение, увидела, что вы в сети. Видела ваши сообщения по поводу целевого уровня ферритина в целях психотерапии(>50 нг/мл). Если у вас есть исследования на этот счет, не могли бы вы их, пожалуйста, прислать🙏 Нашла только такое наблюдательное исследование психиатра: https://pubmed.ncbi.nlm.nih.gov/27644916/",0
"Добрый вечер, было бы проще, если бы Вы меня ограничили по заболеванию, которое требует требует терапии, но отправлю в ЛС те, которые вообще в этой области мне показались любопытными - о связи течения и лечения депрессии, тревожности и пр с уровнем ферритина.",0
"Всем доброго вечера. Надеюсь, что пишу в правильную ветку. У меня телеграмм стал очень плохо работать, часто вообще зайти не возможно. Слышала новости, что с 1 апреля будет полная блокировка ТГ в России. Есть ли какие-то альтернативные мессенджеры, где есть такое же общение между людьми? Сразу отвечу, что внп никакой не справляется, я разные устанавливать пыталась.",0
С ВПН все отлично работает(платный),0
"Я пробовала, может не те, конечно 🙈😔 вы не напишите название?",0
"Меня интересовали исследования, связанные с депрессией. спасибо!",0
У меня платный Hitproxy за 100 рублей в месяц.,0
"Как найти заказ
< — Оформление заказа

Ошибка формирования заказа

Заказ №16-Х4Ц0О0 не найден. Пожалуйста
обратитесь к администрации интернет-
магазина или попробуйте оформить ваш
заказ еще раз.",0
"Они послетали видимо((придется заново оформлять,у меня тоже самое",0
Это временно,0
Все впн отслеживаются и со временем заблокируют все.,0
"Добрый день. Подскажите пожалуйста, а что тирзепатид появлялся? Ночью пришло сообщение на почту, что он опять закончился... Я каждый день по 2-3 раза мониторю наличие, вчера вечером заходила-не было его... Это что, глючная рассылка? И я его проморгала?... Будет ли он, как и анонсировалось, в конце марта?",0
А всех преступников посадят в тюрьму,0
"Добрый день! Так работает сайт или нет? Хоть кто-нибудь внесите ясность, пожалуйста.
На сайт захожу без проблем, ошибок нет. Показывает наличие Семаслима, кидаю в корзину, но как только нажимаю на оформить, выходит страница с кодом. И всё. Ничего не помогает. Пробовала и с разных устрой ств и браузеров.
В магазине телеграмма - наличия Сëмы нет....
Как быть то?",0
"Здравствуйте! Пару дней назад, когда не работал сайт, я заказала через ссылку бот-магазин здесь в ТГ, ссылку выше кидали. И вчера мне уже отправили посылку.",0
Сейчас есть расхождение в наличии между сайтом и ботом.,0
"Добрый день всем🌸
У меня вот такие проблемы:
2 неделя 2.5 мг. (Второй укол вчера)
1. Полное отсутствие аппетита
2. Сильное газообразование.
3. То жидкий то твёрдый стул.
4. Слабость, недомогание, дискомфорт в животе
Может быть такая реакция. Беспокоит жидкий стул и дискомфорт в животе",0
На какой препарат?,0
Рета,0
Больше ничего не принимаю,0
"Может быть, попробуйте дозу снизить или разделить на 2 раза в неделю и понаблюдать, что будет, если совсем все плохо, то отменить.",0
Сделайте паузу в приеме и следующую дозу разделите в половину. Возможно это решит вашу проблему. Вторую половину можно доколоть через несколько дней,0
"Не работает совсем телеграм.
Есть один альтернатива в Макс?",0
"Может в контакт? Если телеграмм заблокируют, то где вас искать?",0
Как купить то если заказ слетает и менеджер не пишет,0
"Впн прекрасно лечит все, что не работает.",0
Есть телега тодже телеграмм только без впн,0
Подскажите пожалуйста как правильно сделать заказ.,0
"новогодние ПРЕДСКАЗАНИЯ
и 4 2026",0
"Добрый день только что оформила заказ. Сайт работает хорошо, никакого сбоя не было",0
"https://elixirpeptide.ru/ заходите на сайт, регистрируйтесь, делайте заказ",0
"🔐 Бесплатный прокси для Телеграма:
tg://proxy?server=dedicated.love-internet.xyz&port=4515&secret=eee9a4f23b1d768c04a8d7f39120ca5b6e626973636f7474692e79656b74616e65742e636f6d

📢 @ProxyFree_Ru",0
"Я перешла, сейчас пишу с его помощью, а без - вообще ничего не открывается .",0
"Почему ссылку - то удалили? Хотела людям помочь. Так - то я на сайтах семы и пептидов уже 2 года и нет никакого интереса делать непроверенные, левые рассылки.",0
"Всем привет! давно не виделись 😁
Начала принимать снова Тесофензин ... из побочек: урезанный сон (вместо 7-8 часов 3-5 набираю), дикий сушняк и учащённое сердцебиение. Но радует то,что аппетит притупился и активность с мотивацией появились ... я уже такие тут грандиозные планы для себя запланировала (и главное - хоть что-то начала делать в их направлении!), что аж сама офигеваю :)
Так вот, вопрос в чём ... проблема со сном ладно, на фоне повышенной активности и мотивации я согласна терпеть эту побочку. Сушняк тоже не проблема. А вот сердцебиение и странное ощущение в грудной клетке ... по большому счёту, это ведь не боли (вот даже не близко), жить не мешает, просто из-за того, что я не знаю что это такое, меня это пугает. Вот думаю забить и жить дальше, принимая Тесо ... как думаете? Или лучше всё же отменить?
Напишите, пожалуйста, кто принимал Тесо (или кто не принимал), в стиле ""я бы сделала так-то и так-то"", что бы не думалось что-то типа ""ой, я сейчас ей скажу, а она так и сделает, а потом заболеет или умрёт, а я виноватой останусь ... ответственность и все дела"". Я как бы девочка взрослая, приму решение самостоятельно, никого не обвиняя в последствиях, даже если они будут.
А, забыла сказать, с сердцем и давлением всё норм всегда было. Пока была в большом весе, давление частенько подскакивало, но не выше 140 на 90, а когда похудела, давление в норму пришло.",0
"Здравствуйте! Пришел разбитый картридж, написала вчера менеджеру, не могли бы мне ответить.",0
"Тоже пью Тесофензин. Сушняк правда дикий. В начале тоже были со сном проблемы и чуть тахикардия. Причем тахикардия именно ночью, когда просыпалась. Решила на ночь пить мелатонин, чтобы спать покрепче и получше. И днем пить больше воды. Помогло. Сон наладился, уже даже без мелатонина сплю нормально и не просыпаюсь, тахикардии нет. Сушняк по-прежнему есть, пью воду и начала ограничивать кофе, тк кофе вместе с тесо вызывает еще больший сушняк, а если перепить (выпить больше двух стаканов), то и тремор и и тошноту. Я бы на вашем месте начала именно со сна. Тревожный сон-организм не отдыхает нормально и дальше может быть все что угодно в течении дня на фоне его усталости, хоть под тесо можно эту усталость и не ощущать.",0
"Здравствуйте. Подскажите пожалуйста куда постучаться, если сайт у меня так и не заработал. Пишет неверный логин или пароль. Заранее благодарю.",0
"Да вот у меня так совпало, что я как раз с мелатонина слезать начала (одновременно и дсип закончился) и следом Тесо подключила. Так что там может быть ещё и одно на другое наложилось (отмена условно снотворных и подключение Тесо).
Ладно, придётся снова на мелатонин ""садиться"", что поделать )))
По поводу кофеина - я не пью кофеиновые уж давно ... но ... есть в моей жизни никотин. На него тоже подозрения падают ( что они вместе с Тесо ""сговорились"" и что-то замышляют))).
Воды да, больше пить приходится, и это хорошо в какой-то степени.

Спасибо что ответили и поделились! ❤️",0
А регистрацию на сайте когда проходили?,0
Сейчас напишет менеджер,0
"Я забила и ощущения такие были только в состоянии и так возбужденном, ну то есть я просто физически начала ощущать тревогу, которая раньше была более подавлена. Принимала в итоге полтора месяца пока не кончился, потом все прошло, негативных последствий никаких",0
"Всем привет,

А вообще Тесо работает на эмоциональный аппетит ?",0
"Типо физиологически есть не хочешь, но на нервах или тревоги начинаешь еду в рот тянуть)",0
"ДЕВКИ ,кто просил? вот чисто вам от души скидываю ,недавно сама начала работать ,доход в интернете от 15 000 в день , легально !

Вот смотрите видео @dunhilletim7",1
"ДЕВЧУЛИ ,кто просил? вот чисто вам от души скидываю ,недавно сама начала работать ,доход в интернете от 15 000 в день , легально !

Вот смотрите видео @dunhilletim7",1
"Тест давно куплен. Но не принимаю.
Теоретически я бы смотрела на то что принимаю допом (а колю я обычно немаленький стэк), возможно что то конфликтует.
Если допом ничего не принимаете, то попробовать через день, два. В качестве адаптации.",0
"Здравствуйте! Оформила заявку на обучение мини- курс, когда со мной свяжутся?",0
"Здравствуйте, как правильно развести кагрилинтид, флакон 5мг.?",0
"У меня началось сердлцбиение на фоне приема пептидов( тирза, на неё грешу) после начала приема прогестерона с первой капсулы вопрос решен . Гормоналка оголЕтся видимо на похудашках и нужно дефициты отслеживать четко 🌹",0
Какую дозу ставить будете?,0
"обсчитать это в цифрах)
Если это меньше 100 - можно забить
Если больше 100 можно думать в сторону медикаментозной коррекции (бета-блокаторы в малых дозах) или часто использовать немедикаментозные средства (4-78; проба Вальсальвы).
Главное понимать, что это не патология, а действие препарата.
Поэтому если тесо уже накопился по фармакокинетике, можно таки снизить дозу и посмотреть, останется ли бодрость с подавлением аппетита и уйдет ли тахикардия.
А еще понимать, что на это прямое действие накладывается волнение по поводу ощущений. Посмотреть, как пульс ведет себя вечером, в кровати, в покое от мыслей в том числе.",0
"я уже не первый подход делаю к Тесо, и каждый раз у меня разные пептиды ""в ходу"", но как только тесо начинаю принимать, каждый раз такая история.",0
"вряд ли это волнения по поводу ощущений, волнуюсь я по-разному, но точно не вот так вот :)
а ещё, как это ни странно, сходила сейчас на тренировку (силовую), пришла ""без задних ног"" домой, усталая, и всё ок, никаких сердцебиений и ощущений в грудной клетке уже нет ...",0
"блин, не на то сообщение ответила ... ну да ладно :)",0
"Подскажите, где найти бота",0
"в закрепе он находится, если снова потеряете",0
Благодарю,0
"нет, имела в виду, что когда Вы уже чувствуете сердцебиение и ощущения вокруг него, мысли об этом добавляют и того и другого) Конечно, сама по себе тахикардия - эффект тесо.
с тесо из личных наблюдений не было, например, сердцебиения по ночам или пока дела делались на подъеме сил и настроения. Но если возникал или был зафиксирован сознанием реальный повод для волнения, прийти в норму было сложнее. Мысль - сбой как перед спуском с американских горок и все, то ли я обратила внимание, что у меня сердце стучит, то ли оно правда застучало еще сильнее.",0
"Девочки, хелп. Оставила заказ на сайте, в личку написал менеджер. Ранее уже с этого аккаунта мне писали они, все было нормально. Короче, тут сделала заказ, оплатила, и сообщения менеджера с переписки удалились, остались только мои. Стоит переживать? Мне скинули трек, но сохранить его не успела.",0
"а вы зайдите в лк сдэка и посмотрите есть ли там отправления для вас из уфы, там же и трек найдёте",0
"Спасибо за идею. Да, есть отправление.",0
"Я пью тесофенсин, может быть и было подобное с самого начала, но быстро прошло. Я не загонялась. Было не комфортно, я пила через день-два. Даже вначале два раза в денег получалось. Потом чаще, каждый день. Осмелела, попробовала две в день. Вчера как раз опять было две.я встаю очень рано, в 4.15., и сразу пью. Засыпаю без проблем уже в 21, край 21.30. Просыпаюсь по будильнику или чуть раньше. Бывает и в три ночи проснёшься, но редко. Сушняк как от редуксина первую неделю. В туалет по маленькому бегала чуть не каждый час. Сейчас спокойнее всё. Что заметила, до тесофенсина были чуткие проблемы со стулом (тирза), сейчас всё ок.",0
"Добрый вечер всем. Я новичок. 'Послужной список"" - вес 75, метаболический синдром,  инсулинрезистентность, преддиабет... Планирую начать колоть МОТS- c. Нужен ваш совет какая схема , дозировка и длительность курса. Может у кого-то уже есть опыт 🙏.",0
"Не сема, не тирза, не рета?",0
Странный выбор для новичка с преддиабетом🤔,0
"Ну преддиабет это было давно, сейчас в большей степени митохондриальная дисфункция. А не рета,тирза и  др, потому что нет проблем с перееданием и голодом, я 1200 кк с большим трудом набираю.",0
Это прямо диагноз?,0
"а вес, возраст какой? и для чего конкретно Мотс-с хотите применять? то есть, каких улучшений ждёте?",0
"Опыт конечно есть у многих и я бы  поделилась им, но сама давно готовлюсь к использованию Мотс, изучая разную информацию, читая опыт чата и проходя различные предварительные этапы оздоровления.
(Сразу замечу, чтобы никто не спрашивал какие - это связано с личными болячками)
А пока с вами кто-нибудь поделится, задайте свои вопросы пептидному боту, он дополнительно проконсультирует вас.
Не будет лишним знать, что Мотс влияет на фолатный цикл и если не прекрывать метилфолатом ( активная форма В9), то есть риск роста гомоцистеина.
Не помешает контроль В6, В9, В12.
Ну и чтобы не спровоцировать гипогликемию, инъекции рекомендуются после завтрака, с достаточным количеством углеводов.",0
"Это естественно ваше личное дело. Но Ретатрутид можно использовать не только для сброса веса. Он вообще хорош для мышц и почитайте дополнительно здесь :
https://t.me/peptide_slim/313",1
"Это естественно ваше личное дело, но Ретатрутид можно применять не только для сброса веса, он хорош и для мышечной системы и для снятия воспаления и для уменьшения болей в суставах( и не только из-за сброса веса)
Хотела вам скинуть ссылку на недавний пост владельца на канале, но сп.ам бот мгновенно удалил комментарий.
Сейчас попробую скинуть ссылку непосредственно на канал, там много что есть почитать.
Если ссылка не последует ниже, значит автоматически удалена.",0
https://t.me/peptide_slim,0
"Мне мотс не подошел, я думаю из-за того, что его рекомендуют принимать после курса СС-31, т.е. сначала восстановить митохондрии, а только потом MOTS-c для создания новых, а я сразу с MOTS-c начала и теперь он у меня в холодильнике валяется пока а СС-31 не выпишу. Вы повнимательней расследуйте, MOTS-c не самый дешевый пептид деньги на ветер выкидывать",0
"Вы правы.
Я уже скоро два месяца как принимаю SS- 31.Но вот пока вряд ли следующим будет Мотс, скорее Humanin. (Опять таки из-за личного состояния здоровья)
А вот пептидом SS- 31 очень довольна и несмотря на использование в низкой дозировке по сравнению с рекомендуемыми производителем ElexlrPeptide, реально чувствуется улучшение физического состояния.",0
"Я тоже засматриваюсь га него. Но в раздумьях : NAD  SS -31 . Если сравнивать их?  Можно сказать, что СС по действию более сильный, чем над?",0
"Как-то писала комментарий на данную тему. Возможно будет интересно тем, кто не читал :
https://t.me/peptide_rus/27793/136670",0
"Так по 2 мг и используете, или повысили?",0
"Я NAD+ пока не использовала, вместо него принимала прекурсор NMN, но перед началом SS- 31 пока отменила даже его. NAD+ использует метильные группы и мне необходимо было бы его дополнительно прикрывать, а всё это лишние препараты.
Но по моему ощущению SS- 31 намного сильнее действует в сравнении с образующимся NAD+  из прекурсора.",0
"Дошла уже до 4,5 мг и ч/з пару дней выхожу на 5 мг.

Пока комментарий напечатаешь, даже с VPN, несколько раз обрывается соединение. Масса времени уходит ждать.",0
"Меня куда-то нетуда ссылка выводит, к сожалению. Хотела почитать Ваши комментарии. Спасибо, что поделились опытом по СС-31, я его обязательно выпишу теперь",0
"Бывает такое, помогает если сохранить ссылку у себя в избранном и откройте оттуда.",0
У вас айфон,0
Ага,0
"Я NAD проколола в сентябре прошлого года, вообще ничего от него не почувствовала, даже в планах было проколоть 8 недель, но я закончила на 6, не увидев вообще никакого смысла в нем, а многие были в восторге 🙈🤷‍♀️.
SS-31 сегодня второй укол и вот на него у меня большие надежны, так как уже вчера переделала столько всего, что давно откладывала и сегодня продолжила, пока прет)))",0
"Прям вштырило? Проколола эпиталон, энергии ноль. Пью тесо, энергии ноль. Уже не знаю куда податься",0
"Пока штырит, так как колю сейчас только 157 и 31, склоняюсь, что это действие 31, 157 колю вторую неделю, ничего подобного до вчерашнего дня не было, пока наблюдаю…",0
"Да, Оль, это точно действие SS- 31.",0
"Ну эпиталон и не должен давать энергию, которую вы ощутите именно как прилив энергии, тесофенсин даст ее в случае вашей дневной активности, и действий, которые стимулируют выработку сератонина, дофамина и прочих гормонов, иначе тесофенсину нечего будет захватывать. На самом деле если читать и вникать именно в принцип работы того или иного пептида очень часто оказывается, что ожидания ложные изначально и кажется что пептид «не работает», но это не так)",0
"Но Эпиталон мне реченька нравится но не для энергии, а для сна)))",0
Никто не знает когда появится тирзератид?,0
"Иногда, я принимаю пептид, но вижу совершенно другие результаты, начинаю разбираться и оказывается что очень даже те результаты, это я не достаточно разобралась в принципе его действия",0
И сайт когда будет работать?,0
Все работает,0
Попробуйте кеш почистить и перезагрузить сайт,0
А что проколоть что ю вштырило?,0
"Я решила искать систему и последовательность, перед 31 проколола Фокс, чтоб «изгнать мертвые клетки», а потом погода 31 все что возможно восстановит будет Мотс и Хуманин, чтоб «разогнать/дать энергию»…
PS: пишу простыми словами, не бейте…",0
Не бейте? Спасибо тебе за это),0
"Огромное спасибо, особенно за простые слова 🥰",0
как думаете кто миром правит,0
рептилоиды 100%,0
мне кажется епштейн джеферри который,0
нормальный мужик был,0
А еще массоны и тамплиеры 🤣🤣🤣,0
ну массоны 100 процентов,0
"Тезофензин работает не «от движения».
Это препарат обратного захвата — он действует независимо от активности.

Движение может усиливать ощущения, но не определяет эффект.

Иначе пришлось бы признать, что антидепрессанты тоже «работают только при активности» — что неверно.",0
@marinofat ты анавар кушала когда-то?,0
просто смотрю бодибилдинг все дела,0
интересно,0
"Я работаю с системой, а не с одной таблеткой",0
"Ну вот попросила помощи у профессора, лучше чем он я не объясню свою логику)",0
Просто я по роду своей деятельности немного 🤏 разбираюсь в этих штучках дрючках 😅,0
"Скажите, а после эпиталона сон-то хоть улучшился? Я хочу маме взять, но только в спрее, она на уколы не соглашается.",0
"«5. Важная оговорка
Такой эффект не означает, что физическая активность напрямую усиливает молекулу тесофенсина или увеличивает его концентрацию в крови. Речь не о фармакокинетике, а о функциональной синергии на уровне нейромедиаторной среды и поведения.»


Поэтому речь не о том, что «он работает только при активности»,
а о том, что среда может менять субъективный эффект.",0
"Именно, тут спорить не буду. Но и с АД - важно же не пить их и звездой лежать. А жить жизнь",0
"Не зря в клиниках не просто дают колесики волшебные, а наполняют день различными активностями ( ну это я про хорошие клиники 😀)  Да и АД это костыль, во время приема которого надо еще поработать с когнитивной частью ( мышлением) и поведенческой ( привычки), тогда и только тогда можно рассчитывать на устойчивый результат",0
"Скорее всего SS-31, я KLOW колю уже пару месяцев и энергии как не было, так и нет, НО зато самоустранился 2х летний адгезивный капсулит в плече, и линять вроде перестаю 🤣",0
Да и вы сами Мария тому подтверждение ходячее ☺️ ( я в хорошем смысле этого слова),0
"Надеюсь, это обсуждение не увидят люди в клинической депрессии 🙂
А то звучит как «тебе грустно? не грусти».

Но про синергию согласна.

Важно не путать уровни: препарат работает сам по себе,
а среда уже усиливает эффект — если система в принципе в ресурсе.

Сначала система, потом ускорение",0
"Ладно, не так, я уверенна, что это 31)))",0
"Уз ты, Вы Фокс пробовали?",0
"Да, проколола его, месяц назад.",0
"Здесь ещё тонкий момент.

Важно, чтобы пользователи тезофензин не воспринимали как замену точечного действия антидепрессантов.
Это разные механизмы.

Иначе легко поймать «качели» по норадреналину — эту часть почему-то часто упускают",0
"Кстати))) не смотря на всякие волшебные техники, именно эта поговорка : переживаешь, не переживай очень часто отлично помогает для саморегуляции)) из серии если можешь решить проблему не стоит переживать, а если не можешь, то и переживать бесполезно 😂",0
Ну это юмор конечно,0
Какие-то физические изменения почувствовали?,0
А он порой очень хорошая синергия с другими способами),0
"Это тоже определенный уровень развития и нажитых шишек.
Когда понимаешь, что «все пройдет, а левый глаз ещё месяц будет нервно моргать»😄",0
"Неа, ничего не отвалилось, хвост не вырос. Ну а так то, что можно почувствовать 😁",0
"Часть проблем действительно решается юмором и лёгким пофигизмом 🙂

Но не все.

ИншаАллах)",0
"Добрый вечер, не подскажите медь в наличии есть?",0
Есть,0
"А как она правильно на сайте называется ? Первый раз ее хочу заказать, анализ понижен сильно",0
GHK-Cu,0
Ghk-cu,0
"Но эта не совсем та медь, почитайте и боту вопросы позадавайте, бот в закрепах есть.",0
Хорошо сейчас почитаю )),0
"марин, а подскажи как ты ставишь такой прочерк жирный и длинный",0
у меня нету такого на телефоне,0
— это он или нет,0
"похоже он, не надоедает клавишу зажимать когда текста такие огромные пишешь?",0
Марину Машей зовут ☺️,0
мои извинения,0
сейчас изменю,0
Маша*,0
"Доброе утро! Подскажите, пожалуйста, если ТГ заблокируют, есть где-то резервные чаты? Или может группа (сообщество) в ВК?",0
Клоу в плечо кололи?,0
"Да, в наружную поверхность",0
"Эти пептиды являются мощными биологически активными веществами, и их сочетанное использование требует медицинского контроля.

Эпиталон (Epithalon/Epitalon) — синтетический тетрапептид (Ala-Glu-Asp-Gly), аналог природного пептида эпиталамина, выделяемого из эпифиза (шишковидной железы). Он известен своим геропротекторным (антивозрастным) действием, в частности, способностью активировать фермент теломеразу и увеличивать длину теломер. Основные эффекты включают улучшение сна, нормализацию циркадных ритмов и гормонального баланса.

Пинеалон (Pinealon) — синтетический трипептид (Glu-Asp-Arg), нейропротектор, выделенный из тканей головного мозга. Он стимулирует функциональную активность клеток головного мозга, улучшает когнитивные функции (память, внимание, концентрацию) и обладает антигипоксическим действием.

Применение и безопасность
Одновременное применение: В научных исследованиях и практике геропротекторов пептиды часто применяются курсами или в комплексных программах, иногда совместно, для достижения синергического эффекта на различные системы организма. Например, исследования показали, что эпиталон и пинеалон помогают увеличить содержание влаги в поверхностных слоях (используется как метафора улучшения состояния).

Противопоказания и побочные эффекты: Хотя пептиды Хавинсона считаются относительно безопасными и имеют мало побочных эффектов, они все же не рекомендуются беременным и кормящим матерям из-за недостатка данных о безопасности. Возможны временные реакции в месте инъекции.

Режим дозирования: Точные дозировки, способ введения (подкожно или внутримышечно) и продолжительность курса определяются индивидуально, исходя из состояния здоровья, целей терапии и рекомендаций врача.

Важно: Самостоятельное назначение и применение инъекционных пептидов может быть небезопасным. Медицинский специалист сможет оценить ваше состояние, назначить адекватную схему применения и контролировать результаты.",0
"Я колола его именно для энергии, начиталась отзывов, что у всех прям невероятный прилив, но чуда не случилось. По ощущениям что колола, что не колола. Со сном проблем нет, по этому именно его влияние на сон оценить не могу.",0
"Добрый день, админы.
Дайте ссылку на Макс или на каком канале искать сайт, не хотелось бы, потеряться, благодарю.",0
"Вот мне очень интересна логика вопрошающих. Вы правда думаете, что у владельца есть Макс, но он его скрывает, очень старательно, но если попросят, так и быть даст. Но только тому, кто попросил, остальные знать не должны",0
"Вы, не поняли меня, я же спросила если есть, постоянно грозятся закрыть телеграмм, поэтому беспокоюсь, я конечно мысли крамольные в голове не держу",0
"Доброе утро , у меня после проблем с сайтом слетела скидка , была 7% до последнего заказа , с последним должна была стать 9 % , сейчас захожу , а у меня там 5%, к кому обратиться по данному вопросу ?",0
???,0
Читал что нозально можно и имеет смысл применять пептиды в составе которых не более 14 или 15 аминокислот.,0
То есть эти два пептида нозально зайти должны норм,0
Всем привет подскажите где можно получить информацию по поводу применения продукции?,0
"Конечно, поняла. А вот вы меня -  нет.",0
"Я назальному не применяла, я их колола.",0
Тоже присматриваюсь к этому тандему. Ибо сон наше всё...а он у меня прерывистый какой-то. И плохо переношу смену часовых поясов. Долго привыкаю. 6 часов разница для меня это просто жесть,0
"Может и назальной зайдут, Эпиталон назальный мне тоже понравился, но уколы больше зашли, Пинеалона назального нет у производителя. Но в следующий раз Пинеалон буду по 1 мг колоть…",0
"Все можно сделать нозальным. Наоборот сложновато..😄 А нет задолженности носа после пептидов или сухости слизистой, а?",0
"Было такое. Окситоцин сильную реакцию реакцию выдал, пришлось выкинуть спрей. ЭПИТАЛОН в инъекция дал аллергический ринит.
Я проколола #Allokin Alpha , по совету бота, после него спреи Mots(два флакона) - на его жгучесть есть отзывы
 и окситоцин брызгала без негативных реакций",0
"Сильную аллергическую реакцию дал только Мотс. Остальные спрее жгут, но терпимо и быстро проходит, но я сейчас из спрее оставила только Селанк и Окситоцин и то не каждый день, а по необходимости,",0
"Скачайте Телегу (аналог ТГ), или пользуйтесь впн, в ВК тоже будет сообщество",0
Можете написать нашему тех специалисту - https://t.me/techelixirpeptide,0
"3-й день сайт не работает❌
Как заказать?",0
"Фсё..нафиг тогда эти спреи! 🙄🙄🙄 Я помню как я мучался с вазомоторным ринитом...это просто 3,14здец",0
"Оль, а что даст мужику окситоцин? Какие плюшки?",0
И селанк,0
"Я не Оля но отвечу 😁
Уравновешенность дает, терпение выслушать",0
"Легенда возвращается. Вы готовы?

Вы долго этого ждали. Вы заваливали наши директ и чаты вопросами.

Тот самый легендарный пептид, который по праву считается лучшим предложением на рынке по качеству и эффективности, уже в пути.

Мы подготовили для вас крупное пополнение запасов, по «золотому стандарту» 🏆 нашей линейки.

🤫
Ловите подсказку: название начинается на «Т», а заканчивается на «М».
Наш «пептидный экспресс» уже на финишной прямой.

Чтобы не пропустить прибытие и забрать свой заказ первым (а мы знаем, как быстро пустеют полки!), добавляйтесь в лист ожидания прямо сейчас https://elixirpeptide.ru/

Ставьте ❤️, если уже разгадали, что это за пептид!",0
"А, ну это мне не надо. Есть по умолчанию",0
"Как уже написала Екатерина терпение и любовь к людям, но если не любовь, то уменьшит желание их убивать. Семакс помогает бороться с тревожностью)))",0
Насколько сильно поможет? Есть небольшая фоновая норадреналиновая тревожка,0
"Девочки, не могу всплмнить, кто то писал что обкалывал пролежни и все зажило. Чем не помню. Нужна помощь зала",0
"На вопрос на сколько сильно вам поможет не отвечу, мне хорошо помогает)",0
"Очень надеемся что и тот который на ""с"" и ""м"" летит к нам в том же самолёте 😄",0
Как оплатить заказ через менеджера? Со мной никто не связался,0
Кто знает?),0
"Сейчас через прокси работает, но плохо. С впн вообще не работает. Телегу тоже говорят прикроют.🙈",0
Ну тирзеслим же))) чем ещё можно завалить директы и чаты))),0
Тирзеслим?),0
"Подскажите пожалуйста, при растяжении/разрыве связки колена, какая нужна суточная доза ТВ500 и ВРС 157",0
"Тимозин Альфа по нему вообще нет информации ни в анонсах, ни в чатах. Скажите пожалуйста, он когда планируется?",0
"Добрый день! Телеграм худо бедно у меня работает, но вот бот в телеграме второй день на все мои вопросы отвечает, что ""сервис отвечает дольше обычного, попробуйте через 2 минуты"". Но ни через 2 минуты, ни через 2 часа ситуация не меняется. Это только у меня так? Или с ботом что-то?
(Причём ответ одинаковый и через впн и через прокси)",0
"А кололи по сколько? Какие ощущения?
Почему теперь по 1 мг решили?",0
"Мне очень жаль, что вы так встревожены, успокойтесь пжл, мне в мои 65 л не надо читать нотации, всего вам доброго, не отвечайте пжл, не трудитесь, я все поняла.",0
Меня совершенно не тревожат женщины в целом и в вашем возрасте в частности😁,0
"Я читала про такие протоколы и мне кажется, что от 1 мг ощущения будут более выражены.",0
"Напрасно. Это мой опыт, у вас может быть всё иначе",0
"Ну, все смотрю молчат...не опровергают. Значит у них такая же байда со спреями 🤷‍♂",0
"Я использовала совсем другие пептиды в спреях. Мне показалось действие мягким, комфортным. Способ введения - очень комфортным.
Каждый человек уникален. Поэтому придется подбирать себе методом проб))",0
"У меня и у всей моей семью такого нет, жжение сразу после пшика есть, проходит быстро… остальное норм, только Мотс дал сильную аллергическую реакцию, а перепробовала я все спрее  производителя 😆",0
"Дело не в спреях, а в индивидуальной чувствительности.
Я и мой муж используем одинаковые спреи. Ему щиплет и отекает слизистая , мне - норм

Потом внезапно от vip начало нос закладывать. Потом также внезапно перестало",0
"Ну нет, мне, например селанк и окситоцин хорошо заходят. Нет прям выраженного дискомфорта когда пшыкаю. И эффект тоже есть. Но на окситоцине я более сентиментальна - плаксива становилась, но в тоже время мир прекрасен вокруг, селанк всякую внутреннюю тревожную меня из меня прогоняет",0
"А как мой  личный опыт можно опровергнуть? Он же мой
У вас будет свой",0
"Плаксивость у женщин чаще всего вызвана дисбалансом половых гормонов — снижением уровня прогестерона и эстрогена во время ПМС или менопаузы. Также на эмоциональное состояние влияют дефицит гормона радости серотонина, повышенный гормон стресса кортизол и высокий пролактин.",0
"Да, согласна, но это явно проявилось именно на окситоцине.",0
Здравствуйте. Кому принадлежит бренд Elixir Peptide? Где и как производятся предлагаемые препараты?,0
"СВЕЖИЙ ПРИХОД! ⚡️

Весь топовый прайс снова доступен к заказу:

✅ Жиросжигание: Тирзепатид (5/10/15/30мг/100мг), Семаглутид (5/10мг), Маздутид, Сурводутид.
✅ Регенерация: BPC-157 (10мг), Эпиталон, Пинеалон, BPC-157 + TB-500.
✅ Beauty: GHK-Cu (медный пептид), Меланотан-1, GLOW40, GLOW70.

Тирзепатид - https://elixirpeptide.ru/catalog/snizhenie_vesa_i_zhiroszhigateli/tirzeslim/

Семаглутид - https://elixirpeptide.ru/catalog/snizhenie_vesa_i_zhiroszhigateli/semaslim/707/

Маздутид - https://elixirpeptide.ru/catalog/snizhenie_vesa_i_zhiroszhigateli/mazdutide_mazdutid/

Сурводутид - https://elixirpeptide.ru/catalog/snizhenie_vesa_i_zhiroszhigateli/survodutide/

BPC-157 - https://elixirpeptide.ru/catalog/serdechno_sosudistye_zabolevaniya/bpc_157/

Эпиталон - https://elixirpeptide.ru/catalog/uluchshenie_raboty_mozga/epithalon_epitalon/

Pinealon - https://elixirpeptide.ru/catalog/anti_age_terapiya_omolozhenie/pinealon/

BPC-157+TB-500 - https://elixirpeptide.ru/catalog/peptidy_v_sporte/bpc_157_tb_500/

GHK-Cu - https://elixirpeptide.ru/catalog/pri_zabolevaniyakh_zhkt/ghk_cu/

Меланотан-1 - https://elixirpeptide.ru/catalog/kosmeticheskie_peptidy_kozha_volosy_zagar/melanotan_1/

GLOW40 - https://elixirpeptide.ru/catalog/peptidy_v_sporte/glow_40/

GLOW 70 - https://elixirpeptide.ru/catalog/peptidy_v_sporte/glow_70/",0
"Здравствуйте. Оформлен заказ через менеджера. Статус принят, ожидается оплата. Со мной менеджер должен связаться и прислать итоговую сумму? Промокод не прошел, т.к. предыдущие заказы оформлялись через старый сайт",0
Бренд принадлежит нашей компании. Конечный продукт производится в России. Компоненты в из за границы и России. Вопрос «как»? некорректный. Мы не раскрываем технологии производства.,0
"Здравствуйте, Мелонатан 2 спрей когда ожидать продаже?",0
"Насколько я поняла ООО ""Слимеликсирпептайд""  специализируется на производстве БАДов. А как и где узнать о степени эфективности и безопастности ваших БАДов? Я это имела ввиду под вопросом ""как"".",0
"Я не могу купить ни одним из предложеных сайтом способом. Где то ничего не открывается пишет ирорр, в остальных случаях не грузит доставку сдэк. Как можно заказать?",0
"Здравствуйте
Делала ранее заказы и была скидка 3%
Как сейчас оформить со скидкой?
Захожу под логином своим а скидки нет",0
Вас,0
"Доброй ночи. Опять не могу зайти в личный кабинет и сменить пароль не могу, не приходит на почту ничего. Как заказать семаглудит, так долго ждала и не могу заказ сделать",0
Подскажите пожалуйста кто-нибудь пробовал тезаморелин?,0
"Хочу попробовать, хвалят, подсушивает, единственное пока дороговато, нужно 1-2 мг в день колоть?",0
"Только в слиме его нет, я сегодня искала",0
"Спасибо большое, хочу тоже попробовать",0
Здравствуйте! Тоже пропала скидка при оформлении заказа га сайте,0
Почему то не приходит сообщение о заказе на почту,0
Почитайте отзывы в чате. Это является простым способом выяснить степень эффективности и безопасности,0
"А Мелонатан в спрее скоро ждать? Скажите пожалуйста,",0
"Здравствуйте, подскажите пожалуйста где взять промокод для программы лояльности?",0
КИПАРАС,0
"Добрый день! К кому обратиться, если не работает бот? По пунктам меню переходит, в калькуляторе считает, а на вопросы не отвечает уже 3й день.
Я уже его удаляла и снова подключала, без изменений",0
Такая же проблема. В связи с этим не пойму оформился ли мой заказ и какой у него статус🤷🏻‍♀,0
Так я вообще зайти не могу и оформить не могу(,0
"У меня получилось не заходя в свой личный кабинет оформить заказ. Но опять таки далее не понятно, оформился ли все таки заказ. На почту ничего не приходило. Когда свяжется менеджер по оплате не понятно. И куда обращаться не понятно ((",0
"Тоже на почту не пришло подтверждение заказа, но оно высветилось на сайте и я сделала скрин.
Оплата прошла ч/з банк, сразу оформился трек на СДЭК и от него пришло подтверждение на электронку.
Скрин заказа с сайта, чек об оплате, письмо от СДЭКа на всякий случай скинула менеджерам.",0
"Доброе утро. Оль, а как оформить чтоб скидка моя была) если оплачивать сразу то сумма без скидки так как в личный кабинет не смогла зайти",0
"В этом случае надо написать в тех.поддержку.
Я писала наверное с месяц назад и сразу наладили.",0
"Спасибо, пошла дальше пытать сайт)",0
"Наташа, если у вас нет ссылки на тех.поддержку , могу скинуть в личку. Здесь блокирует сп.ам бот.",1
У меня оплата через менеджера. Поэтому переживаю что тишина.,0
"Надо подождать , менеджеры ответят в порядке очереди.",0
Спасибо. Буду ждать,0
"Оль, я вчера писала в техподдержку, но пока тихо.. Не вижу своей скидки, сумма покупки стоит не правильно..",0
"Я давно обращалась,  было совсем мало людей и Ильдар наладил в течение дня.
История заказов и сумма покупок тоже до сих пор некорректная. Но скидку стабильна, поскольку она уже неизменная.",0
Доброе утро. При оплате выбрала не тот банк и вышла с оплаты. Как оплатить сейчас? Выдаёт ошибку,0
"Здравствуйте, как оформить скидку и бонусную?",0
"Было такое, мне написал менеджер, оплатила через него.",0
Просто ждать?,0
"здравствуйте, подскажите, в карточке товара написано, что разведеннный в бактерицидной воде ретаслим хранится 6 месяцев в холодильнике, так ли это?  Просто в разных источниках пишут, что он хранится от 2 до 8 недель",0
"Так быстро я заказ еще не оформляла ,спасибо 💃5 минут и уже трек номер 💃💃💃💃",0
Выберите оплату через менеджера,0
"да, мы свяжемся с вами в порядке очереди",0
написали в личку,0
Здравствуйте. Тирзаслим в картридже не ждать? Я или вчера опоздала. Или его не было..,0
"Если Вы покупаете у этого источника, тогда и ориентироваться надо на него, а не на разные",0
"Я,думаю у Ильдара сейчас очень много наших писем в очереди из-за сбоя сайта,плюс он отсутствовал недавно, тоже накопились вопросы.
Я  жду несколько дней, терплю😂
В прошлый раз написала, тут же сделал",0
"Его не было, на данный момент есть все граммовки в лиофилизате",0
Здравствуйте. Я бы тоже Тирзаслим в картридже приобрёл. Но примерно через месяц.,0
"Благодарю, сделала новый заказ и оплатила. Предыдущий удалила.",0
"Мт2 в спрее когда ждать. Мне нужно семаглутид заказать и хотела ещё мт2, долго ждать не могу, если пару дней, то подожду",0
Здравствуйте я новичок хочу пептид для рельефа тела но сильно вести не хочу😅,0
задайте свои вопросы боту - @elixirpeptidebot -,0
"Без точных сроков, подпишитесь на него на сайте, получите уведомление о поступлении",0
"А есть смысл его ждать? Он вообще будет? Пока не уверена, что готова к самостоятельному разведению.",0
"Я подписалась, просто сему нужно купить кончается, сколько ждать мт2 не понятно, как я поняла, и день и месяц? Совсем нет информации о поступлении? Если неделю я подожду, а если больше, то не смогу, можете сориентировать примерно? Я без притензий, просто понимать ждать не ждать, если не ожидается, я все понимаю какие-то сложности могут возникнуть незапланированные, то ждать нет смысла, потом мт2 закажу",0
"Воды, чтобы сделать самой спрей нет же в ассортименте?",0
"закажите отдельно сейчас, не ждите",0
"Вот, спасибо большое!!",0
Добрый день подскажите пожалуйста хочу рельеф тело и для увеличения либидо можете что то посоветовать?,0
Добрый день. На сайте нет Терзеслима. Уже закончился?,0
"Все там есть
11:24 © $ а! а 3; @

@ °з ехтрериаегисаею + :

<

Результаты поиска по запросу
""ТП"":

21902

Тихе ит
Объем

\ 74 7
Напицив иаптпипиа

о а 0 >

Главная Каталог Корзина Избранное Светлана",0
"Здравствуйте! Довольна как слон - наконец-то почти все появилось и мой весенний стэк уже в заказе (правда еще жду менеджера, чтоб оплату прислал). Но небольшая грустинка все же есть: Ipamorelin не хватает. Может появилась хоть какая-то приблизительная дата наличия? 🙏",0
"11:25 ® -- Зи! (87) ®

СТРОЙНОСТЬ БЕЗ усилий

ТггеИт

‘ее уоры ее рершёе

Риту ежсееф 99%
ЭМС [кекс (ве Оу

г ``

ТихезИт (5мг)
№ 0.0 (О) оотзывов

Объем

Наличие картриджа

х

21902

Подписаться

ос < <

Главная Каталог Корзина Избранное Татьяна

—

о © 4",0
"6 990 Р

Тихезит (30мг)
Объем

5МГ 10мг
100мг

15мМг

Наличие картриджа

(2

® 5.0

Наличие: много

($ Купить в 1 клик

О",1
"Здравствуйте. Подскажите, пожалуйста, кто пробовал Окситоцин в спрее? Какой эффект?",0
https://elixirpeptide.ru/catalog/search.php?q=Tirz,0
https://elixirpeptide.ru/catalog/snizhenie_vesa_i_zhiroszhigateli/tirzeslim/,0
"Здравствуйте, подскажите пожалуйста, можно ли пептидами регулировать тестостерон? Как допустим тестостерон энантат?",0
Здравствуйте. Сколько сейчас срок ожидания от менеджера при оформлении заказа?,0
"Вы можете мне помочь? У меня заказы в ЛК не отображаются, по факту одна сумма, на сайте в 4 раза меньше",0
"Вы оплату сразу на сайте делали?!
А то я вчера сделал заказ, поставил оплату через менеджера.
Ни уведомлений на почту, ни обратной связи в тг по номеру +7 961 038 79 77, туда продублировл скрин заказа.",0
"Да сразу оплатила на сайте ,сразу сдэк присвоил номер и через 3 минуты менеджер написал подтвердить адрес сдэка",0
Тогда ждите свою очередь,0
"Понял. Спасибо.
Тогда наверное тоже переоформлю заказ, а тот удалю🤔",0
"Идут по очереди, заказов много, если сегодня не дойдут, завтра точно обработают",0
Напишите тех. специалисту - https://t.me/techelixirpeptide,0
"А как вы применили скидку?
2 меня в ЛК на сайте пусто в этом разделе 🤷",0
Светлана спасибо за участие. Но у меня картинка не меняется- нет ни в какой дозировке,0
"Попробуйте почистить кеш браузера, либо попробуйте другой браузер",0
"Здравствуйте! А можно хоть какой-нибудь ответ получить насчет разбитого картриджа. Там, например, вернем деньги, пришлем другой картридж, пошла к черту… хоть что-нибудь…",1
"Вот у меня тоже такой вопрос, оплатила бы сразу, но скидку не посчитал",0
"Все точно так же сделала, очень быстро и удобно.",0
"У меня в одном браузере , в другом другое((( надеюсь мой заказ не потерялся.   Потому что заново оформить не получается",0
У меня отображается,0
В счете скидка отображена у меня,0
"подскажите, пожалуйста, когда матриксил ожидать? хотя бы в общих чертах",0
Спасибо! Все получилось,0
🤷🤷🤷,0
Вы сейчас шутите или издеваетесь? Как отзывы людей не имеющих отношения к такому сложному производству могут говорить об ефективности? И тем более о безопасности!,0
"Вы предлагаете препараты для онкобольных, а потом предлагаете почитать отзывы?",0
"В поисковике забейте «окситоцин» и выпадет много сообщений.
У меня отлично, но есть самые разные и весьма интересные отзывы о нем.",0
То есть как сработает у Вас - только по факту.,0
"На сайте есть вся информация. Данная продукция не является фарм препаратами. Используется исключительно в эксперементальных целях( отзывы о результатах). Но существует для такой продукции сертификат, они есть на сайте. Никто никого не обманывает, но важно самим почитать что вы предположительно хотели использовать",0
"Здравствуйте! А можно хоть какой-нибудь ответ дать по поводу разбитого картриджа? Не знаю, там например, вернем деньги, пришлем другой взамен, отстань твои проблемы…",0
"Вы что-то путаете. Это  препараты для исследовательских целей, а не лекарства для больных. Все на сайте указано.",0
"Да, я это прочитала, и сделала справедливый вывод, что за последствия вы не отвечаете.",0
"На вопросы о безопасности вам тоже нечего сказать, кроме того что вся ответственность лежит на покупателях. Очень удобно)",0
А у вас как сработал?)) поделитесь своим опытом,0
"Замечательно! Настроение, сразу становлюсь добрее, на триггеры не ведусь.",0
"Пептиды экспериментальные. Это вам не аптека. Хотите получить эффект? Пользуетесь. На свой страх и риск.
Страшно, или нужны гарантии? Значит вам в аптеку за именно лекарствами.",1
"Собрала личную подборку по Окситоцину.

Меняет восприятие стресса, становитесь спокойным, без снижения работоспособности и когнитивных функций.

Как на меня действует окситоцин
https://t.me/peptide_rus/27789/34731
И ещё
https://t.me/peptide_rus/27789/130073

Не вырабатываются антитела и помогает выработки эндогенного окситоцина
https://t.me/peptide_rus/27789/140494

О неточности в комментарии выше и очередное ""нравится"" Окситоцину:
https://t.me/peptide_rus/27789/163971

Сколько мкг в 1 пшике и сколько в спрее
https://t.me/peptide_rus/107318/116761

Влюбилась в Окситоцин
https://t.me/peptide_rus/27789/148585",0
Я такой же покупатель как и Вы)),0
"За последствия использования эксперементальных веществ 😂. Я такой же биохакер как и все тут. Что я Колю, в каких дозах, с чем сочетаю исключительно моя зона ответственности. Производитель  отвечает за соответствие формуле содержимого и его чистоту (что подтверждается). Я провизор, и честно скажу вначале долго изучала все, прежде чем начала использовать. Но использовать или нет, это мой выбор. И побочки бывают, и индивидуальные реакции, мы здесь делимся опытом. Но это все по сути доклинические частные исследования",0
"Здравствуйте! Никто не отвечает! В лк нет скидки((( и не могу оплатить даже без скидки
пегспапт.и{еНеситопеу.ги

Ошибка

Обязательно должен быть передан
либо езпор!4 либо пуоГсе!а.

Попробовать ещё раз

Если ошибка возникла снова, позвоните
нам по номеру 8-800-500:
Мы обязательно вам поможем!",1
Здравствуйте! Почему вы удаляете мои сообщения??? Пропала скидка на сайте. И не могу даже без нее оплатить. Никто не отвечает,0
Ещё б у нас производители аптечных БАДов несли какую-то ответственность),0
Всмысле?... А почему вы берете на себя ответственность отвечать на такие вопросы?,0
"вам нужно побольше почитать про пептидные технологии и какой у них статус в мире+ что необходимо чтобы препарат стал лекарством ( тонны денег, документов и времени) + чем бад от лекарства отличается по статусу и что в сертификате написано ( спойлер- всегда одно и то же: если его употребить указанным образом, то человек не умрет. точка. никаких доказательств заявленных свойств не бывает в сертификации бадов)+ что такое исследовательские препараты ( спойлер- это хим вещество не предназначенное для лечения и приема внутрь. но можно поставить любой эксперимент с ними, где за все отвечает  покупатель- химик- биотехнолог, понимающий, что за вещество перед ним и какой эксперимент он хочет поставить и сам создающий дизайн своего эксперимента).
под ваш запрос кажется попадают только те препараты, что в аптеке. пептидные и даже бады вообще никак не смогут подтвердить документарно ваши запросы. только личная работа с научными данными в библиотеке и интернете позволит вам сделать вывод, приобретаемые бады и пептиды вам нужны  или нет. но пока что нет, судя по всему. надо многое изучить или просто вернуться к врачу и его назначениям для покупке в аптеке",0
А в этом  чате есть какие-то адекватный специалист? Или все покупатели?,0
"Вы опять что-то путаете. Здесь публичный чат, какую ответственность Вы приписываете мне?
Неа любой вопрос Вам может ответить любой человек",0
Здесь общаются пользователи пептидов,0
"Специалисты у нас в ветке врачей, в закрепе указаны. К ним можно обратиться за платной консультацией. Если хотите",0
"Тогда честно отвечайте, что вы понятия не имеете о качестве и безопасности препаратов, что вы просто покупатель, который ничего в этом не понимает и добровольно ставит эксперимент на своём организме, чтоб я и все остальные ""ничего не путали""",0
"Так как чат, почему называется "" Вопросы к производителю"", а не к покупателю)",0
Вот я и задаю вопросы производителю,0
"Я не производитель, а простой покупатель, а ещё админ чата. И за хамство могу отправить Вас в читалку (и производитель меня в этом поддержит), так что будьте сдержанней в выражениях.",0
"Ekaterina вы если переживаете относительно продукции, то почитайте правда отзывы и ветки, вам производитель верно ответил и примите решение самостоятельно. Вы просто в ветке производителя задаёте вопросы, ответы на которые описаны в оферте и в сертификатах на сайте, как будто странно рассчитывать получить какую-то иную информацию😣",0
"Ну не нравятся Екатерине то, что в оферте написано, хочет, что б ей по другому сказали)))",0
"Вы опять путаете понятия - лекарственные препараты, к которым можно предъявлять требования об  эффективности,  в аптеке. Здесь препараты исследовательские. К ним тоже предъявляются требования, но иные. Например, требование о количественном определении (есть в сертификатах на сайте, в том числе), к стабильности и содержанию примесей.
Если Вы ищите какие-либо лекарственные препарата, то ищите за пределами этого чата и ассортимента производителя.
Описание Срок хранения Отзывы Условия доставки Сертификаты Калькулятор.

О с О с Запозк с эит-2
(воЕ)) Сертификат соответствия [ре Сертификат дапозв! ертификат ЗИт-",0
Чтобы кто-то в интернет чате взял на себя ответственность,0
"Да. Только не понятно, от этого что, легче становится 😆",0
"Ну чтобы было кого обвиноватить. А то что, сам что ли",0
За хамство?))) то есть желание покупателя убедиться в качестве продукта-это хамство?),0
"Купите и убедитесь. Здесь все так делают 🥹
Если отзывы не устраивают",0
"Я ни разу не употребила в переписке слово ""лекарственные"".Это вы что-то путаете",0
На собственном здоровье?),0
"Да. Если не готовы, то проходите мимо☺️",0
Ну другово выхода у меня нет) после такого диалога,0
"желание не хамство
Хамство в ответ на попытки Вам что-то объяснить писать ""тут есть адекватные специалисты"", "" ничего в этом не понимаете"".",0
"и правда) Вы вообще пишите про БАДы, что делает саму постановку вопроса об эффективности и безопасности  нелепой.",0
"Тогда отвечайте на вопросы прямо, чтоб не стратить моё и своё время и не рассказывайте, что секретов производства вы не афишируете. Кто вы? Вы - покупатели? Я, ориентируясь на название чата""Вопросы к производителю"", задавала их производителю. А не человеку, который просто ставит эксперимент на себе",0
"Назовите чат, более подходящим заголовком)",0
"Например""  сообщество пептидоадептов""))",0
"Прямо Вам отвечаю - БАДы нужно искать в другом месте.
И в этом другом месте требовать какие-то документы о безопасности, эффективности и производстве.
Если же Вам нужны пептиды, то производитель Вам уже ответил, где искать сертификаты на сайте - показали, для чего чат рассказали.
За сим, наверное, всё, если, конечно,  Вы уже закончили обучающий курс о том,  как с Вами нужно общаться, как назвать чат, тему  и вообще )",0
🍿 Устроилась поудобнее,0
"Движуха, конечно, в другом месте, но мне и отсюда хорошо видно",0
"почитать, вникнуть, самой разобраться? неееееет!!!!
поорать? Да!!!!!",0
"всё затихло ... а не то я тоже уже приготовилась ""с покорном"" поглазеть )))",0
Ну я решила  что в ветке производителя не хорошо спамить) а тут можно),0
Ну может эта ветка тоже не отражает всей правды и ее надо переназвать?,0
Как?),0
"Возможно, нам откроют глаза",0
А еще что сделать?),0
Организовать ретрит и выбрать гуру😂😂😂,0
"У нас нет адекватных специалистов, только неадекватные админы)",0
"О, там Макс появился, я уже сегодня с человеком в авито переписывалась, ничего не работало, а Макс у него на другом телефоне",0
"Вы задали вопрос производителю, находясь с производителем в открытом поле интернет-общения, в присутствии почти более десяти тысяч людей. А эти люди очень любят размышлять буквами о применении экспериментальных химических  соединений. Вот прям в этом поле, да.
Они, собственно, тут для этого и проводят свободное время, стирая пальцы об экраны.
Беспардонно влезают в обсуждения, комментируют ответы производителя, вопросы производителю, красные пятна на животе, внезапную диарею и любые другие, пролетающие мимо них темы.

Ваше негодование объяснима - хочется восстановить нарциссическую целостность «я морально выше и умнее, вижу истину». Но производитель Не будет давать вам материнской безопасности своими ответами «я гарантирую , бла бла бла» ответственность исключительно Ваша.
Ну и тревога ваша совершенно понятна: мы - злые соблазнители, можем ввести вас в заблуждение аргументированными возражениями, даже своим присутствием и участием в диалоге. И тем самым лишить вас возможности нарциссического восстановления. Еще и Пытались валидизировать ваши опасения или чувство неуверенности. Вот что за люди мы редиски, а?

И еще - вы действовали строго в соответствии с названием ветки и ее функцией - задали вопрос производителю. В ветку указано, что отвечать будет ТОЛЬКО производитель? ☺️",0
"Я ещё даже и не устананавливала себе такоЭ.
 У нас в Беларуси все мессенджер в прекрасно работают. Не хочу макс🙈",0
"Об эффективности и безопасности каждого конкретного пептида( я не знаю что вас именно интересует) можете почитать в описании в соответствующих разделах или на сайте.  Или у нашего ИИ помощника. Или в интернете в соответствующих научных публикациях если наших источников вам не достаточно. Что касается качества и чистоты пептидов в том числе от независимых лабораторий,можете ознакомиться на сайте. Если после ознакомления с этой информацией вас это удовлетворит, то вэлком. Если нет то проходим мимо и всего вам доброго и удачи в дальнейших поисках нужного вам средства. Других ответов у меня для вас нет. Извините если не оправдываем вашего доверия. 😀",0
"а вотсапп не заработал у Вас?
у меня у всех контакт сегодня неожиданно включился вотсапп, без смс и регистраций))
пока ломали тг, видимо, случайно в вотсаппе замедлялку отключили",0
У нас теперь по два телефона) с Максом и без) скоро голубятню организуем в жк для важных сообщений,1
Да еклмн☺️,0
"убийственная вещь, на ноуте уже перестал работать, на телефоне просит.... впн))",0
О! Вы и диагнозы ставить мастер!))),0
Я вас разблокировала,0
Спасибо) вы даже круче Собянина),0
"Это я , боюсь предположить), наконец-то с производителем имею честь общаться?",0
Мне даже муж таких комплиментов не делает 🥰🥰,0
"Как и ранее, да",0
"Это ж как скучно тетеньке, что она всех решила вывести на общение😂🙈",0
"Пойду посмотрю, сколько стоит жить в Минске)",0
А куда писать если мне все время сайт пишет что у меня не верный логин и пароль ! Прям раздражение уже ..,0
Админу чата https://t.me/techelixirpeptide в ЛС,0
"зашла в чат Макс (нас уже давно заставили его скачать).
там как-то неудобно что ли, все обсуждения получается, будут одной стеной текста?
я в печали 😢",0
"Предлагаю туда ссылать тех, кому нужны гарантии))
Остальные тусят здесь)))",1
Вы на этом сайте регистрацию проходили?,0
Проходила и не раз,0
А есть в Максе чат? Как его найти?,0
"Напишите почту по которой регистрировались, проверим все",0
в чате Правила чата и анонсы объявление,0
Я наверное лучше умру вместе с телегой,0
Живите лучше оба,0
"Ну пока мой впн не прикажет долго жить я буду тут. А потом, наверное, поеду в Беларашу и буду любить другую страну",0
"Подскажите, пожалуйста, существуют ли пептиды от весеннего поллиноза?",0
"Да, батька уже открыто зазывает всех",0
Обещает что тг глушить не будет,0
"Знает, чем привлечь)",0
"подскажите, пожалуййста, а матриксил ориентировочно когда ожидается?  хотя бы в общих чертах- ждать для оформления текущего заказа или нет",0
Вся известная информация в ветке «Анонсы»,0
"Сегодня сделала заказ, уже через час-полтора со мной связалась менеджер, заказ уже ждет передачи в СДЭК. Спссибо менеджеру Екатерине за оперативность",0
Особенно женщин. Объявил этот год годом женщины 🥹,0
Сказал писать в тикток и закрыл аккаунт)),0
"Девочки операторы выше всяких похвал. Все четко, быстро - пришлось вносить изменения, все равно за один день оформили, уже и отправили.",1
"Девчонки ,кто просил? вот чисто вам от души скидываю ,недавно сама начала работать ,доход в интернете от 15 000 в день , легально !

Вот смотрите видео @dunhilletim7",1
"Подскажите пожалуйста, это нормально, когда после инъекции vip сильно краснеет лицо, тахикардия и жар сильный?",0
"Как справляться с такими состояниями, сильно это пугает. Может дозу уменьшить?",0
Или эта нормально и длиться не долго. Надо перетерпеть.,0
Какая доза у вас сейчас?,0
"Это нормально, длится не очень долго, но пугает сильно))) доза какая?",0
"5 мг разведены, колю инсулиновом шприцом 3 деления.",0
У Вас Vip какого производителя?,0
"да, делайте дозу меньше пока будет комфортно. но не всегда одинаковая реакция на одинаковую дозу даже из одной виалы, поэтому просто делайте ее стабильно меньше. если надо высокую дозировку, то разносите на разные часы ее частями",0
"Да, брала у другого, наверное переборщила. Возьму следующую 2 мг у вас.",0
Спасибо за обратную связь🙏,0
"К сожалению, не смогу вам помочь, так как особо не понятно что там в виале",0
"Из этого сообщения сложно понять какая у вас дозировка. Если чувствуете дискомфорт лучше уменьшить дозу, частоту или сделать перерыв",0
"Спасибо, уменьшу обязательно.",0
Оформляйте без него,0
Всех мусульман группы поздравляю с праздником Ураза-Байрам! Завтра с утра будет пить кофе:))),0
Чем привлечь красавиц😉,0
"т. Отрицание
2. Гнев
3. Горг
4. Депрессия
5. МАК",0
Я лишняя на этом празднике жизни. Не грузится😝,0
Патамушта это макс))),0
"Он меня ненавидит, понятно",0
"Ага. Ну так-то он у меня есть😔
Но вызывает судороги своей никчемностью",0
"Добрый чат, подскажите, что с ботом??
С обеда отдыхает",0
"Подскажите пожалуйста, а ипаморелин когда ожидается?",0
может магний попить и всё пройдёт? ))),0
На смену нужен с собой DSIP.,0
Это панацея от джетлага получается и быстро с ним привыкаешь к смене часовых поясов? И (боюсь нагло предположить) может ещё и сон станет супер? 😋,0
"Спасибо, действительно работает! И без впн",0
А его отключать не надо? Спасибо🙏💕,0
а можете в лс закинуть? а не то отсюда не скопировать и не переслать ...,0
"Только прокси надо обновлять,  слетает. И не всегда срабатывает, когда нагрузка большая
А так да, спасение 😊",0
Себе же можете поставить?,0
"Ну впн у меня есть. Но ничто не вечно, сами понимаете",0
"Работает на ютуб и инсту идеально, даже бесплатные. А вот тележка увы...
Криво косо
Говорят надо покупать сервер с личным впн",1
"не знаю ещё, наверное смогу ...",0
Просто нажмите на ссылку и присоединитесь,0
"У меня тоже, но утром и он перестал работать, хоть и не бесплатный. Очень некомфортно, будто оторван от мира🤭🤦",0
"Муж вчера вечером согласился на моё предложение прокси
Так как впн у него перестал работать",0
"Я и так и так пробовала, по мне разницы нет.",0
"Ничего не грею, все из холодильника колю",0
"🤝
или забуду уколоть, или убрать потом)",0
"Подскажите, а что с ответами менеджеров по заказам?",0
И почему они сносят сообщения куда оплачивать????,0
Что вообще случилось и происходит? Куда и к кому обратиться,0
Снесены все сообщения от менеджера))),0
Прошу наверное админа прояснить ситуацию,0
"Админы занимаются только чатом
Возможно, у вас сложности в работе ТГ?",0
"Менеджеры не сносят сообщения

Такие проблемы наблюдаются со стороны Телеграмм",0
"Ну вот как то так… сносят
$Ит РерНае ©

Доброго дня 12:09 и

Да верно 1:09 и

Документ-2026-03-1
8 12:10:55.раё
43,5 Кб 12и Ш

Все верно 121.

19 марта

Доброе утро, подскажите получили
ли вы деньги? 08:43/

Сегодня

оо изо
Заказы в статусе ""Принят,
ожидается оплата""

Заказ №17-3С8Е8 от
17.03.2026, 3 товара на
сумму 15 690.50 2

© оплата

Счет №17-ЗСЗЕВ/Т от 17.03.2026,
Оплата через менеджера

[ ате по счету: 15690502

‘Сменить способ оплаты м

[3 доставка
Отгрузка №17-3С8Е8/2, стоимость.
доставки 310.50 2

ыы
Статус отрузки: СЕЙ МИ

Служба доставки: СДЭКП8З",0
"Здравствуйте, проблема с оплатой заказа. Меняю в заказе условия оплаты оплата через менеджера , и дальше ничего не происходит. Как связаться с менеджером?
Оплата в адрес %$ на сумму %$ Р

через Систему быстрых платежей
невозможна. Попробуйте ещё раз
или запросите новый ОВ-код,",0
"Я это понимаю🙏🏻
Но тогда вопрос с кнм связываться при подобных ситуациях",0
Как видите… я пока в здравом уме и памяти и сама с собой точно не общаюсь )))),0
"Ожидайте связи с менеджером, в порядке очереди дойдут до вас",0
"У меня скопировалась , как любая другая ссылка отсюда.",0
"У меня вчера также было, сказали сбой в телеграм, позже прислали ссылку в сдэк",0
"Повторюсь, менеджеры не удаляют сообщения, сносит телеграмм

Пока не известно причину, для уточнения по заказу можете связаться через почту, по другому доступному месенджеру или позвонить по телефону.",0
"Тоже самое, исчезли  сообщения менеджеров.",0
Написала на почту. Благодарю 🙏🏻,0
"Спасибо огромное, менеджер связалась",0
"Добрый день! Вчера сделала заказ, долго ждала тирзу 100 мг, она действительно в наличии?
Жду менеджера, пока тишина...",0
"У меня вчера так же было,  удивило, 😀",0
"Все ждут, я тоже))",0
"Желающих очень много, поэтому есть период ожидания.
Но в порядке очереди заявки обрабатываются",0
Т е. Тирза в наличии действительно есть?,0
Просто ждём?,0
"Пожалуйста попросите менеджера что б вышел на связь по моему заказу . Не могу второй день оплатить
10:54 ай $ @

. 8 Ех Рернае

Текущие заказы Личные данные История з

< Мой заказ №20-Е1ЛЕ?27,
создан 20.03.2026

Заказ №20-Е1Е?7 от
20.03.2026, 6 товаров на",0
"Первые заказы тирзы уже в пути
Поэтому да, есть",0
"Как вы не можете второй день оплатить, если заказ от сегодняшнего дня",0
"Вчера был другой , я сейчас переоформила на новый и добавила позиции",0
На связь со вчерашнего дня не выходят,0
Вы понимаете что таким образом вы отодвинули свой заказ дальше и увеличили очередь,0
"Большое количество дублирующих заказов, которые увеличивают временя обработки менеджерами",0
"Потому что заходя в предыдущий и выбирая оплату он выдает ошибку , вчера пыталась оплатить по кредитке , менеджер не отвечает . Я оформила новый предварительно положив деньги на дебетовую , но опять оплата не получилась ( заказ более 130 тыс ) прошу помощи у менеджеров , но на связь не выходят",0
Дайте ссылочку пожалуйста 🙏,0
"Так и называется, тирза? Или тирзаслим?",0
Я просто новичок,0
TirzeSlim,0
"ВЕРСЕБЕ Расческа-аппликатор для волос
https://www.wildberries.ru/catalog/243265494/detail.aspx?size=381795291",0
Дайте пожалуйста ссылку на бота🙏🏻 не могу дозировку рассчитать,0
В закрепе,0
"Здравствуйте, а к кому обратится чтобы приобрести ретатрудин?",0
Зайти на сайт и заказать,0
https://elixirpeptide.ru/catalog/snizhenie_vesa_i_zhiroszhigateli/retaslim/retaslim_5mg/,0
Пасибо,0
"Попробуйте и так и эдак.
Мне сразу из холодильника не нравится: болючая инъекция получается. Поэтому я грею при комнатной температуре где-то 30-40 минут (без железного колпачка ручки), тогда не ощущаю вообще",0
Благодарю ☺️,0
"Добрый день дорогие девушки
Худеть будет Мама 57 лет ,4 детей
Что посоветуете?",0
Ретру или тирзу.,0
"А можно ссылочку ,где купить и сколько колоть?",0
https://elixirpeptide.ru/catalog/snizhenie_vesa_i_zhiroszhigateli/,0
А сколько мл вводить ? Утром и вечером или 1 раз в день? Какие оо витамины принимать дополнительно?,0
"Вам надо почитать чат
Определиться
Никто не сможет вашей маме назначить препарат и дозы
Мы здесь самоназначенцы, по большей части",0
"Изучите ветки ретатрутид, пептиды для похудения, путеводитель по пептидам, разведение, пообщайтесь с ботом (он есть в закрепах данной ветки), а потом, если останутся еще вопросы, напишите.",0
Скажите пожалуйста сколько мкг в 1 пшике эпилатона?,0
На флаконе написано,0
В течении какого времени обрабатывается заказ?,0
"Сейчас есть очередь по заказам, обработка обычно в течение суток",0
"Здравствуйте! Как уточнить судьбу заказа, если оплатили, но не отправляют и на связь менеджеры не выходят вот уже несколько дней(",0
Я почти не просыпаюсь с ним.,0
"Я всегда ставила в низ живота в складку жирка и одинаково красное болючее пятно, но синяки остались только на бедре",0
Он и был всегда Тирзепатид,0
"https://t.me/peptide_rus/29635/164102
Видели?😁",0
А так сразу-то и не скажешь...,0
Tirzeslim вам вряд ли мог приходить.,0
Вот и правильно. В любом случае там Тирзепатид,0
"Капец, этож тоже не есть гуд. И днём потом ходишь как сонная муха?🙄",0
"Нет, хорошо высыпаюсь и рано встаю бодряком.",0
Отлично! Значит буду пробовать 🤝,0
Бот,0
"Здравствуйте,
вся актуальная информация по ближайшим поступления в ветке «Анонсы»",0
"Мне кажется, или это занудство🙈",0
"Ну что ж, вот и прошел год… 18.03.25 начала колоть тирзепатид… -25 кг…",0
Вау!!!,0
Прекрасно 💃💃💃,0
/whitelist add 5671414236,0
/unmute 5671414236,0
Здравствуйте.Thymosin Alpha-1 (10мг),0
Когда будет,0
"Тоже жду его, но информации нет",0
Подскажите пожалуйста. Если пептид меди разведен бакводой и уже 2 месяца стоит не открытый в холодильнике-его можно колоть?,0
Можно,0
"А как количество детей заменяет информацию о росте, весе😂. Имт хотя бы. Так как не при каждом излишеке веса стоит идти на препараты. А так то их три. Бюджет разный. Побочки схожи. Ну разве что чем дороже тем мягче, и потеря мышечной массы как будто бы меньше. А у вашей мамы явно уже саркопения. Ну или нет информации о её спортивной нагрузке",0
"Я чет не разобрался, ввести полный адрес доставки можно только после оплаты?",0
"И чем осуществляется доставка, почтой или транспортной компанией?",0
СДЭК,0
"Почему, можно сразу",0
"У меня вбивается только город, дальше почему то не указывается",0
Дальше нужно на карте выбрать пункт,0
"Добрый день- оформила заказ в 8 утра, не пришло подтверждение на почту и менеджер молчит. Какая сейчас скорость обработки заказов?",0
Не суббота ли ?,0
Выходной сделали?,0
Добрый день! Планируется поставка Glow 70?,0
Спам проверяли?,0
"Да, ничего нет",0
"Здравствуйте. Подскажите, когда появится скидка по бонусной программе? Уже много заказала, а скидку не вижу",0
"До сих пор никто не ответил, я уже и в макс отправила номер заказа. Это нормально? Или мне ещё какие-то действия сделать?",0
"Это прекрасно

Что еще лучше, что вес был скинут не за 2 месяца экстренно и через год тело стабильно в меньшем весе 🔥",0
"Наверное завал после проблем с сайтом. Я жду ответа менеджера по оплаченному и неотправленному заказу больше недели. Очень неприятно, но видимо нет алгоритма пока у ребят, как автоматизировать все это",0
Здравствуйте! Не приходит письмо для восстановления пароля,0
"Здравствуйте
Эпилон в спрее.
Не добавляется товар в корзину.
Пишет нет в наличии. На фирме говорят есть.
Как быть?",0
P.s спам тоже проверяла,0
"Я вот только что оформила заказ, оплатила на сайте, отправила скрины менеджерам, почти сразу пришел от сдэка трек номер, и сообщение от менеджеров, что заказ в сборке.",0
Сделала заказ. Не было графы оплатить. От сдек сообщение пришло. Как оплатить? Не звонит никто,0
Висит в заказах неоплаченное,0
"здравствуйте, как связаться с менеджером по поводу накопительной скидки за заказы?",0
Вам менеджер ответил в ЛС,0
"Добрый день, менеджер вам отправил счёт в 12:10 по МСК, посмотрите в ЛС",0
"Грамотные и знающие - расскажите, что дает  при уколах меди такие большие и длительные подкожные следы?  Какие то дифициты в организме?
Это при том, что уже пару тройку лет присутствует у меня в ежедневном приёме?
Так, просто любопытство))",0
Спасибо. Оплатила,0
"Только непонятно, фамилию писала, а в заказе Ник только встал",0
"Это нормальная реакция, помажет чем-нибудь если сильно мешает.",0
"Подскажите пожалуйста, как сделать заказ?",0
"Да мешает только в баню ходить.  Просто интересно, чем вызывается такая реакция.",0
"Вообще не известно, какая-то индивидуальная реакция, причем не с чем не связанная…",0
"на все ваши вопросы ответил менеджер в ЛС, заказ оформили и передали на сборку",0
ответили в ЛС,0
"А мне может менеджер ответить или по какому критерию выборка? Я жду, новые сообщения в чат с менеджером не пишу, чтобы в порядке очередности получить ответ. Но никто не то что отправить заказ, просто ответить не спешит.",0
"У меня тоже следы на коже после меди. Колите в попу, там никто не смотрит обычно)",0
"А мне кто-нибудь пришлет данные на почту, что бы изменить пароль??? Я зайти не могу заказ сделать!!!!",0
"напишите мне тоже, в лс, пожалуйста по поводу заказа",0
https://t.me/techelixirpeptide сюда обращайтесь,0
"А я хотела в конкурс, но ничего не получается. Номер заказа не находится,скрины друзей скинула ,не приняты,отзывы на сайте не публикуют😭",0
"Почему менеджер не выходит на связь? Вчера в обед оформила заказ, оплатила и тишина",0
"Да, но тот путь по которому я шла,многим не подходи, к сожалению…",0
"Просто кто-то любит пешие долгие прогулки, кто-то терять ботинки на Американских горках)?",0
Это прям верно сказано))),0
"Потому что заказов много, а менеджеров немного. И сейчас выходные - могут отдыхать",0
А кто-то прямо изо всех сил лежит по направлению к мечте😁,0
"Лежать тоже хорошо, главное при этом не жрать))) ну или жрать умеренно…",0
"Ну хотелось бы ясности еще вчера по этому вопросу. Потому что заказ оплачен, в лк стоит как не оплачено и не отгружено(",0
"Нет, девочки и мальчики, у меня уже есть огромное желание написать свои мемуары по похудению, и как все не просто было… и как я за машиной блевала (сорри) и как в спортзале а обмороки падала, и никому не рассказывала, чтоб мой тирзепатид не отобрали… вообщем есть что в помнить…",0
Если оплатила то придёт тебе ширево. Не переживай,0
"Не переживайте, пришлют. Или напишите сами в тг, телефон указан на сайте",0
😭,0
левая фотка лучше,0
💯,0
"Ааа, я помню, вы полненьких любите 😁",0
😍😍😍,0
"Могу в свою защиту сказать, попа у меня и сейчас классная))) природный дар)))",0
👍,0
Подожду конечно теперь до понедельника.,0
"а максимальный прокаст этого дара можешь рассказать ?
где он отработал на 100500% ?",0
вопросы за гранью )),0
"Менеджеры работают в выходные дни.
Но не круглосуточно.
Свяжутся в рабочие часы в порядке очереди",0
Это сайт глючит или действительно нет бакводы?:(,0
У меня тоже пишет что нет,0
Его надо разводить,0
"Анна, я тут. Если чешется и отекает место инъекции мотс и над, нужно прекратить лечение?",0
"Выв живот?
У меня такое же было. Чесалось ужас как, плюс стоит реально бугром красным. Посоветовали колоть в дельту.
И нормально! Да, чешется, но периодами, не так как живот. И я чередую дельты. Попробуйте",0
"Я пробовала и живот и ягодицу, потому что там жира больше, но одинаково. Да, именно бугор смущает, он еще так долго рассасывается. Попробую, спасибо! ☺️",0
У вас это было с над или мотс?,0
"Мотс. Над не колола.
Да. Бугры стоят долго, а так как несколько инъекций делала, то у меня аж живот появился из-за этого отека)",0
"MOTS-C довольно часто вызывает местные кожные реакции.

Это один из пептидов, который чаще других может давать реакции",0
А кто пробовал над в инъекциях (не капельницы)?,0
"Глоу тоже дал реакцию. Причем такую, что я не знала, куда деваться. Я в живот уколола, а у меня началась такая неприятная боль в месте вкола, потом она распространилась на низ живота.",0
"Да, но это не про Glow70 в целом.
Это реакция на GHK-Cu.

Трипептид меди довольно часто дает такие «спецэффекты» по коже.

Это не редкость и не «что-то пошло не так».",0
"Но не у всех так.
Про медь знаю. Отдельно просто не пробовала",0
"Это и понятно, что не у всех.

И даже у одного человека
реакция может отличаться:

— в разные периоды
— на разных участках

Плюс ключевой фактор —
индивидуальная чувствительность.

GHK-Cu в этом плане довольно вариативный.",0
А по сколько кололи ? Что-то ещё пробовали и можете посоветовать? Смотрю на мотс для энергии и ноги подсушить хотелось бы,0
"По 20 ед.
Ну он вряд ли вам что-то подсушит. Такого эффекта я не заметила от него. Для меня лишь энергия.
Как я изучила, подсушить именно в определенных местах ловушках -это надо aod",0
Когда появится бак вода ? 🥺,0
"Подскажите, пожалуйста, кто пользовался ара-290, в чем вы растворяете? У меня и в воде для инъекций, и в бакводе пошло хлопьями. Что делать, ума не приложу",0
Погрейте в ладошках,0
"Привествую.
Хотел бы уточнить - ""СемаСлим"" это тот же Оземпик?",0
"Семаслим - это Семаглутид. А Семаглутид да, действующее вещество Оземпика, Семавика, велгии и т.д. и т.п.",0
"Воспользуюсь моментом, Семаглутид реально подавляет аппетит?",0
"да, но у всех по разному и в разных дозировках начинает действовать",0
Спасибо ещё раз,0
С вами связался менеджер,0
"Здравствуйте, подскажите пожалуйста в каких дозах правильно это колоть можно?
+: ЗшиРериае

` СТРОЙНОСТЬ БЕЗ УСИЛИЙ

бета т

Зее [уорнИе4 рериче

2мС Ригйу ехсееф 99%
Везеагсй Изе Опу",0
Открываете ветку пептиды для похудения и читаете по поиску 1000000 ответов. Или используете для этого местный бот,1
"Все эти ответы есть в ветке худельной  или у бота.
Вы хоть почитайте сначала",0
"Попробую, спасибо!",0
"Здравствуйте, скажите, а есть сегмалутид в таблетках? Я слышала про их выпуск",0
"@marinapas43 не надо дублировать вопрос во все ветки, я ответила Вам в пептидах для похудения",0
"Добрый вечер, а есть что нибудь для восстановления печени?",0
Здравствуйте. Когда примерно появится бак. вода в продаже?,0
Она есть. На сайте нельзя оформить просто. Через менеджера можно добавить,0
Спасибо. Как связаться с менеджером. Делаю заказ 1 раз.,0
Делайте заказ и когда с вами выйдет на связь менеджер то попросите добавить то что нужно.,0
"Добрый день, а ipamirelin тоже есть?",0
Тогда ждем),0
"Скажите, пожалуйста,когда бакводу ждать?",0
Не могу заказать Воду для разведения. Кому обратится?,0
Вы только воду хотите?,0
"Добрый день! вы параллельно переписываетесь с менеджером! вам прислали счёт на оплату, просим дать дать обратную связь менеджеру",0
"Здравствуйте. Nad + пришел вот такого цвета , это нормально?",0
а собтьетстаиия сиестныьюя тообоаньи,0
"Так и не удалось сделать заказ!
При оформление  Эпиталон спрей исчез из корзины и снова написано - нет в наличии;?",0
"Вес: 0 кг

2900Р

СПРЕЙ ЕрйНаюп (30мг/1
Омл)

1 ©
Объем

30мг/10мл

Вес: О кг
В данный момент этот
товар недоступен",0
У кого нибудь проходил Nad + вот такого цвета ? Это норм ?,0
Добрый день. Пришел окситоцин спрей. На сайте написано придерживаться строго инструкции. Ни какой инструкции в коробочке не было. Где можно посмотреть дозировку?,0
Спросить у пептидного помощника @elixirpeptidebot,0
У nad+ желтоватый оттенок при растворении,0
Нет в наличии спрея,0
"На фирме ещё вчера сказали есть.  Когда ожидать?
Спасибо.",0
Добрый вечер. Будет ли в ближайшее время поступление глоу 70?,0
Вчера был. Сегодня кончился. Будет примерно через месяц,0
Он есть. На сайте завтра обновится или можете менеджера попросить добавить вручную.,0
"Я вчера оформила на него заказ, получила код,а сегодня написали что его нет 🤷‍♀",0
"Всем привет.
На фоне уколов тирзепатида,началось выпадение волос .

Хочу начать параллельно курс GHK-Cu ,кто-то пробывал,эффект есть?

Предотвращает выпадение волос ?",0
"А кто вам сказал, что у него такое действие?",0
"Ну,как минимум потому что он имеет такой эффект и это везде указано

Он есть в составе лосьонов для роста волос,именно в мощных .

Трипептид меди один из ключевых в борьбе с выпадением .

+в платных клиниках где предлагают пептиды для похудения,рекомендуют такой подход (как в моей ситуации)
Хотелось бы узнать,реальные истории ,стоит или нет",0
Интересная позиция),0
"Ну он укрепляет волосы,и хотелось бы убедиться что есть люди кому реально помогло .

У меня и так волос очень мало,щас еще падать начали",0
"Не знаю по поводу предотвращения выпадения, но от меди волосы растут... везде)) лично у меня",0
"Благодарю,за ответ 🌷",0
Тирзепатид в картридже не поступил?,0
То,0
"Молодых волос много растёт.  А то, что должно выпасть, все равно выпадет.",0
"Можете проконсультировать
CJC-1295 с DAC",0
"Есть эффект,  проверено 👌",0
"Тоже хотела купить в картридже 75 , будет в наличии когда?",0
"Нет, как будут сроки сделаем анонс",0
"Следите за новостями или подпишитесь на товар на сайте, при поступлении вам придет уведомление",0
"Как принимать, какие анализы сдавать, к кому вообще сходить или можно все самому?",0
"Напишите врачу - @Uliabairam, или в ветку врачей - https://t.me/peptide_rus/107318
Или уточните все свои вопросы у нашего бота - @elixirpeptidebot",0
"Через какое время посылку отправили?, заказал в пятницу, до сих пор не отправили",0
"Волосы выпадают не от тирзепатида, а от дефицитов, которые появляются  при изменении питания на похудайках. В первую очередь от недобора белка",0
"Скачайте приложение сдэк. Ваша посылка там, если её отправили.",0
"Сдек пишет, что ждет пока передадут посылкц",0
"Здравствуйте.
Можно попросить менеджера ответить в личное сообщение.
Отправила заказ.",0
"Если сделали заказ на сайте, то спокойно ожидайте своей очереди",0
Спасибо. Хорошо.,0
"Ждите, да поглядывайте в приложение сдек🤓",0
"Всем добрый день.
Прикупил себе 5 виал ипаморелина по 5 мг. В каком количестве бактерицидной воды его разводить? Где то пишут 5 мг, дипсик пишет, что в 2 мг",0
"У меня витала по 2мг, развожу бак водой 2 мл и ставлю три раза в день по 0,110",0
В виалку не влезет 5мл. Максимум 3.6,0
Значит 2 мл заливаю. Спасибо,0
Я интересуюсь Тирзератид в картридже 30 мг (3 мл) который уже разведен и готов к использованию для шприц ручки,0
Спросите умного помощника - @elixirpeptidebot,0
"Добрый день ,заказ сделал ещё 19го числа, когда примерно ждать отправку, менеджер в ЛС не отвечает",0
Сейчас менеджер напишет,0
Здравствуйте саиньте ссылку на инсулиновые шприцы,0
Кто то скидывал потеряла,0
"Подскажите, как правильно разводить кагрилинтид? Дозировка начальная 0,3 мг, флакон 5 мг",0
"налейте во флакон 2мл воды, ставьте 12 делений , дозировка ~0.3мг",0
"Добрый день подскажите пожалуйста на сайте изменения по оплате заказов? Прошлый раз заказ оплачивался по другому , было сообщение на почту сначала.
Готово оппем.ги

Оплата через СБП

ГЛОБИЗ [4

Текущий счет в

Назначение платежа

12 получателя: еебе829е-абе7-5913-3346-
Ь4{а48ааа95а

Сумма
6499,60 Р

Комиссия
ОР

‚> СБ
Система Быстрых Платежей

?>",0
"Просто переживаю что мошенники, ГЛОБИЗ верное название платежа?",0
"Если вы на сайте получаете ссылку, а не где то в другом месте , то естественно это верно.",0
Ссылка пришла в телеграм,0
Говорю же прошлая оплата была по другому приходило сообщение на почту,0
Поэтому и решила спросить здесь,0
"мне тоже после размещения заказа в тг написала менеджер Алия и прислала ссылку на оплату, а затем сразу и номер сдэк. Сегодня уже посылка прибыла в Москву",0
"Всем привет
У меня вопрос , может кто-то мне поможет )
Вообщем между курса и тирзы был перерыв , месяца два , когда начала  вновь курс тирзы - начала с дозы 2,5, второй укол поставила 5 , но что-то сил нет и тошнота , сегодня третий укол вот я думаю опять на 2,5 или все же 5 вколоть
Но на 2,5 я уже будто не теряю вес стоит",0
"Если тошнота, то зачем повышать? Тем более сразу на следующий укол?",0
Оплачивайте прямо на сайте если сомневаетесь. Сейчас есть такая возможность. И не надо ждать менеджера.,0
"Разумнее будет откатится до 2,5, немного привыкнуть и подождать
«Теряние» веса в любом случае происходит за счет ваших усилий по контролю питания и активности. А не за счет лекарства, которое изнутри пожирает жир малюсенькими зубками",0
"Здравствуйте, вчера оформила заказ на сайте, сегодня увидела сообщение",0
"15:54 10° Н ШО №9

@ °з ехтрериаегир +
ох

хирериае

< — Оформление заказа

Ошибка формирования заказа

Заказ №22-Т8$38 не найден.
Пожалуйста обратитесь к
администрации интернет-магазина или
попробуйте оформить ваш заказ еще
раз.

.^ЕНхиРерцае

ЧУДО НАУКИ В КАЖДОЙ КАПЛЕ

Покупателям

| ет Я $? <

Главная Каталог Корзина Избранное

= © ч",0
Заново оформить или ждать менеджера?,0
"забыла где,но  где-то вчера уже писала - вышло несколько публикаций, в которых не то, чтобы не рекомендуют поднимать дозу на фоне плохой переносимости, что вроде очевидно, а напротив, рекомендуют возвращаться на ту, при которой максимум наблюдаемых побочек характеризуется как ""тошнота первой степени"" (тошнота без изменения пищевых предпочтений). Это доза иногда может быть и меньше минимальной или больше.  На этой дозе держатся 1-2 недели и потом начинают повышать, как вариант с шагом меньше, чем тот, который привел в Вашем случае с тошноте и слабости.",0
"всем привет, если ли те кто знает где взять тестестерон или гормон роста, напишите в лс🙏",0
"Благодарю за совет , хорошо откачусь на 2,5 , думала после предыдущего курса можно почти сразу на 5 , откачусь сегодня на 2,5 спасибо 🥰",0
Я почему-то не могу войти на сайт со своей учетной записью и паролем. Пишет не верный. Только через тг могу оформлять,0
"Напомните пожалуйста, какая ранее была цена на тирзепатид в картридже 3 мл (30мг) напишите пожалуйста 🙏",0
"Подскажите пожалуйста, сколько ожидать  ответ надо?
Мне в прошлый раз неделю не отвечали!",0
Можно скриншот где вам не отвечали неделю?,0
"Естественно,я знаю об этом .другие дефициты тоже стараюсь восполнять сейчас",0
Я в пятницу сделала заказ сегодня забрала уже посылку ❤️,0
"17:54 40 8. Оз.

+7 (961)
- =. был(а) 8 <

Добавить $т в контакты х

ломаются (

19:04 м“

23 марта

075 чт а. оон ор

©

Спасибо!

Ваш заказ №23-Т1С1Е
‘успешно оформлен
Номер вашей оплаты: №23-
ТАСТЕЛ
Вы можете следить за выполнением
своего заказа в Персональном разделе
‘сайта. Обратите внимание, что для
входа в этот раздел вам необходимо
будет ввести логин и пароль
пользователя сайта.

Способ оплаты:

Ге]

Подскажите _,
пожалуйста,

(©) сообщение |",0
"Можно , но это было в прошлый раз.",0
Это из кабинета потому что вышли. Нажмите войти и посмотрите в заказах,0
"Сейчас у Вас оплата во внутреннем браузере телеграмма, возможно ранее переходило в другой браузер и интерфейс был другой. Главное смотрите чтобы от менеджеров элексира ссылка была",0
"Здравствуйте подскажите как выбрать доставку более быструю, раньше было неделю , сейчас 2 недели и больше выбора нет , доставка сдэк , или менеджер может скорректировать при заказе потом?",0
"Да, как менеджер приступит к обработке вашего заказа, сообщите что хотите изменить тип доставки",0
"Подскажите еще банк блокирует операцию , подозревая как мошенническую , выбрала оплату через приложение",0
"Сбер блокирует иногда , попробуйте через другой банк если есть возможность, ну или добавьте номер телефона в контакты , тогда не заблокирует ,но это не точно..",0
"Но , я не знаю , они на сутки или на 3 суток блокируют, и в течении блокировки вы не сможете перевести сумму именно по этому переводу, тут или ждать или через другой банк. Я с сбером ругалась, звонила, такую чепуху несут операторы",0
Так вот в том и дело что не сбер,0
До этого не было проблем с оплатой ☹️,0
Печалька...я со сбером только козни узнала..,0
"Глобиз заблокировала Альфа и Т-банк у меня
просила у менеджера другие реквизиты",0
"Вот и я с пятницы не могу оплатить. Т банк заблокировал, потом Сбер.
Теперь жду разблокировки.",0
"До этого платила всегда нормально
А в этот раз просто замучили.
И препараты нужны очень и сделать ничего не могу",0
Самовывозом из уфы?😍,0
"Забрал в сдэке, все четко. Итого на заказ и получение в Москве ушло всего 3 дня!",0
Попросите реквизиты у оператора и отсканируйте их приложением… сегодня только так оплата прошла,0
"Я писала объяснительную в Сбер именно по поводу ИП, реквизиты которого отсканировала",0
Предполагаю проверку компании по 115ФЗ. Так обычно докапываются до переводов именно по этой причине. «Сомнительная операция из Санкт-Петербурга в Уфу на ИП…» такая формулировка от банка.,0
А наш это какой?,0
"Добрый вечер! Может, кто то разбирался с таким вопросом: я на лтироксине(гипотериоз), он строго натощак принимается. И хочу ещё 2 пептида в капсулах пить. Как быть? С 4 утра поочерёдно? Или натощак- это без еды, а капсулы рядом по времени можно?",0
"Угу, мне вообще сказали, что это не проблема с моей стороны, а проблема с получателем, он блокирует🙈а до этого что я нахожусь возможно под психологическим воздействие сторонних лиц , и мне стоит посоветоваться с близкими и принять окончательное решение...🤡😂",0
"По правилам чата мы обсуждает только пептиды и молекулы производителя

Поэтому формулировка так и останется «не наш»",0
"Добрый вечер. Скажите пожалуйста, кто-нибудь ходил на процедуры миостимуляции мышц токами при похудении?",0
Или может lpg массажи подключал к программе похудения на пептидах?,0
А Вы в чате какого пишите?,0
"Иди тяфкай в другом месте ,или купи рт 2228",0
"Мне тоже сбербанк не дал оплатить со следующей формулировкой:
""Мы заблокировали платёж на 24 часа для защиты от возможного мошенничества. Если вас вынуждают совершить операцию, или вы перешли по неизвестной ссылке, убедитесь, что это не обман. Если всё в порядке, платёж можно повторить через сутки.""",0
"+7 (961) ®
ы ©: был(а) недавно <.

Добавить т в контакты

моТ$5-С (10мг)

#00 (Ооотзывов
Объем
2619р 27002 3%

Купить в 1 клик

Жду ответа уже 4

19:16",0
"Вы скажите сколько ожидать по времени приём заказа.?
Для понимания .
В 10;утра заказ был.",0
"Это разные процедуры. Мышцы сжигают жир. Лпг гоняет лимфу, действует на кожу. Берите, и то, и то, если бюджет позволяет.",0
"Уважаемые пептидоголики, поясните, если колется aod, то надо в прицельные места именно? Где хотелось бы прицельно похудеть?",0
Это они чушь несут,0
Добрый вечер подскажите как принимать cjc 1295 c семамаслим,0
Подскажите связку для ускоренного восстановления мышц и энергии чтоб была.,0
"Добрый вечер, подскажите курс для набора мышечной массы.",1
"То же самое было. Я плюнул, и с карты другого банка оплатил.",0
К сожалению банки блокируют оплату именно с этого приложения которое предлагает сайт !,0
Ipamorelin (5мг) когда ожидается?,0
"Видимо ещё от суммы блокировка зависит!  мне сбер тоже предложил одуматься и подумать, и я тормазнкла. А уже потом, со второго захода подтвердила операцию, и всё номально, пептид уже у меня )",0
"Подскажите,когда в наличии будет тирзепатид 30 мг/3 мл?",0
"Доброе утро 🌞
Подскажите, пожалуйста, как формируется оплата доставки?  Я просто не могу разобраться, у меня то заказ оплачен в сдэк, то оплачиваю при получении.
Например последние два заказа ожидаю, заказывала и оплачивала на сайте, один оплачен, другой нет.
Может в таком случае, когда оплатила заказ на сайте, доставку я должна оплатить, а девочки ошиблись не в свою пользу.
07:44 № 2 ТЕ 8)
‹ №10244022758 <

Отправлен в
е сортировочны 23.03.2026
й центр

Прибыл в
е сортировочны 23.03.2026
й центр

1 Отправлено в 23.03.2026
г. Самара

Самара

Отправлено в
е Г.Ростов-на- 24.03.2026
Дону

® Готов к выдаче

Вручён

® ул. Комитетская, 116

@ Оплачено

Реклама",0
"07:44 № 2 ТЕ 8)
‹ №10244022758 <

Отправлен в
е сортировочны 23.03.2026
й центр

Прибыл в
е сортировочны 23.03.2026
й центр

1 Отправлено в 23.03.2026
г. Самара

Самара

Отправлено в
е Г.Ростов-на- 24.03.2026
Дону

® Готов к выдаче

Вручён

® ул. Комитетская, 116

@ Оплачено

Реклама",0
"<

@

№ 10242931498 <

Самара

Отправлено в

г. Ростов-на- 22.03.2026
Дону

Ростов-на-Дону

Прибыл в
сортировочны 23.03.2026
й центр

Отправлено в
Г. 24.03.2026
Новочеркасск

Готов к выдаче

Вручён

® ул. Комитетская, 116

К оплате

370,00 Р

[5 онаае зауа",0
"Вообще при оплате сразу доставка стоимость включается в накладную, у меня так, а когда забираю с постоплатой то плачу в сдэке заказа+дост+наложка. Я тоже и так и так заказываю.",0
Посмотрите накладную,0
Напишите боту - @elixirpeptidebot,0
"Актуальных сроков пока нет, подпишитесь на товар на сайте, чтобы не пропустить поступление, так же следите за новостями",0
"Здравствуйте!
А по тимозин альфа не появилась информация, когда будет в наличии?",0
Согласно рекомендаций - да,0
"Растворялась бак водой, в 3 мл, сильной струёй, дополнительно в пробку вставляла иголку(для воздуха), на воде были хлопья",0
"Нет, актуальную информацию дать не можем, следите за анонсами и подписывайтесь на товар на сайте",0
Доброе утро. Попросите менеджера обратить внимание на мои сообщения. Заказ отправили не по тому адресу,0
"Да у меня нет накладной, я сразу на сайте оплатила, сразу трек номер и потом на сдэке уже следила за отправкой",0
добрый день! написали вам в ЛС,0
"Только тирзепатид  длительно колю по 0,5",0
Планирую дозу увеличить,0
Не туда написали),0
"Ну получите и там будет накладная в заказе в пакете, там и разберетесь верно все нет и если ошибка напишите менеджерам.",1
Доброе утро. Вчера сделала заказ. Прошу менеджера связаться со мной для оплаты заказа,0
"Здравствуйте. Вчера оформила заказ. Сегодня не могу зайти в личный кабинет из за того, что не получается восстановить пароль. Я не оплачивала, не знаю как сразу оплатить, выбрала через менеджера. Могу я зарегистрировать другую учётную запись и перезаказать?",0
"Доброе утро
Со всеми свяжутся в порядке очереди",0
"Подождите сообщение менеджера, объясните ему суть проблемы, направит к нужному специалисту, новую учетную запись регистрировать не нужно",0
Со вчерашнего дня не могу оформить заказ. Выкидывает при оформлении. Как связаться напрямую с кем-нибудь для заказа?,0
Попробуйте написать в тех поддержку - https://t.me/techelixirpeptide,0
"Здравствуйте,спасибо за пептиды все получила ❤️",0
"В виале ARA 290 8 мг,
по 4 мг на одну инъекцию - на два дня.
Растворять в данном случае желательно в аптечной воде для инъекций.
Вы предлагаете растворять в 3 мл, это очень много, иначе придётся вводить по 1,5 мл..
При инъекциях в пжк рекомендуется не более
1 мл на один вкол.
Развожу виалу в 1 мл воды, и обе инъекции по 0,5 мл.
Сильной струëй - вы правы, растворяется мгновенно.
До растворения виалу с ARA290  и воду держу для хорошего прогрева после холодильника не менее 2 часов. Никогда не бывает хлопьев.
Остаток на второй день храню при комнатной t , в холодильнике раствор желируется.",0
"Здравствуйте, сделала заказ от 20 марта  НФНф-008590
Заказ оплатила на сумму 8 279.
Заказывала тирзеслим 15мг, прислали 5 мг, в накладной заказ на 6295.
Как быть?",0
☝,0
Но если погреть разжижается?,0
"14:14 © НИИ 89

о°

Текущие заказы Личные данные Истори:

< Мой заказ №20-6С376,
создан 20.03.2026

Заказ №20-6С376 от
20.03.2026, 3 товара на
сумму 8 279.92 Р

Ф.И.о.:
Жанна Смирнова

Текущий статус, от 24.03.2026:
Выполнен

Сумма:
8 279.92 Р

Подробнее \/

г) Повторить заказ

[@ а Я Ф <

Главная Каталог Корзина Избранное Жанна

4 © в",0
"от 20 марта 2026 г.

+7(985)957-05-87

мма
2190,00] 6570 2 124,30
Итого: 6 295,40
В том числе НДС: 285,00 %ь
Скидка: 185,10 —
ке",0
В накладной 5,0
Но заказывала и оплатила я за 15,0
менеджер написал вам в ЛС,0
"Не могу знать - не возникала ситуация, чтобы греть.",0
"Как я не стараюсь , заказ сделать не могу . Как можно сделать это без не работающих ботов",0
https://t.me/techelixirpeptide - пишите тех.специалисту,0
"Сейчас ставлю ара 290. Развожу водой для инъекций. Храню вторую дозу в холодильнике. На первом курсе хранила пр комнатной температуре, разницы сейчас не увидела.",0
"Неделю назад закончила второй месячный курс ARA .
Косметический холодильник настроен на
5°, снова пробовала эксперементировать. Хранить в хол- ке без защиты и в термофутляре, всё равно желироаалось.
При инъекции последние 0,1 мл остановились у иглы, выдавила на стол - гель.
Возможно нужна мах t+8°
для хранения пептидов.
Если понадобится следующий курс, попробую.",0
"Как понять нет актуальных сроков?чат называется:""вопросы к производителю""😁
Где еще спросить,если не здесь
Мне нужно понимать,что делать через неделю,искать где нибудь ручку или успеет прийти от вас",0
Кто колол Глоу 70? Виала на 25 дней?,0
Я 20 дней колол,0
Кто еще может подсказать сколько дней кололи 1 виалу глоу 70?,0
20 дней,0
"Я колола 25 дней. По 2мг меди в день и по 500 тб, бпс выходит.",0
Кто знает -как давно Тимозина альфа1 нет в наличии?,0
"Ну уж такие даты наверное точно мало кому нужно запоминать, в основном всех интересует когда будет в наличии...",0
"Добрый день, когда примерно появится Ipamorelin?",0
"Мне сдэком пришло за 3 дня, вчера забрала, хотя сроки ставили до 30 марта",0
"Вы в сдэке на сайте проверили? Я уже получила, а в заказах на сайте всё ещё висит.",0
100 мг тирзепатида кончилось?,0
Подскажите пожалуйста когда будет спрей меланотан 2 и спрей  ипоморелин ?,0
Я колола по 3 мг - 23 дня,0
Есть - https://elixirpeptide.ru/catalog/snizhenie_vesa_i_zhiroszhigateli/tirzeslim/,0
"Спасибо! Вчера не было, сбой наверное на сайте.",0
"Сейчас посмотрела, нет в наличии 100мг,у меня на сайте по крайней мере",0
"Я тоже проверила, у меня все есть)))",0
Интересно... Разные сайты что ли),0
"Пептиды для похудения -

ейхирериае.ги/саа!

19 890 Р

ТихезИит (100мг)
Объем

5мМг 10мг

Наличие картриджа

х

№ са

о а \Ю®о >

Главная Каталог Корзина Избранное Ольга",0
Попробуйте кеш браузера почистить или через другой браузер зайдите,0
"В наличии как будто есть, а в корзину положить не дает.",0
"Добрый день. Подскажите пожалуйста, есть ли Тирзеслим 100?, не дает заказать на сайте.",0
"И тоже со спреем Семакс, на сайте есть, а в корзину не дает добавить.",0
"Обновила, всё равно показывает, что нет в наличии",0
А сейчас?,0
"Добавляйте, поправили",0
Почему-то не открывается сайт…,0
"Теперь всё отлично, есть в наличии. Спасибо)",0
"Сайт снова ""лежит""? Не открывается совсем",0
Сейчас тоже не открывается?,0
На сайт ни с какого браузера зайти не получается,0
Добрый день. Просьба к админам группы: Везера сделал заказ хотел попросить ускорить отправку. Менеджер не отвечает,0
Уважаемые клиенты! В настоящий  момент на сайте проводятся  технические работы. В ближайшее время все будет работать🙏🏻,0
Добрый день! С вами связался менеджер 🙏🏻,0
А сайт сейчас работает? Не могу открыть,0
"https://t.me/peptide_rus/1/166404
пока нет",0
Через VPN зайдет,0
Не получается,0
У меня заходит нормально,0
"У меня такое
12:57 эй $ @›

10

ейхтрериае.ги ©

® Это подключение не
защищено

Этот сайт может имитировать

ейхтрериае.ги с целью кражи Вашей

личной или финансовой информации.
Закройте эту страницу.

Подробнее Закрыть страницу",0
И как зайти?,0
У меня тоже нормально заходит,0
Через VPN,0
"12:58 ио2 аи ии

хн| ейхирерНае.ги :

й

Невозможно установить
безопасное соединение

Возможно, злоумышленники пытаются похитить
вашу информацию с сайта ейхирерНче.ги,
например пароли, сообщения и данные
кредитных карт. Подробнее об этом
предупреждении...

песЕВВ_СЕКТ_АУТНОНТУ ИМУАНО

Подробности у

Технология активной защиты РГоЖес®

<)

о 8% ©",0
"У меня вот так, не заходит на сайт",0
"ейхтрернае.ги

+ ?ЕНхиРернае
24 чдонлук

и В КАЖДОЙ КАПЛЕ

ЕНж Рер#@е - эталонные пептиды!
зертифицированное производство и гарантия качества.

\окупайте пептиды по
ыгодным ценам на

В сиязм с высоким спросом, возможно попадание в очередь

Оставить заявку

Доставка
Быстрая и правильная доставка

АпЯ-аде терапия, омоложение Мужское и ›

| ет У ф >

Главная Каталог Корзина Избранное Войти

о & п ®@®",0
И у меня,0
Четко,0
Да уж,0
Без VPN,0
Прокси норм рабочее ?,0
Хз 😅,0
Через прокси сидишь ? Или VPN,0
Впн,0
Щас в лс скину,0
VPN можете выбросить,0
"Здравствуйте! 19 марта оплатила заказ, ему присвоили номер,но до сих пор заказ не отправлен. На звонки м сообщения не отвечают,  заказала обратный звонок- тишина.",0
"Вам ответил менеджер ,что ваш заказ в пункте выдачи )",0
"Добрый день! Можно как то связаться и оформить заказ? С 10 утра не получается оплатить по qr коду, теперь войти на сайт - менеджер не связался",0
"Добрый день. Можно, пожалуйста, еще раз попросить менеджера прочитать ЛС по поводу заказа?",0
"Ваш заказ №25-O1B54 успешно оформлен
Номер вашей оплаты: №25-O1B54/1",1
"14:04 48, =

и @0
< № 10205484190 5

2

Мой заказ

[^ Отправитель ещё не
передал заказ в СДЭК

© Пункт СОЕК
ул. Еременко, 896, оф.оф 11
Сегодня с 09:00 до 20:00

Показать Связаться
детали снами
Данные заказа >

Статусы доставки

@ Создан 24.12.2025

Отправитель ещё не передал заказ
для доставки в СДЭК. Подробную
информацию вы можете уточнить у
отправителя",0
В приложении СДЕК нет моего заказа. Он ещё не доставлен отправителем в пункт.,0
Зайдите в личные сообщения,0
"Не открывается сайт ни в одном браузере. Пишет: ""Проблема конфиденциальности"" или ""Ваше подключение не является закрытым""",0
"Попробуйте еще раз, сейчас должно работать как нужно",0
"Нет, не открывается. Пишет: ""Сайт не поддерживает безопасное подключение""",0
Ура. Загрузился!!!,0
"Спасибо всем причастным 🤝 🫶🫰
ЕИхигРернаь

НАУКИ в КАЖДО",0
Там дата заказа декабрь 25,0
Не работае со вчера бот,0
"Второй день такая история
23:08 № ""
Ех"" Рерчае
‹® г =

полилестьх ввудимки о вещества па 1
щелчок: (10.00мг - 3.00мл) - 0.01мл =
0.0333мг

ИТОГО КОЛИЧЕСТВО ЩЕЛЧКОВ: 1.50мг -
0.0333мг = 45.00 22:18

Назад в главное меню

Анжелика Плотникова @Йка_р!опЖо\а_пем
Кандидоз кишечника

озНосйКа ма Ча 23:08

Назад в главное меню

Временная ошибка сервиса. Попробуйте

ещё раз через 1-2 минуты. 23:08

=] @ Сообщение © о,
| Тре т

9 ВО ЕВ ВЕ ПАОО ОВ ВАА ООО ВОВ 68

А 59 ВЯ ПЕЙ ВС ВЕ 9 ВКО ВЕ
№ дХхХСУВвВмММ =

122 ®@ , <",0
Только калькулятор работает,0
"21:12 ©, © 3.1! @

< [#2 Ех Рерй4е
бот

Бот, привет

Наташа
Бот, привет

Привет, Наташа! Ретатрутид
доступен у меня на сайте

— вот страница товара:

БЕ рз://ейхгрерНае.ги/са{ао9
/летагинае? ргодис""=22

Как купить (коротко):

- Перейдите по ссылке,
выберите количество и
добавьте в корзину.

- Оформите доставку и оплату
через стандартную форму на
сайте (если нужно — я помогу
шаг за шагом).

- После оплаты получите
трек и инструкции по
хранению/разведению — при
необходимости подготовлю
пошаговую инструкцию.

Важно по безопасности:
ретатрутид — мощный
препарат, требует врачебного
наблюдения (контроль Е ЕТ,

Сообщ.. @

побочных эффектов. миоту",0
У меня работает..Попробуйте несколько  раз обратиться,0
Здравствуйте когда будет семаслим 2 мг ?,0
Здравствуйте. Никто не ответил на вопрос. Скидки так и нет,0
"Здравствуйте. Можно у менеджеров по заказам узнать.
Я через них меняла % скидки в лк",0
Вся доступная информация по ближайшим поставкам в ветке «Анонсы»,0
📹 Выйду ночью в кухню с котом....😁,0
Я агрегатором прокси пользуюсь..👇,0
"https://t.me/velvet_vpn_bot?start=c6Z85jvI - жми эту ссылку

Рекомендую тебе этот умный прокси - VPN, с которым у меня доступно и работает всё (уж как три месяца), переходи по ссылке 👇
После того как  зайдешь по  ссылке, нужно будет использовать команду- /start или нажать на кнопку там в меню - ""Получить подписку"".",0
"📱 Индивидуальная подписка
 • 1 месяц – всего 195 руб
 • 3 месяца – 495 руб
 • 6 месяцев – 845 руб
 • 12 месяцев – 1495 руб

Подключайте сразу до 2 телефонов, планшет, ПК и Android TV — удобно и выгодно для личного пользования!

👨‍👩‍👧‍👦 Семейная подписка
 • 1 месяц – 395 руб
 • 3 месяца – 1025 руб
 • 6 месяцев – 1725 руб
 • 12 месяцев – 3095 руб

Для всей семьи: до 5 телефонов, 2 планшета, 2 ПК и 2 Android TV.",0
Я взял на год. Грузится всё и везде,0
По ценам было вот так в январе 👆👆👆,0
Да третий день подряд пробую 🤦🏼‍♀️😓,0
"Ни на буке на на телефоне не работает
11:43 № = ЦЕ 8)
< Назад Ее че (2)

> ть ох
| препаратов во времени. При необходимости бот
| подскажет, где оформить заказ и как

| воспользоваться Теедгат-магазином.

И ы

<) ЕйхиРерчае приветствует Вас,
Анжелика Плотникова
_ @ИКа_рюКома_пеми

| Здесь Вы можете:

— Пообщаться с нашим ИИ-профессором и
получить совет,

— Сделать точные расчёты и строить
графики содержания препарата в крови в
‘удобном калькуляторе,

— Купить нужные препараты в нашем
Теедгат-магазине,

Выберите нужный инструмент кнопками
ниже \

ИИ Ассистенты “% Калькуляторы

Открыть магазин

НЫ оферта Данные ИП ®

кандидоз. кишечника +142
ваши ———

Временная ошибка сервиса. Попробуйте
ещё раз через 1-2 минуты. На

Сообщение",0
"Те!едгат ® Анжелика Плотникова

ЕЙхи РерЧае
© = бот Ц

эдесь Бы можете:
— Пообщаться с нашим ИИ-профессором и

получить совет,
— Сделать точные расчёты и строить графики
содержания препарата в крови в удобном
калькуляторе,

— Купить нужные препараты в нашем
Те!едгат-магазине,

Выберите нужный инструмент кнопками ниже

5 ИИ Ассистенты “> Х Калькуляторы -

``; Открыть магазин

®; Оферта Данные ИП &

Анжелика Плотникова @ПКа_р!о{пКо\...
кандидоз. кишечника

ЕНхи РерНае
Временная ошибка сервиса. Попробуйте ещё
раз через 1-2 минуты.",0
"Тоже АРА колола , прошла первый курс, препарат  был в холодильнике, ничего не желировалось.. Может чуть выше температура в холодильнике",0
Сейчас разберемся,0
"Начиная с 17 марта.
8:41 & -

ЕНхи Рернае
‹ ©:

 стартом‘куоса?

| Времанняя ошибка

_ сервиса. Попробуйте
ещё раз через 1-2

| минуты.

23 марта

| Временная ошибка
сервиса. Попробуйте

ещё раз через 1-2
минуты.

26 марта

Временная ошибка —
сервиса. Попробуйте —
ещё раз через 1-2
минуты.",0
"Видимо в ""не простом""👀 слишком холодно для Arochki😁",0
Тоже на карандаше у тех. спец-та,0
"Попробуйте еще раз, напишите получилось или нет",0
"Добрый день. Прошу ответить по заказу 25-D61L2, заказ оплачен. Менеждеру написала, не отвечает. Хочется обратной связи.",0
"Здравствуйте а сайт для заказов не работает? Или у меня только такая проблема,не могу зайти,чтоб сделать заказ🤷‍♀️",0
"Получилось
Благодарю",0
У вас тоже сейчас должно работать,0
"Почистить кэш браузера, или зайти с другого браузера пробовали?",0
"Нет не пробовала,только по ссылке здесь переходила",0
напишите кнопку /start и отправьте боту,0
Вы ИИ ассистента выбрали?,0
"Написав команду, бот заработал. Спасибо.",0
А где сейчас бак воду брать? 🤔 Менеджер сообщила что ее нет,0
"Бывают на маркетплейсах, или есть аптечная вода для инъекций",0
"Все, норм. Переполошилась. Завтра придет",0
"Это, наверное, в бот нужно написать)",0
"Анастасия, @elixirpeptidebot",0
"Такой же вопрос волновал)))

То есть завтра на сайте появится возможность ее заказать, правильно поняла?)",0
Добрый день! С вами связался менеджер,0
"Про сайт не могу сказать. Мой заказ у менеджера, и она сказала завтра будет.",0
здравствуйте. Я случайно отменила заказ. Оплатила его. Как у вас возвращаются деньги и как быстро?,0
"или может возможно его восстановить, если он у меня оплачен. Платила через QR КОД НА САЙТЕ",0
"Сейчас менеджер напишет, сообщите ему номер заказа",0
"Добрый день, с вами связался менеджер в ЛС",0
Бак вода будет в понедельник,0
"Здравствуйте! Сделала заказ на сайте, N 25-027G0, оплатила по qr коду, но в личном кабинете он в статусе не оплачено.",0
"Обновление статусов заказа сбоит, не всегда происходит своевременно, понаблюдайте в течение времени должно отобразиться верно",0
"Заказал ручку и картридж реты 15мг 3мл, подскажите сколько делений на ручке крутить, чтоб 1мг ставить?
И где посмотреть как этот картридж устанавливается",0
"1 мг это пятнадцатая часть, значит от 3 мл это 0,2 мл.
Один щелчок 0,01 мл, ваша доза в 1 мг будет в 20 щелчках.",0
"https://rutube.ru/video/1988c8c091a1e0a0f8b82aa99a5c314c/?r=wm
Видео инструкция на шприц ручку.
Есть короткий момент как вставлять картридж, в видео его называют флакон.",0
"Здравствуйте, я сделала щаказ через бота, на сайте зарегистрироваться не могу, как мне узнать принят мой заказ или нет?",0
"Здравствуйте, я сделала заказ через бота, на сайте зарегистрироваться не могу, как мне узнать принят мой заказ или нет?",0
Здравствуйте а будет ли пептид DSIP в инъекции?,0
с вами свяжется менеджер,0
"Здравствуйте. Подскажите, когда Семакс ждать?",0
"🚀 Соцсети официально захвачены нами!

Теперь мы практически на всех площадках и вы можете следить за нашим контентом:

✔️ Instagram   (запрещенная на территории РФ соцсеть)

✔️ TikTok

✔️ YouTube

✔️ ВКонтакте

Выбирайте любую удобную соцсеть и подписывайтесь! Будет интересно💙
ЕйхигРернае

ЧУДО НАУКИ В КАЖДОЙ КАПЛЕ",0
"Здравствуйте, когда будет  Matrixyl",0
Завтра должен быть,0
"Добрый вечер. Подскажите с пожалуйста: спрей адамакс разведен бак.водой? Если сильно печет, есть ли возможность его заказать в лиофилизате? И если развести самостоятельно коллоидным серебром, сколько тогда он будет храниться? И можно ли так впринципе",0
"Адамакса в виде лиофилизата нет. Спрее разводятся не бак водой, там какой-то специальный состав консерванта.",0
"Добрый вечер.
А когда бак.вода появится в продаже?",0
"Добрый день. Сегодня оплатила ретатрутид, средства сняли, а в ЛК стоит статус не оплачено",0
"Писали, что в понедельник",0
"Смотрите (лучше) в приложении сдам. Там, возможно, появилось уже.",0
Как связаться с менеджерами,0
На сайте телефон см.,0
"неа, в том то и дело, нигде не отсвечивает, поэтому и тревожусь. Ладно подожду до завтра",0
"Здравствуйте .

А вы сможете  перед покупкой предоставить мне:
Сертификат анализа (COA) именно на эту партию:
однозначное указание «Ipamorelin», CAS 170851-70-4;
чистота по HPLC (желательно ≥99%);
результаты LC‑MS (совпадение молекулярной массы с теоретической);
дата анализа, номер партии, подпись лаборатории/химика.
Указание метода анализа: HPLC + MS (а не просто «тонкослойка» или ничего).
Документ/упоминание о GMP/ISO у производителя (название завода, страна).",0
"Тут писали что могут написать в ЛС, у меня вопрос по моему заказу, я не вижу его на сайте пишет что его нет",0
"В аптечке на аспирин вам это дают, не отказывают, Владимир?",0
"Ты кто вообще?
Вопрос к сотрудникам данного магазина.",0
Какую-то шляпу пишешь,0
Нет. А вам зачем?,0
"Дайте пожалуйста контакт менеджера, с которым можно пообщаться по заказу оплаченному",0
Контакты на сайте,0
"Написала на почту, не отвечают, не пришло никакого письма о подтверждении заказа, зайти в кабинет также не могу",0
"Все что мы вам можем предоставить есть на сайте. Собирать для вас подписи лаборантов я не буду. И уж тем более давать вам название завода производителя. Если вам этого недостаточно, то поищите подобное в другом месте. Правда я не уверен что найдете, но вы попробуйте. 😀",0
Тут так общаться не принято.,0
Шляпу всякую людям писать вот что непринято.,0
"Для меня подписи?
Вы о чем.
Вы там вменяемые?

На партию имеется ввиду.
Деньги отдавать надо знать за что.
А не прикалываться в ответ с  детскими ответами",0
"Наверное поищу в другом месте да.
Всего хорошего",0
Можно разводить Ретаслим водой для инъекций?,0
Если используете за 21 день,0
Хранить в холодильнике разведеный препарат?,0
"Если использовать инсулиновый шприц, то часть препарата остаётся в игле. Верно?
Как быть в этой ситуации?",0
Что значит зачем? А зачем люди покупают пептиды?,0
Купить шприцы с интегрированной иглой или не обращать на это внимание…,0
10 мг ретаслима в каком объёме воды лучше разводить?,0
"В любом удобном, максимально в виалу влезет 3,6 мл.",0
"Т.е насколько концентрированый раствор не имеет значения?
Главное ввести нужную",0
"Верно, кому как удобно.",0
Спасибо за ответы,0
Люди покупают их чтобы они получали о них пользу очевидно. Поэтому и спросил вас. Так как при данном способе его использования пользы меньше чем назально.,0
Здравствуйте не могу найти информацию эпиталон сколько по времени длится курс?,0
"Здравствуйте,  когда будет бактериостатическая вода в продаже ?",0
Вся доступная информация по обновлениям в ветке «Анонсы»,0
"Здравствуйте, тирза 100мг ожидается в ближайшее время? Оформляю заказ и понимаю, что 30мг в большом количестве мне будет не выгодно. Думаю пока сколько взять чтобы переждать",0
Профукала последнее поступления(,0
"Не получается найти свой город,
11:37 № и! Е

Регион доставки

Местоположение *

Другое д

Выберите свой город в списке. Если вы не нашли свой город,
выберите ""другое местоположение"", а город впишите в поле
""Город""

Доставка
333Р
СДЭК (ПВЗ)

Срок доставки: 4 дня

изменить

Оплата

АА ицеНес+
топеу

Система еНес{Мопеу ®

о са \<® % >

Главная Каталог Корзина Избранное Даяна

ейхтрерНае.ги

Г А РЕ _",0
"Здравствуйте. Сейчас оплата по куар с сайта, получатель ГЛОБИЗ? Все верно?",0
"Добрый день. Вчера оплатила на сайте, через глобиз, но заказ в лк висит как не оплаченный",0
"Статусы не обновляются во время, ожидайте сообщения от менеджера",0
в течение какого времени подскажите пожта?,0
"В порядке очереди обработки заказов, обычно в течение дня",0
Здравствуйте а есть Тирзапатид 100мг?,0
"С фрагом помню тело прям резиновое было, качество супер",0
В зависимости от дозировок. 60-100мг на курс,0
В понедельник,0
В ближайшее время нет,0
"Доброго дня!
Планируется ли поступление Матриксила в ближайший месяц?",0
здравствуйте. Когда в наличие вернётся бактерицидная вода?,0
"хочу сделать заказ, но без бактерецидной воды не могу, есть какие-то примерные даты когда она вернётся в наличие?",0
сотрудничаете с какими-либо блогерами?,0
можете подсказать какие,0
Расказать с какими блогерами?,0
А не подскажите дозировки рекамендуемые эпиталона? Нет никакой информации,0
да,0
Почему вы считаете что я буду вам рассказывать через какие каналы мы проводим свой маркетинг?,0
Посмотрите в соответствующем разделе или путеводителе,0
"больше суток прошло, имеет смысл писать в техподдержку?",0
"Здравствуйте, сделал быстрый заказ на сайте, вчера связался менеджер, показал накладную и ссылку на оплату. Я оплатил, выслал чек и человек пропал с радаров, уже больше суток в чате не отвечают. Подскажи, всё ли ок? А то сомневаюсь уже, менеджер ли это был)",0
Менеджер напишет в течение 5 минут,0
"Спасибо, связались",0
Со мной связались. Все хорошо. Буду ждать новую посылочку 📦.,0
Здравствуйте. Сделала заказ 24.03 через бота. Счёт не прислали до сих пор. Последнее сообщение прочитали от меня и тишина.,0
Здравствуйте! Подскажите пожалуйста где взять номер заказа (где его посмотреть) для того чтобы подтвердить Профессора?,0
АОD,0
"Поиском по чату пользуюсь, но мой айфон не открывает нужное сообщение (( в списке я его вижу от 26.12. но открыть не дает((( уж не знаю почему 🤷🏻‍♀️",0
"Здравствуйте, пусть менеджер свяжется со мной. Сделала и оплатила заказ в прошлую пятницу и до сих он не был передан в сдек.
21:024 #111 $ ©

-ОЕК

Создан 22.03.2026
Отправитель ещё не передал заказ для доставки
в СДЭК. Подробную информацию вы можете
уточнить у отправителя

В пути

Готов к выдаче

Вручён",0
Я тоже боялась. Вышли на связь и даже смогла зарегистрироваться на сайте,0
"Подскажите,если куплен эпиталон осенью и еще остался курс,его в холодильнике держать сколько можно?",0
Я сложила в морозилку,0
Два года можно в морозилке хранить,0
В морозилку положите и 2 года храните))),0
А сейчас за 5 месяцев не испортился ?,0
Вне морозилке 6 месяцев срок хранения,0
В сухом ведь виде тоже?,0
"Добрый день!
Подскажите пожалуйста, обнаружила у вас новинку-Орфорглипрон. Написано, что этот не пептид, а малая молекула которая воздействует на рецепторы GLP1. Подскажите, на нём можно делать перерывы от инъекционных препаратов, для поддержания эффекта, я правильно понимаю?",0
Да. Можете попробовать,0
"блин ребят вам в срочном порядке надо что-то делать сайтом, я пытаюсь заказать уже 30 минут",0
30 минут я просто пытаюсь сделать чертову заявку,0
да бля ну я просто не могу сделать заказ,0
как такое возможно в 2026,0
этот сайт лагучиц как будто я в пещере какой то сижу и пытаюсь оформить заказ,0
"капча не проходится, на сайте регнуться в аккаунт не могу",0
👌🏻💯💯💯💯,0
"КАК ТАКОЕ ВОЗМОЖНО
Я не робот

Нажмите, чтобы продолжить

этаиСарусНа Бу Уапаех Сюца ©)

Не удалось провести проверку САРТСНА

{@ я даю согласие на обработку персональных данных в
соответствии с Политикой конфиденциальности

{2 я принимаю условия Публичной оферты

@ м
\ ]
_ в

[1 д

Главная Каталог Корзина Избранное Войти",0
"Аня, ну скиньте мне пожалуйста тоже табличку 🙏😍",0
"да у меня там не табличка, там файл эксель со страницами, статистикой по весу и всякому прочему, за год, наверное, точно ... там чёрт ногу сломит :)
ну если надо, мне не жалко, скину )))",0
У меня такое три дня было. Я новый пользователь,0
"Добрый день! подскажите как развести флакон  ГЛоу 40, что бы колоть 2 мг в день? заранее спасибо",0
"Добавьте 2 мл бакводы и колите по 0,1 мл, это будет 2 мг",0
"Огромное спасибо, пжлт подскажите я правильно посчитала что на 3 нед не хватит одного флакона? Получается мне надо 2.1 мл итого на курс?",0
"Хватит на 20 дней, 1 флакона хватит",0
"Да, спасибо))) уже работаю над ней 😎",0
"«Отдых рецепторов» на GLP-1 —это миф.

Эффект снижается не из-за «забитых рецепторов»,
а из-за адаптации организма и изменения дефицита.",0
"Ну, вопрос остаëтся спорным даже среди учëных. Но если это так, то и отлично)",0
"А адаптация происходит разве не из-за ""забитых рецепторов""?",0
"Как Вам, персонаж? 🧐",0
нету никаких споров по этому вопросу,0
а чем забиваются рецепторы?,0
"Ну, ""забиваются""-это же образное выражение. Имеется ввиду,что рецепторы вырабатывают толерантность к синтетическому пептиду. Ведь это же не полный аналог
 "" родному"" веществу организма, а синтезированный и докрученный на продолжительное действие в организме.",0
"Я отменяла глутид на лето, в прошлом году. Начала по-новой осенью, минимальная доза сработала, конечно. Но только один раз. Потом пришлось все равно повышать до той, на которой остановилась до отмены.",0
"обсуждали здесь, со ссылками на науку)
не только споров нет, но и исследования, опровергающие забитость, толерантность и все пр есть.
аналог не полный, антитела дает - это все да
но эффективность от этого не страдает, перерывы и отдыхи не имеют смысла.
А вот последствия, как правило негативные, имеют

https://t.me/peptide_rus/27778/73879",0
"Это конечно радует, но что делать когда дойдëшь до максимальной дозы? Вроде и работаю над отношением к еде, но что-то как-то плохо пока получается... Еда бысто побеждает, без любимых глутидов. Хотя в жор вроде не срываюсь, на перерывах калории считаю( ""на глаз""-себе не верю). Ощущение, что организм каждую калорию на 2 умножает, зараза....
В любом случае только и остаëтся, что скакать с препарата на препарат, хорошо, что есть где поскакать)",0
"а это как так?
всё-таки считаете или ""на глаз"" ?",0
"Я морально готова сидеть на них пожизненно. По деньгам прожирется на всякую пищевую фигню не меньше, чем на препараты, так что и финансово я тоже готова пожизненно за это платить... Вопрос в том, что делать когда дойдëшь до максимальной дозы.... И как поддерживать вес по достижению желаемого результата? Просто колоть минималку, чтобы этот пищевой шум в голове снимать?",0
"Считаю через приложение, именно потому, что ""на глаз"" себе не верю.",0
"А никто готового рецепта не даст.
Не такой большой опыт по удержанию. С момента массового использования препаратов (как появился российский семаглутид) всего 2 года прошло.
Поэтому сидим и скачем - и по препаратам и по дозам.",0
Можно ли в один шприц набирать bpc 157 и mots c?,0
"Нет, конечно",0
"Думала на водной основе оба препарата, почему нет?",0
"добавлять второй препарат, направленный на другие рецепторы, например, если максимальная доза достигнута, а цель - нет
оставлять минимальные дозы на поддержании, позволяющие держать себя в рамках.
Таки пытаться добавить движение, особенно при длительных перспективах любых доз
А больше ничего пока и не придумали
Но вот прекращать ради какой-то очистки - точно нет.
Прекращать можно, чтобы попробовать дальше самостоятельно, в случае побочек, но просто использовать интермиттирующими курсами  - это не про глутиды. По крайней мере, пока.",0
"Интермиттирующими-это как?
Извините, новый для меня термин, не знаю что это такое(",0
прерывистый прием (чередование краткосрочных периодов приема и неприема) - не про глутиды,0
"Да, с движением согласна полностью. У меня, слава Богу, и работ не сидячая-мебельный Малер. Но видно, этого мало уже...",0
"Не очень понятно, какие  «учёные»

Если смотреть на реальные рекомендации и литературу по GLP-1:
— минимальный срок оценки эффективности — от 3 месяцев
— дозы при необходимости повышаются (вплоть до высоких терапевтических)
— допускается длительное, в том числе многолетнее применение

👉 концепции «обязательного отдыха рецепторов» там нет



Поэтому это больше упрощённая интерпретация из интернета,
а не позиция из клинических рекомендаций",0
И это прекрасно) Спасибо за информацию! ❤,0
с вами связались,0
они не хотят просто деньги получать,0
"Вы в ""Вопросы производителю... сообщите.",0
"Нужно правильно  сойти с пептида ,врачи знают как
А потом подкалыаать раз в две недели ,или через месяц .месяц прошел второй раз в две недели .
У меня дочь так делает.",0
"хочу заказать преп, капчу не проходит, вчера ночью пытался час заказать продукт, пробывал с 3 телефонов и компа",0
"щас вообще такое
ейхтреридети

""Ыих:зучте зБочу_пеззаае' 3 пог а сотропеп",0
Добрый день! С вами свяжется менеджер,0
"Это не обязательно. Каждый делает так, как ему удобно. Я отменяла разом и все нормально",0
"На всех браузерах выдаёт при входе на сайт
Ошибка нарушения кон

- работа и дела [вы Георг Г приборы [Г разное

ГЫ рецепты [в америка заказы [9 Работа Г

Подключение не защищено

цию с сайта

дитных карт. Подробнее

Вернуться к

аа.",0
Здравствуйте! Когда заработает сайт?,0
это акк менеджера? @Slim_peptide а то хз мож мошенник какой-то,0
Это менеджеры.,0
"Почему сайт снова не работает? Вместо сайта, загружается какой-то код....",0
Технические работы,0
Здравствуйте! А этот препарат есть на сайте? Я почему то не могу его найти. Орфорглипрон,0
"Табличку бы вешали.
""Закрыто.
Ведутся работы до такого-то времени.
Просим для... обращаться туда-то. ""
Всем проще, меньше вопросов.
Подсказка : работы по программированию проводятся на одном ""сайте"".
Рабочие операции - на "" другом"".
После тестирования ""настройки""/"" программы""  переносятся в ""другой"" сайт.
🤓
Профит.",1
Латиницей забивайте,0
Здравствуйте. Хочу сделать заказ. Сайт не работает. Со мной кто-то может связаться?,0
Сейчас сайт работает.,0
"20:08 40 © $ 3в: > = В @3,

ейхтрерН4е.ги/са{а!од9/зпНеп
ейхтрер{ае.ги/сакаюч/ п=пете_ме

...

пе ааа",0
"У меня все от так.. Может, неправильный у меня адрес сайта?",0
https://elixirpeptide.ru/catalog/,0
Не работает у меня тоже,0
Не работает,0
Через бота тоже не даёт заказать,0
"У меня тоже не работает. Подскажите, когда восстановят сайт?",0
"Не знаю, у меня все работает на 3 устройствах только что проверила. 🤷‍♀️",0
Тоже  также. Не работает!,0
Не работает!,0
Я его вообще не нашла. Просмотрела все полностью. Нету🤷‍♀,0
В капсулах смотрела?,0
Вообще все посмотрела,0
И в капсулах?,0
"И в них. При ремонте сайта потеряли, наверное)",0
И из путеводителя ссылка ведет на *такой страницы нет*,0
"Да, пропал и Вам-15 подорожал опять, и терзипаттд во всех дозировках закончился 🤷‍♀️",0
Все грустнее и грустнее,0
Не грустите. Сайт полностью не обновился просто. Все будет как прежде.,0
Я в вас верю❤️,0
"И мне пожалуйста, скиньте",0
Не поняла... А что у кого-то сайт работает?,0
У меня 🤣,0
Тогда я совсем ничего не понимаю.... Как так?,0
"Днем смотрела ретру 15К, сейчас уже 17К 30мг😭😭😭",0
И у  меня работает,0
"И мне скиньте, пожалуйста.🌺",0
"Тогда вопрос: почему у одних людей сайт работает, у других -нет? В чем причина?",0
а вы со смартфона или с компа? у меня с компа тоже всё отлично работает. Сейчас проверю с тлф как будет,0
https://elixirpeptide.ru/,0
Тоже с ноута прямо сейчас всё отлично 🤝,0
со смартфона зашла (андроид) тоже всё ок.,0
"Я с ноутбука захожу, и вот такая картина, как выше(какая-то абра-кадабра). И с другого браузера тоже самое.",0
"Елена, вот прямо сейчас на ноуте. Удивительно конечно…🧐
х вю в ове я

® © 14 О мллмейхирернцеги

Бе В

Пептиды для похудения — эффективные решения, цены и доставка [| ЕйтРерице

188802

Нелье
т)",0
"Сама ничего не понимаю. Но скриншот выше прикладывала.... Там видно, что ничего не понятно. Только что заходила и тоже самое. Прямо чудеса какие-то.",0
"Только что зашла, и вот такая картина",0
"Наконец-то, все появилось. И у меня сайт заработал!!! Ура!",0
Информация обновляется не сразу у всех провайдеров интернета и не во всех регионах сразу.,0
"НЕ могу зайти в личный кабинет. Пишет, что неверный логин и/или пароль",0
Оформите через телеграмм магазин если не можете на сайте,0
"У меня все оформлено. Хотела посмотреть статус заявки.  На сайт я войти могу, а вот в личный кабинет, нет.",0
"Здравствуйте, не работает ни сайт  и мини приложение в телеграмм.",0
"Подскажите плиз, есть ли где то ветка отзывов или обсуждений Adipotide? Дайте ссылку плиз, если есть инфа",0
"Добрый день. Сейчас зашла на сайт, а его нет(.... Вчера был, название копировала оттуда....",0
"Спасибо. Я самоназначенец) Меня врачи пошлют далеко и на долго)
В теории, знаю что сходят с препарата постепенным уменьшением дозы, и увеличением времени между инъекциями. Но я ещё не дошла до цели, так что- идëм на встречку мечте!) А там видно будет...",0
"Доброе утро. Подскажите пожалуйста, а куда делся орфорглипрон? Вчера был в разделе похудения, а сегодня исчез, и через поиск его не найти...
ИхиРериае

—
Результаты поиска по запросу
""ОгРогаИргоп"":

К сожалению, на ваш поисковый запрос ничего
не найдено.

$;ГЕ\хиРериае

ЧУДО НАУКИ В КАЖДОЙ КАПЛЕ

Покупателям

Как сделать заказ

Способы оплаты

в са *+зш < ©

Главная Каталог Корзина Избранное Войти
©) ейхтрериае.ги [©] :

< ®@® в =
2 © ч",0
добрый день подскажите после введения данных на сайте и нажатия кнопки оформить заказ в конце ничего не происходит. Ошибка сайта?,0
Добрый день подскажите пожалуйста на вашем шприце не одноразовом насколько легко кнопка должна давиться. У меня прямо очень тяжело идёт. Приходиться делать три четыре прокола. Сегодня так и не смогла до нуля продавить. Вытащила из кожи попробовала - двумя руками со всей дури давить идёт. Но в теле так не сделать. Причем был ваш одноразовый шприц там все плавно нормально. Мне брак прислали видимо? Что делать то с ним?,0
Вот такой шприц,0
Это не шприц виноват. Смените иголку,0
Спасибо попробую. Но вообще я меняла уже несколько раз,0
"Чтобы убедиться, что я не вру попробуйте без иглы накрутить и нажать кнопку",0
"Иголки очень тоненькие, если вы ее накручиваете не очень ровно она может сломаться. Посмотрите, нет обломка в мембране?",0
К сожалению и без иголки очень тяжело идёт. А теле с введеной иглой не продавишь ( наверное брак,0
Нет визуально не наблюдаю,0
"Я бы предложила вынуть картридж и попробовать без него, но потом придется ручку подгонять",0
"Это не трудно, но муторно)",0
Я его как вставила то уже не помню(( тоже писала на форум чтоб помогли...может я что то не так вставила? Технически я настоящий 😔чайник,0
Там нельзя не так вставить) Вынуть я предложила только для проверки ручки,0
"Блин у меня такое было, но я не помню как решила это 🤣
Это точно не брак - то ли у меня поршень был не до конца опущен изначально, то ли воздух лишний в картрижде. Но я что-то сделала заново и все было ок",0
Вы подарили мне надежду) вооружившись молотком с горем пополам доколю этот картридж может с новым все наладиться?,0
Я бы разобрала и пересобрала. Должно помочь),0
Как уже написали - его можно сейчас достать и сделать заново,0
Спасибо всем за помощь попытаюсь.,0
"У КОГО ПЛОХО РАБОТАЕТ ТГ/ВАТСАП/ТИК ТОК и др приложения,
Я неск месяцев уже пользуюсь этим ВПН, он с обходом белых списков и с ним работает все даже когда глушат интернет в некоторых регионах:

https://t.me/buzzvpn_robot?start=868975004

До 6 устройств можно подключить

Я оплачиваю за него 240р/мес, а некоторые знакомые платят по 56р/еженедельно, для кого то так удобнее

✅ первые 3 дня были пробные бесплатные когда подключала",0
"Добрый день! Подскажите при атомическом дерматите, какие пептиды в помощь?",0
"Из пептидов могут рассматриваться варианты,
работающие с воспалением и восстановлением тканей.

Но без понимания общей картины
давать конкретные рекомендации некорректно.",0
"Это типа LL31, Tимозин альфа?",0
"Vip, kpv, tb, bpc, медь, эпиталон",0
"Подскажите, плз,когда ожидать эпиталон в лиофилизате?",0
Скажите Tirzeslim когда будет в наличии опять?,0
"Девушки, вопрос к тем, кто на л-тироксине и эутироксе (кроме Натальи, пожалуйста, пройдите мимо 🙏), для отслеживания динамики сдаете ТТГ или весь спектр по щитовидке?",0
"Он есть, просто сайт не обновился.",0
"у Вас от любви до ненависти разгон .... для окситоцина в самый раз ) прошла
ось А анны ее аыый
Прочитала дважды.
Как всегда восхлщаете своими знаниями, Наташ.

Благодарю Вас.
Е. = ти",0
Благодарю вас🙏,0
"Ну то есть Вам не лень было найти в ленте и когда просят пройти уже второй раз, ибо Вы не на терапии, но не сдержаться…
Никто никогда здесь ни умалял Ваши знания, я по-прежнему в восторге, хоть книгу писать, вести свой блог, рубрики, но вопрос был именно к тем, кто НА терапии.
Мне не нужны вырезки из интернета, статистика, биохимия и прочее.

Просто один вопрос к тем, кто на ГЗТ по щитовидке и как отслеживают, всё! Не более!",0
"уважаю Ваше желание не знать, как нужно, а учитывать частный опыт, поэтому и не прокомментировала сам вопрос никак.
Уважайте, пожалуйста, и мое желание искать, не сдерживаться и т.д.)",0
"Светлана, я 6-й год на терапии, раз в полгода ТТГ, раз в год полный спектр сдаю, у меня  100 дозировка, назначена эндокринологом, ТТГ ниже 2,3 не снижается, увы. Прямой связи с аппетитом не могу провести, хотя, может как раз и так, в 2020 очень резкое увеличение веса было, снижать очень сложно, на дефиците. На семаглудите были сильные дети побочки, результат ноль по весу. На тирзепадите минус 6 за 4 месяца, калораж 1000-1100.",0
Я сдаю только ТТГ. На глутидах два года. Аппетит не пропадал вообще никогда),0
"Девушки, большое спасибо за помощь, ибо платная клиника для динамики говорит сдать весь спектр, а это уже не смешная цифра🤦🏽‍♂️ и так же смутило прийти на повторный прием уже с этими анализами спустя всего 3 недели от начала терапии, из которых 2 недели было на микродозинге 12,5 и по дням будет лишь неделя приема на 25. То бишь это разве слишком короткий срок отследить динамику?
Если я ошибаюсь, то поправьте меня, пожалуйста 🙏
Для меня пока все это шоковое так скажем 🤦🏽‍♂️
Извините за выражение, на дозировке 12,5 на 3-4 сутки «штырило» не по-детски и с первой 25 тоже что-то не очень, как минимум нервная, очень депрессивное состояние и грилин (гормон сытости) явно меня покинул, правда ничего кроме белка не ем, но ведь дело же еда и в
объеме  и  калораже, что по факту явно невероятный🤦🏽‍♂️.
Извините за столь длинный крик души🤦🏽‍♂️, но словно жизнь перевернулась и мне тяжело.
Вернусь к вопросу: просто Ваш опыт-мнение, стоит ли спустя три недели проверять ттг и идти в клинику или подождать накопления гормона?
Я ни в коей мере не переношу ответственность за свое здоровье, просто Ваш опыт и мнение.",0
"Здравствуйте. Скажите, менеджеры сегодня работают или нет?",0
"Я сдаю ттг, т3/т4 св, но это мое личное решение. На мой взгляд, если ничего не тревожит, то можно отслеживать только ТТГ",0
Недель бы 6 подождать,0
"Из моего опыта (и мнения моего эндокринолога), сдавать есть смысл месяца через 3,не раньше. Но мб., в самом начале и нужно сдать через месяц, посмотреть вообще, меняется что-то или нет. Мб дозировка нужна выше",0
у кого то на сайте получается оформить заказ?,0
"Подскажите пожалуйста а у вас нельзя взять наклейку на картрид Терзаслим,Мотс,симавик а то путаешься в ручках",0
так наклейку можно спокойно отклеить от виалы или картриджа и переклеить на ручку.,0
Чет не подумала,0
Ручки по цветам взяла но переживаю,0
"да по-любому нужно маркировать как-то, так как запросто можно забыть или перепутать какой цвет к какому препарату ""назначен"".
я стараюсь всё маркировать, и если нет наклеек, то просто пишу название на бумажке и заклеиваю эту бумажку скотчем.",0
В любом центре печати можно сделать наклейки на любой вкус и цвет,0
Не получается оформить заказ на сайте,0
Тоже не могу,0
"Покупаете малярный скотч и подписываете. Сразу и кол-во щелчков.
Прекрасно отклеивается.
Наклейка от виалы потом оставляет следы",0
Он есть,0
Работают,0
А тирзеслим есть в наличии 30 мг?,0
Снимите с флакона и переклейте на ручку,0
Не могу через бота оформить заказ,0
Свяжуться с вами чуть позже.,0
"а вы пробовали?
у Элексирпептайд наклейки, которые не оставляют следов. У меня ни разу никаких следов не оставляли эти наклейки нигде.",1
"а вы пробовали?
наклейки от Элексирпептайд не оставляют следов. У меня нигде и ни на чём никаких следов они не оставляли.",0
"Я такими маркирую шприцы
НАКЛЕИКИ

В РУЛОНЕ
ДЛЯ ПОДПИСИ 800 +

2,5 см

ОБРАТИТЕ ВНИМАНИЕ
НА РАЗМЕР

< : Похожие",0
"Любые наклейки купите и клейте на картридж (сразу и дозу в щелчках можно прописать, тогда вообще ноль путаницы)",0
"Спасибо,  уже все оформили",0
"У меня никаких следов не оставляют, прекрасно клеятся и потом снимаются",0
Тогда почему не отвечают со вчерашнего дня?,0
"Расскажите, как быстро заказы отправляются? Я новичок, в пятницу оплатила, не передан в доставку",0
Скрин можно?,0
"# ый „ий 42)

18:07 ©

Эт Рер#ае „>,
< © был(а) недавно -

28 марта

Добрый день! Напишите
пожалуйста ваше фио.

| |

© Гообщение о ®
кыл‹ Ш › уоб@>
ола жозо
1234567890
ЙЦУКЕНГШЩЗХ
ФЫВАПРОЛДЖЭ
% ЯЧСМИТЬБЮ =

#1? ® , ‹ Русский › 9 . <",0
"Вы ответили менеджеру больше, чем ч/з ДВА часа! И если у вас МСК, то в Уфе +2 и было уже в момент вашего ответа 20:23 - рабочий день не круглосуточный! А сегодня вы возмущаетесь, что вам со вчерашнего дня не отвечают! Воскресенье наверное!",0
Ну а сегодня что?,0
См. последнее предложение ☝,0
"Уточнила в чате,ответили что работают сегодня",0
Ничего можно подождать.,0
Вы менеджер? Админ группы?,0
"Что-то не нравится?
Люди ждут по несколько дней. Вы сама вчера задержали с ответом, теперь ждите.
Ситуации нам не даются просто так!",0
Я в Ваших советах не нуждаюсь,0
Зато у меня с памятью всё отлично и прекрасно помню вас!,0
С чем я Вас и поздравляю!,0
"Вы правильно задаëтесь вопросом. Мне эндокринолог говорила, что ТТГ после назначения новой дозировки ( мне постепенно увеличивали) устаканивается от 4 до 6 мес.
Поэтому сдаю раз в полгода, совместно с Т3 и Т4.",0
Всем добрый вечер. Смотрю никакой тирзы на сайте уже нет. Когда теперь ждать?,0
Это временный сбой в работе сайта,0
Выходные? Мне в выходные тоже не отправили в сдэк,0
"Оля, а в самом начале терапии были какие-то неприятные моменты? Адаптация так скажем…

P.S.: Оля, милая, я Вам написала с того тг, где мы с Вами обычно, но пока не работает тот тг, у нас бесконечные атаки и постоянно отключают интернет и у меня два разных оператора связи, видимо поэтому такой вот абсурд, что на одном номере открывается тг, на другом нет.",0
"Из неприятного тахикардия, приходилось снижать дозировку прям значительно.",0
"Я ещё на всякий приклеиваю бумажный скотч с дозировкой инъекции 🤪.
Идея действительно классная с наклейками.",0
"Благодарю за ответ, впервые в жизни ощутила её), что такое тахикардия.",0
"Господи🙏 у вас тоже?
(Еле узнала вас, Света.)",0
Свои 🖐️💖,0
"Ещё как, весьма бодряще эти дни у нас, был момент, что Shiba мой прилип ко мне от дискомфорта.",0
"Ужас какой😱 в СМИ как всегда тишина!
А у нас последнее время более менее меньше стало, терпимо во всяком случае.",0
"Здравствуйте, заказ оформила 25 марта, в заказе фио указано верно, при отслеживании в сдэк инициалы не верные. Не возникнет ли проблем с тем чтобы забрать посылку? Менеджер в чате вопрос прочитал, но не отвечает. Так же подчистила переписку и удалила последнюю накладную (заказ покупателя) и трек номер. Теперь переживаю за комплектность заказа и смогу ли я его вообще забрать..",0
"А если принимать ретатрудин, то можно пить протеин и креатин?",0
Накладная у меня сохранилась N НФНФ-009241,0
"Это сбой. Здесь некоторые ранее писали, что в чате исчезли  комментарии менеджера.
У меня тоже такое произошло. Ни счета, ни переписки, но заказ я уже получила.",0
"Хорошо если так ..
А как быть с не верными инициалами?",0
"Вот это не подскажу🤷‍♀️
Завтра по-любому нужно вам связаться с менеджером.",0
"Я ей писала сегодня, сообщения прочитаны, но ответа так и не последовало..",0
"А,где такую шприц ручку заказать??",0
В сдэке спрашивают номер заказа и код если есть. ФИО не разу не спрашивали,0
На сайте элексиров. Есть похожие на мп,0
"Я думаю, если в ЛК СДЭК по вашему номеру есть отправка, то проблем не будет, у меня ни разу ФИО не спрашивали, только штрихкод и номер…",0
"У меня фамилия не моя указана, самими работниками сдэка😂
Вы бы знали, сколько я с ними скандалила! Фамилия так и осталась, никто ее не изменил. Получаю по штрихкоду)",0
"Более  чем бодряще
И каждый легь почти
Плюс отклонения в расписании аэропорта
Испытала полную прелесть на этой неделе 😭😭😭
Страшненько мне было с непривычки",0
"Мой страшный сон🙈
Особенно когда одна доза по  0,06 мл,а другая 0,25😂
Можно и проучить такую побочку",0
"Здравствуйте. Оформляю заказ, все хорошо. Как только нажимаю перейти к оформлению, вы ходит это.
01:17 № 2 3 м

[В1{г1х\Ма1п\0В\549\0цегуЕхсер{1оп

Ошибка запроса к Муза1: (1146) Таблица 'е11х1грер*_$1%е.Б_за\е_изег_ргорз_ма\ие' не существует (400
ЗЕЪЕСТ
`за1е_1п{егпа1$_изег_ргорз_ма\ие`.`ОВОЕВ_РВОР$_ТО` А$ `ОВОЕВ_РВОР$_ТО`,
`за\е_1п+егпа1$_изег_ргорз_ма\ие`. `И5ЕВ_РВОР5_ТО` Аз `И5ЕК_РКОР$_ТО`,
`за\е_1п{егпа1$_изег_ргорз_ма\ие`.`МАЬИЕ` Аз `МАШИЕ`,
`са\е_1п{егпа1$_изег_ргорз_ма\ие_изег_ргорегфу`.`МАМЕ` Аб `РВОЕРТЬЕ_МАМЕ`,
`са1е_1п+егпа1$_изег_ргорз_ма\ие`.`МАШИЕ` Аз `МАГИЕ_ОВТб`,
`за\1е_1п{егпа\1$_изег_ргорз_ма\ие_изег_ргорегку`. `У5ЕВ_ТО` Аз `И$ЕВ_ТО`,
`за\е_1п%егпа1$_изег_ргорз_ма\ие_изег_ргорег\у`. `РЕВКЗОМ_ТУРЕ_ТО` АЗ `РЕВ$ОМ_ТУРЕ_ТО`,
`за\е_1п{егпа1$_изег_ргор$_ма\ие_изег_ргорег{у`.`БВАТЕ_ОРВАТЕ` АЗ `РАТЕ_УРОАТЕ` ,
`за\1е_1п{егпа1$_изег_ргорз_ма\ие_ргорег%у`.`МИЕТТРЕЕ` АЗ `МУЕТТРЕЕ`,
`за\е_1п%егпа1$_изег_ргорз_ма\ие_ргорегфу`.`ТУРЕ` Аз `ТУРЕ`,
`за\е_1п%егпа\$_изег_ргорз_ма\ие`.`10` Аз `ЦАЕТАЗ_@`,
`са\1е_1п%егпа1$_изег_ргорз_ма\ие_изег_ргорегфу`.`10` Аз `ЦАЕТА$_1`,
`са\е_1п%егпа1$_изег_ргорз_ма\ие_ргорегу`.`10` Аз `ЦАЕТАЗ_2`

РВОМ `Б_за\е_изег_ргорз_ма\ие` `за\е_1п{егпа1$_изег_ргор$_ма\ие

ГЕРТ 201№М `Б_за\е_изег_ргор$` `за\е_1п{егпа1$_изег_ргорз_ума\ие_изег_ргорегфу` 0№ `за1е_1п%егпа1$_и$
ГЕРТ 201№ `Б_за\1е_огдег_ргор$` `за1е_1п{егпа1$_изег_ргорз_ма\ие_ргорег&у` ОМ `за|1е_1п{егпа1$_изег_р

МНЕВЕ `за\е_1п%егпа1$_изег_ргорз_ма\ие_изег_ргорегфу`.`И5ЕВ_ТО` = 1238

АМО `за\е_1п+егпа1$_изег_ргорз_ма\ие_изег_ргорег%у`. `РЕК$ОМ_ТУРЕ_ТО` = 1

АМО `за\1е_1п+егпа1$_изег_ргорз_ма\ие`.`И5ЕВ_РВОР$_ТО` = 664

ОВОЕВ ВУ `ОАТЕ_УРОАТЕ` ОЕЗС, `РВОРТЬЕ_МАМЕ` АЗС

/поте/е11х1грер{/риб \1с_Ит 1/61 г1х/тодие$/та1п/ 116/96/ту59\соттопсоппес®1от.рйр:417

#0: В1Ег1х\Ма1п\ОВ\Му$9 \СоттопСоппес{1оп->сгеа{е0иегуЕхсер*1оп
/поте/е11х1грер{/ри6\1с_ПЕт1/61Ег1х/тоди\е5/та1п/116/96/ту$9\1соппес*1оп.рйр: 149

#1: В1&г1х\Ма1п\0В\Му$911Соппес{1оп->диегуТпфегпа\
/поте/е\1х1грер*/риб\1с_ПЕт 1/61 г1х/тоди1е5 /та1п/ 116/96 /соппес&1оп.рйр:324

#2: ВЕ г1х\Ма1пт\ОВ\ Соппес&1оп->диегу
/поте/е11х1грер*/риб\1<_ПЕт 1/61 г1х/тоди1е5/та1п/116/огт/дицегу/аиегу.рйр:3601

#3: В1Ег1х\Ма1т\0ВМ\0иегу\0иегу->ачцегу
/поте/е11х1грере/рию11с_Ит ИБ г1х/тоди1е$/та1п/ 116/огт/диегу/диегу. рпр:972

#4: В1&г1х\Ма1т\ОВМ\ Оиегу\Оиегу->ехес
/поте/е11х1грер*/риб\1с_ПЕт1/61г1х/тоди\е5/та1п/116/огт/дафа/дафатападег. рпр:503

#5: В1(г1х\Ма1т\ОВМ\Бата\БатаМападег: : 9е{Ё1$4
/поте/е11х1грер{/ри6\1с_ПЕт1 61 г1х/тоди\е5/за\е/116/изегргор$.рйр: 143

#6: В1Ег1х\ба\е\ОгдегзегРгорег{1ез : : 1оадРго{11е$
/поте/е\1х1грер{/риб\1<с_Пт1/61г1х/тоди\е5/за\е/116/изегргор$.рйр:237

#7: Вага х\ба\е\ОгдегзегРгорег1е$ : : де{Рго{11е\а\ие$
/воте/е11х1грер*/риб\1с_ПЕт1/Б1Ег1х/сотропеп{$/61{г1х/за\е. огдег. а] ах/с\а$$.рНр:847

#8: ба\е0гдегА]ах->1п1{РгорегЕ1е$
/поте/е11х1грер{/ру611с_И{т1/61Ег1х/сотропеп{$/61{г1х/за1е.огаег.а] ах/с\1а5$.рпр:6013

#9: ба\еогдегА)ах->9е{0гаег
/поте/е11х1грер{/ри6б11с_Ит1/61Ег1х/сотропеп{$/61{г1х/за1е.огаег.а) ах/с1а$$.рНр:5968

#10: ба\е0гдегА]ах->сгеа*е0гаег
/поте/е11х1грер*/риб\1с_Пт 1/61 г1х/сотропеп{5/614г1х/за\е.огдег.а]ах/с\а$$.рйр:6296

#11: ба\е0гдегА]ах->ргосез$ОгдегАс*1оп
/поте/е11х1грер{/ри611с_И{т1/61Ег1х/сотропеп{$/61{г1х/за1е.огаег.а) ах/с1а$$.рНр:6272

#12: ба\е0гаегА] ах->4оАс&1оп

/поте/е11х1грер/ри6 11 с_В4т1/Б1г1х/сотропеп{$/61{г1х/за\е. огдег.а]ах/с1а$$.рйр:6566

#13: ба\е0гдегА]ах->ехеси{еСотропепе

/поте/е11х1грер*/риб\1с_пЕт1/61Ег1х/тоди1е$ /та1п/сТаз5е5/депега\/сотропеп{ .рНр:675

#14: СВЕг1хСотропеп*->1пс\идеСотропепЕ
/воте/е11х1грер*/ри6\1с_ПЕт 1/61 г1х/тоди1е5/та1т/сТаз5е$/депега\/та1т.рйр:1192

#15: СМа1п->Тпс\идеСотропеп{
/поте/е11х1грер{/риб11с_И{т\И/регзопа\/огдег/таКе/ 1п4ех.рйр: 13

® © Ф о
© 2
Главная Каталог Корзина Избранное Елена

Английский - Русский

е!хирернае.ги

@ 6",0
Орфоглипрон- где можно купить ? На сайте я его не нашла,0
"Подождите, пока сайт обновляется, вообще он есть…",0
"У меня паспорт всегда спрашивают. По паспорту сверяют.
А в этот раз ИО указано верно,а Ф не верно 😩",0
"По штрих коду можно получить только если подключен сдэк id,  у меня он не подключён, поэтому только по паспорту..",0
"По штрих коду можно получить только если подключен сдэк id,  у меня он не подключён, поэтому только по паспорту..",0
А почему он у вас не подключен?,0
Это же удобно,0
"Редко пользуюсь услугами сдэка, мне и паспорт показать несложно, никогда не возникало проблем.",0
Нужно,0
"Подключите, это пару минут на сайте займет) и по коду можно получать и не только вы, а любой человек за вас",0
только стероиды можно,0
В пятницу оплатила после обеда.,0
Может кто-то работает над качеством тела? Что бы можно было проставить? Все только худеют…😟 пробовала и 5 amino капсулы. Ipamorelin +CJC 1295. И медь колола…,0
"Портрет самой привлекательной женщины создали с помощью алгоритмов и почти двух тысяч мужских оценок в России.

Лаборатория визуальной психометрии и поведенческого анализа провела исследование. Ученые попытались определить, какие черты внешности делают женщину максимально привлекательной для большинства российских мужчин. Результат исследования – описание женщины 27-29 лет, ростом около 170 см и весом примерно 59 кг, со стройным телосложением и грудью третьего размера.

Когда изображение показали 1950 мужчинам, 83% ответили, что женщина им «очень нравится», 64% сказали, что встречались бы с такой, 19% признались, что могли бы уйти к ней от нынешней партнерши, а каждый десятый добавил: «с такой дети будут красивые».",0
Да это же Алиса Селезнева из Гостья из будущего! ☺️😄..левое фото 👆,0
???? Как сделать заказ,0
Закажите через ТГ магазин,0
"Подскажите пожалуйста, как его найти, куда написать ?",0
Вот он - @elixirpeptidebot,0
Спасибо большое 🌸,0
"Да нет, конечно. Только и только вы, всем остальным это и в голову не приходит",0
"Скажите еще пожалуйста, провела оплату. А дальше не чего не идет, нужно просто ждать ?
10:55 №

Е хи РерНа
< Назад мини-приложение
Заказ 6996316
Оплатите заказ

Оплата проходит через и\еНес\Мопеу.
Отсканируйте ОВ-код или откройте ссылку
для оплаты.

Номер заказа
6996316
Счет: 3106105795

ОВ-код появится после инициализации
платежа.

Мы проверяем оплату автоматически. Если
уже оплатили, можно нажать кнопку ниже.

Отменить оплату",0
Ждите сообщение от менеджера,0
"Спасибо, жду 🙏",0
Добрый день.Когда появится тирзеслим?,0
"Добрый день! Сделала заказ в пятницу, оплата через менеджера. Скажите пожалуйста, когда будет сообщение от менеджера по дальнейшим действиям?",0
"Он есть, заказывайте в ТГ-магазине - @elixirpeptidebot",0
"Граждане, здравствуйте ❗
Кто оформлял заказ через бота?
Получилось?
Я не понимаю, как это реализовать
Вводишь товар, а дальше ничего не происходит, заказ н формируется
Подскажите, люди. Добрые🙏пожалуйста",0
Тоже билась час над этим вопросом. Написала менеджеру и тишина 🫣,0
"Вы не волнуйтесь, вам обязательно ответят и все починят. Они очень ответственные ребята",0
"Здравствуйте, когда будет в продаже глоу?",0
"Он есть, напишите менеджеру или сделайте заказ в ТГ-магазине @elixirpeptidebot",0
"Здравствуйте,как узнать статус заказа?был сделан 28.03 оплачен на сайте,получатель ГЛОБИС,в СДЭКе не отображается,когда отправят заказ?",0
Сайт упал? Не грузится. Менеджер по заказу не звонит,0
Менеджер по заказу напишет в телеграмм если указали никнейм,0
"Ожидайте, по очереди дойдут обработают 👌",0
Менеджер напишет вам,0
Я не могу там сделать заказ? Нет ничего,0
"Напишите менеджеру тогда и ожидайте, ТГ-магазин работает, на каталог нажимали?
Ейхи` Рериде

Магазин ЕйхиРернае

Сортировка: А-2 Категории

5-Атипо-1Ма (МММТИ Ааровде

10рмг- 4790 эыг- 32902

+ В корзину

Корзина Профиль

@Феагреродебое

сообщение.",0
"Да, не открывае",0
"Я только что сделала заказ, до этого долго и безрезультатно грузился магазин в тг",0
"Вы в ТГ сделали, Мария?",0
Я через бот не могу,0
"Да, чз бот",0
У меня так,0
У меня тоже не открывается,0
"ДЕВКИ ,кто просил? вот чисто вам от души скидываю ,недавно сама начала работать ,доход в интернете от 15 000 в день , легально .

Вот смотрите видео @nadeemsytop7",1
"Подскажите, оплачиваю заказ по QR, получатель ""набережная"", всё верно?",0
Все верно !,0
"Screenshot (30 мар. 2026 г. 22:34:23)
22:34 у ошеша 9105)

< — Ефхи Рериде

Заказ 9513438

Оплатите заказ

Оплата проходит через !ще!ес{Мопеу.
Отсканируйте ОВ-код или откройте ссылку
для оплаты.

Номер заказа
9513438
Счет: 3312147305

ОВ-код появится после инициализации
платежа.

Мы проверяем оплату автоматически. Если
уже оплатили, можно нажать кнопку ниже.

Отменить оплату

Проверить оплату",0
"Screenshot (30 мар. 2026 г. 22:34:51)
ошоеша х 915)

Х Детали операции

Тип операции
Оплата по ОВ-коду

Дата и время операции

30.03.2026 22:30

Статус
Оплата прошла успешно

Сумма
1405,00 Р

МСС
6540

Получатель

ГЛОБИЗ

Назначение платежа
10 получателя:
7334Е315-5919-9551-9634-64358986с74",0
Тг бот подзавис маленько,0
Непонятно заказ оформлен или нет,0
здравствуйте,0
"19:08 ПЕ 4

Позкег.Бу

Сайт
временно
недоступен

Возможно, вам нужно
продлить хостинг или
активировать $$1-
сертификат

Если вы увидели это сообщение,
вероятно, домен, на котором
располагался сайт, уже кем-то
занят. Но вы можете
зарегистрировать другой!

Найти домен

@ $аг.позег.Бу",0
что делать в такой ситуации,0
"Здравствуйте, как сделать заказ",0
Работает)))) Тренировки в зале очень помогают) И соблюдение БЖУ,0
Мне не помогает( иначе бы не стала ничего прокалывать…,0
"Грамотно составленная программа будет работать, если её выполнять. Тем более с помощью пептидов, которые помогают контролировать голод, если цель — снизить массу тела. У меня вот другой вопрос теперь — как набрать мышечную массу??? Я начала, конечно, осторожно со 110 г белка, 300 г углеводов, 40 г жиров, и ничего не нарастает вообще, а это типа 2000 ккал, буду увеличивать. А так если не соблюдать БЖУ, можно быстро жира набрать, но это не то, к чему хочется стремиться в плане качества тела",0
Оплату произвел но все зависло дальше🥲,0
"Поддерживаю вас полностью.

Для многих история про 300 углеводов в день кажется сказкой)

Но когда было грамотное похудение.
С постепенным выходом из него.

И силовые нагрузки.

Тело начинает давать фантастические результаты",0
"Здравствуйте, скажите пожалуйста,через сколько приблизительно свяжется менеджер насчёт оплаты заказа если выбрал оплату потом?",0
"Даааа,это кайф! Вот вы стали говорить про систему и здесь, и у себя в канале, и я с вами прям согласна, это именно то, что даёт результат",0
"в вашу систему входит вырвать  из контекста то что говорят другие, вставить себе в канале как цитату и возвыситься? Осознанная вы наша? @marinofat я не стала отвечать в ветке спорта и в вашем псевдо канале который сплошь как цитаты из вк 2012 года, но отвечу здесь. У спортсменов не бывает целлюлита, очень смешно.  У моей мамы никогда не было целлюлита, в любом весе, у меня и у сестры родной совершенно разное строение, и целлюлит на разных местах. С детства. Видимо электролиты не в том порядке выстраиваем. Но знаете, есть люди, которым плевать на небольшие ямочки на коже, а это не позиция лентяев и людей со не таким мышлением, как вы описали. Более снобских и бесполезных комментариев чем ваши в последнее время сложно найти. Понимаю, вы продаёте своё тайное знание у себя, но хочу чтоб вы знали как это для некоторых может выглядеть со стороны. Возможно вам будет полезно. Или нет.",0
"Видите ли мне есть с чем сравнить я поэтому и говорю не вижу результат, тренировки силовые и обязательно питание, а еще сон за этим стала тоже следить, но пока результата нет, белок тоже считаю обязательно вот в мае будет как год, раньше его не считала и блин мне кажется лучше выглядела, но годы то прилипают и видать еще обмен веществ у меня плохой(",0
"Вы красотка, вся сухая) мне такого сложно добиться( а вообще да, я считаю похудеть легко, а вот мышцы набрать это долгое время, если еще и в натураху( набор, сушка, набор, сушка и так много циклов 😟",0
Интересненько...нашли информацию? 🙂,0
"Здравствуйте, на сайте отсутствует выбор пункта сдэка, до этого все было нормально и можно было самому его выбрать, сейчас его вообще нигде нету",0
India's ILLEGAL Strawberry Scrambled Eggs! 🍓🍳 😂,0
"Если оплатили на сайте, напишите номер заказа менеджеру, обработает отправит",0
"Указывайте местоположение, после менеджеру напишите ПВЗ СДЕКа",0
"Увы нет, так и стоит мой Над😁",0
Здравствуйте. Когда Семакс будет?,0
"здравствуйте,как связаться с админом?",0
"Здравствуйте.
Вся доступная информация в ветке «Анонсы».

https://t.me/peptide_rus/29635/151748",0
как написать менеджеру7,0
КАК написать менеджеру?,0
"Сайт и бот по-прежнему не принимают заказы?
2й день не могу отправить заявку(",0
"И если там нет информации, но не дает но когда, я правильно понимаю?",0
"Бот для связи с командой @elixirchatreviewsbot

Связь с менеджером @Slim_peptide",0
"Семакс есть, закажите через бот или напишите менеджеру. Сегодня сайт должен актуализироваться по наличию товаров, ждём",0
"Срочно - если горит -  заказы можно оформить здесь
Синие такие ссылочки - это и есть контакты

1. Через Телеграм менеджеру @Slim_peptide    https://t.me/Slim_peptide
2. через электронную почту elixirpeptide@yandex.ru
3. https://t.me/elixirpeptidebot   - телеграм магазин
Нужны:
1. ФИО,
2. телефон,
3. адрес доставки,
4. ассортимент (позиция и количество)
5. скидка если есть такая
6.если заказ оформился на сайте то  - номер заказа",0
"Мы вывели всех менеджеров, но заказов много, сбой продолжительный, ситуация критичная - просим прощения за неудобство.",0
"Простите, если вдруг блокируют телеграмм с 1.04, каким каналом будете связываться с заказчиками по оформленным заказам? Не помню, просил бот почту при оформлении заказа или нет",0
Есть канал в Макс,0
а у меня макса нет и не будет,0
Можно ссылку на канал в Макс,0
https://max.ru/join/XCofRIFIYdTKDH2zvXVTXJCgFJBTXSPrlcN88wcoa_A,0
"⚠️Последний день!

Сегодня - последний день купить пептиды в марте.

Сайт работает - https://elixirpeptide.ru/",0
"Мы в ТГ остаемся, никуда не уходим тоже, на связи с вами тут будем значит",0
"оформлял заказ в 9 утра, менеджер так еще и не написал, сколько ждать примерно?",0
"В течение дня обработают, идут по очереди заказов",0
"Здравствуйте.
Скажите пожалуйста, тирзепатид 100 мг ожидается?",0
"В ближайшее время пока нет, возьмите другие объемы",0
"Возможно, есть смысл сделать во ВКонтакте и Максе  учётку для приема заказов как существующая в телеграмме. Телеграм ведь даже с доп инструментами работает не всегда, а картинки грузятся ну крайне плохо. Накладную или скрины очень долго ждём пока прогрузятся пока картинки ползут.  Ну вдруг есть такая возможность",0
"Добрый день) подскажите пожалуйста, заказал и оплатил товар, но статус до сих пор не поменялся и пишет что не оплачено",0
?????!!!!!!,0
Ночь у людей.,0
Статусы на сайте меняются запоздало,0
"Люди добрые подскажите ,если я проколола 4 недели мин дозу семаглутида . Далее идет доза 0,5 мг .по 0,5 тоже 4 недели колоть? Бот уснул не отвечает.",0
"Если доза 0,25 мг работает, аппетит снижает - можно оставаться на ней дольше 4 недель.
Если нет - можно переходить на 0,5 мг. На 4 недели или больше, при наличии эффекта.",0
"С 1 апреля! 😂🥳
3) На связи АДМИН В$ОТМ| я
1 апреля 2026 в России был
заблокирован Телеграм

©-7 @2) ©Фл %10 ®@?7
Фе “@ М: @?: ф: %'!

© 3.7К 06:40",0
"Вот что написал ИИ (но основу взял он с заинтересованного в продажах ресурса Stbio.shop)

Да, считается, что NAD+ и ретатрутид (Retatrutide) могут оказывать синергетический эффект, воздействуя на метаболизм на разных уровнях:

Синергия механизмов: Ретатрутид работает на гормональном уровне как тройной агонист рецепторов (ГПП-1, ГИП и глюкагона), подавляя аппетит и ускоряя жировой обмен. NAD+ же действует на клеточном уровне, улучшая работу митохондрий («энергетических станций» клетки) и повышая чувствительность к инсулину.
Усиление эффекта похудения: Сочетание этих веществ может помочь преодолеть «плато» в снижении веса, оптимизируя клеточную энергию и способствуя более эффективному сжиганию жира.
Поддержка организма: Терапия NAD+ может смягчать побочные эффекты, такие как слабость и вялость, часто возникающие при приеме мощных метаболических препаратов, за счет повышения общего уровня энергии.
Сохранение мышечной массы: Существуют данные, что NAD+ помогает сохранять мышцы при активном снижении жировой массы, что важно при использовании ретатрутида.

Важные примечания:
Любые комбинации подобных препаратов должны обсуждаться с врачом-эндокринологом, так как они существенно влияют на гормональный фон и обмен веществ.",0
"Я Колю reta  + NAD+ TB+ BPC.
Cu ещё.
Я новичок, да еще уколов боялась, NAD проколола первую виолу и обрадовалась, что уколов стало меньше.
Меньше стало и энергии дня через три. Состояние такое, все время лёгкой усталости,
Начала опять колоть NAD  и все изменилось в лучшую сторону. Через пару недель  ушло чувство усталости. Наоборот, хорошее, наполненное силами самочувствие.",0
"Этот ""новичок"" хорош👍👆",1
А,0
"Не могу зайти на сайт. Ввожу все верно, но не принимает пароль. На почту ничего не приходит, если нажать на кнопку восстановить пароль",0
"ответьте пожалуйста в лс, прислал чек с оплатой",0
https://t.me/techelixirpeptide - напишите нашей техподдержке,0
Как сделать заказ?,0
А в чем проблема? Заказать на сайте https://elixirpeptide.ru/catalog/,0
Статус заказа не обновляется на сайте,0
И что? Писали же - обновляются с опозданием. У меня за последние 3 месяца не обновлены,0
Да трек-номер бы получить просто),0
"Если заказ оплачен и подтвержден менеджером, то трек номер ищите в личном кабинете сдэк",0
"Как менеджер приступит к обработке заказа - пришлет вам трек-номер, если оплатили заранее на сайте, должен присвоится в личный кабинет, в случае чего, его так же можете запросить у менеджера",0
"Здравствуйте,а можно узнать через сколько примерно после оплаты отправят посылку?Просто оплатил вчера а его не отправили пока что",0
"Обычно менеджер в течение суток обрабатывает заказ, в редких случаях при большой очереди и загруженности чуть дольше",0
"Понял, спасибо",0
"Добрый день, ipamorelin вообще ожидается?  у меня CJC-1295 DAC уже 3 месяца простаивает. В январе обещали поступление",0
"Добрый день!
Когда ожидаются новые поставки тирзепатида 100 и бак воды?",0
Вообще ожидается,0
Бак вода есть,0
"Здравствуйте, нормально ли будет ДО тимозина альфа, попринимать эпиталон и врс157?  Хотела в начале над своим АИТ поработать, но тимозина нет в наличии 🥲",0
"Добрый день! Подскажите, если брать пептид в порошке, и отдельно воду, ручку, картридж - как методологически правильно разводить и заряжать шприц-ручку? Можно ли использовать картридж повторно? и т д.
Вообще, было бы неплохо снять видео на эту тему.",0
"Прямой последовательности нет, колите как вам удобно.",0
https://t.me/peptide_rus/1/169024,0
"Да, уже заказала, спасибо!",0
"Спасибо, я не знала где сайт",0
а сроки не подскажете?),0
круто. Вы очень полезны,0
"Если это было язвительное замечание, то пишу вас не задавать мне вопросов , а пользоваться разделом с анонсами или ответами других участников",0
"Мне бы хотелось получить конструктивную обратную связь. На мой вопрос вы не дали ответ. В чате анонсов по ипаморелину последний раз писали, что поставка ожидается в декабре.  Можете перенаправить меня к тому, кто владеет информацией. Я бы хотела понимать стоить ли ждать поставки или покупать уже у другого производителя",0
"Добрый день! Подскажите,когда будут кагри в наличии? Не нашла на сайте",0
Нашла!,0
"Здравствуйте! Я сделал заказ на сайте. К кому мне обратиться, чтобы его оплатить?",0
"Если вы все верно указали, менеджер напишет в ТГ",0
Спасибо. Подумал вдруг мой заказ не увидят - сайт не даёт авторизоваться с верным логином и паролем. Я на сайте сделал заказ и телеграм боте,0
"Хочу стать красивым, хоть я и так симпатичный",0
"Я тоже сделала, ждём менеджера",0
"Ответят обязательно, в течение 1-2 дней.",0
"Даже интересно, чем вы решили украситься",0
"Подскажите, а бонусная программа работает? В условиях что нужно сделать заказ суммарно на 30к для участия,у меня уже больше,но бонусная программа так и не доступна(",1
"Подскажи,а бонусная программа действительна? В условиях указано что для участия нужно сделать суммарно заказов на 30к,у меня уже даже больше,но бонусы так и не доступны (",1
"Подскажите,а бонусная программа действительна? В условиях указано что для участия нужно сделать суммарно заказов на 30к,у меня уже даже больше,но бонусы так и не доступны (",1
Почему мои сообщения удаляются ?😄,0
"Хотела задать вопрос про бонусы,но он чистится",0
"Антиспам работает.По Вашему вопросу напишите Ильдару сюда, проверят https://t.me/techelixirpeptide",0
"У вас необычная аватарка😄 Это наверно что-то вроде из разряда лучших стимулов для мужчины чтобы стать еще красивее. Сейчас стесняюсь назвать, что я заказал 😊 Но в будущем планирую взять ипаморелин и комбинации с ним",0
"Не представляю, какой из пептидов может стеснять) Но в любом случае - удачи вам)",0
"Добрый, у меня тоже самое, причем нету ни подавления голода ни побочной отрыжки (которая всегда была от семаглутида). Проколол всю виалу и каждый раз было покраснение и шишка и подавление аппетита напрочь отсутствует. Начал колоть аптечный все норм и был ""заметный"" эффект.Может партия с браком не знаю, пишу как есть, хотя до этого к качеству вопросов не было. Был бы благодарен. если бы производитель дал рекомендацию или пояснение из-за чего так.
—
заказал новую виалу, проверю может партия до этого была такая",0
Можно ли рету если есть глаукома?,0
"Подскажите кто-нибудь, ответа нет от производителя , BPC 157 -10mg  как разводить и чем ? Сколько на сколько ?",0
"Обычно на наш семаглутид реакция на аппетит была сильнее выражена чем на аптечный, судя по отзывам. Почему именно у вас так ,мне неизвестно и сложно сказать.",0
"Поддержу отзыв о семаслим
Месяц приема, явные проявления аллергии-уплотнение, краснота, болезненость
И пропал эффект быстрого насыщения и подавления чувства голода
За этот месяц вернулось желание всё время есть",0
Задайте вопрос боту.,0
Можете скинуть ?,0
Бота,0
"Мне кажется, по мимо того, что бот есть в закрепах, только я его раз по 5 в день кидаю…

@elixirpeptidebot",0
А еще есть калькулятор на сайте. Супер штука,0
"Да, отличная вещь!
Кто не видел:
На сайте в правом верхнем углу 3 полосочки , там менюшка и почти внизу «калькулятор»",0
а о какой дозе вообще речь идет?🤔,0
Единица,0
"Здравствуйте. Подскажите, пожалуйста, Fox04 можно разводить новокаином или лидокаином?",0
"Вот раньше, когда заказывал так и было, единица была сильнее гораздо аптечнее, а сейчас почему-то всё иначе + ещё Татьяна написала, что у неё идентичные проблемы, хотел и понять в чем причина",0
"Зачем 🙈. Там нет такой боли, которую надо глушить",0
"У всех разный болевой барьер, я бы сказала, что мне достаточно больно. И если можно обезболить,то за чем терпеть.",0
Нет. А зачем?,0
"бывали и у меня шишки проходили через 2-3 дня но они появлялись как раз таки когда доза была 2мг в малом количестве раствора. и меня брало так что под глазами зеленело от желчного потом убавлял. что можно отметить так это то , что на серьёзных дозах семы надо очень хорошо уметь слышать и ощущать свой организм. и кстати у меня был перерыв 3 недели вот недавно и я вам 10000% уверяю препарат рабочий 😏 потому как я уже на своих волевых устал держать дефицит вот жду посылку",0
"Вопрос к производителю, спасибо всем откликнувшимся за участие, но хотелось бы услышать компетентный ответ.",0
И видно скромный....,0
"Ну все, всех заинтриговал, предлагаю админам, если нам Майкл не предоставит фото, забанить его нафиг, а то отвлекает от насущных пептидных вопросов",0
"Поначалу может быть. У меня тоже так было. Полгода понадобилось, чтобы боль была терпимая. Зато теперь ну просто немножко больно и чувствую себя намного лучше",0
Поддерживаю 😅,0
"Не надо, и это не поможет. Я так сделала: разводила под крышку 3,6 мл и брала 10 единиц, остальное добирала физраствором в шприц, и так вводила. Укол делала раз в неделю и только когда чувствовала себя идеально и перед сном. Со временем боль становилась все менее дискомфортной, тогда увеличивала дозу. Да, будет дольше, но зато терпимо.  Я не мешала с лидокаином, но сверху мазала, как-то ноль помощи от него. А от Фокса помощь приходит со временем",0
"Мне вообще не было больно. Щипало, да. Но это просто неприятно. Хотя, может я такая толстокожая...",0
"Это значит, что у вас все прекрасно))) Фоксу у вас только слегка косметический ремонт сделать надо))",0
"А покупали когда?
Я брала рету 1 марта, вот номер заказа, 10234747428,тоже ноль эффекта флакон  ушёл, деньги тоже...",0
Да я развалина😁,0
Мощные руины значит))),0
"Ребят как пользоваться шприц ручкой, тут есть видео какое то?",1
"Ухх ты, а зачем?",0
Можно поподробнее сколько на ретатрутиде и сколько и когда кололи. И что было раньше всю историю,0
да небось там киспептин и медь ))) вот и вся интрига ))),0
"Добрый день!
Деньги через intellectmoney списались. Сама страница не прогрузилась. В итоге статус заказа - не оплачен, а деньги ушли.
№02-D6S6P, создан 02.04.2026
Могу прислали квитанцию",0
"Точно так же у меня. Уже 4 раза так заказывала. Сделайте скрин номера заказа со страницы сайта, и чек об оплате, отправьте все  менеджерам и ждите.
У меня товар уже в пути, а статус на сайте так же не оплачен. Не ориентируйтесь на него",0
"@Slim_peptide
Вот сюда все скрины отправьте",1
Добрый день! Сегодня обработают ваш заказ в порядке очереди 👍,0
https://t.me/peptide_rus/107318,0
Его точно раз в неделю он продолжительного действия у меня без и я два раза в день его ставлю вместе с ипаморелином мешаю,0
Меня он прям заливает,0
"Добрый день, консультацию окажете пожалуйста?

Надоели шприцы, не удобно!
Хочу многоразовую ручку (игл у меня куча)
Ставлю Рету

Сможете подсказать что купить из раздела Сопутствующие товары?
Ручку - картридж
Многоразовый ли картридж?
в общем что как и куда?!",0
"Картридж одноразовый, ручка хорошая)",1
"Посмотрите на сайте, там есть видео инструкция по использованию ручки. Мне кажется так понятнее будет, чем сейчас на пальцах объяснить",0
"Добрый день! Ручка многоразовая, картридж одноразовый. Иглы тоже нужны для шприц-ручки. Посмотрите видео на сайте, там понятно, и как картридж заправляется и как в ручку вставляется.",1
"Ручку, картриджи, иглы. Картридж одноразовый.",0
"там 2 ручки
Одна одноразовая
Вторая просто ручка

В одноразовой уже идет балон в комплекте
Как их заправлять?",1
"На сайте 2 ручки
Какую надо?

Дапустим я рету беру
1 вариант в картридже 2 вариант в виале",0
Как заправлять если берешь в виале,0
"На сайте есть видео, но не особо там даже поясняют как менять, тока как ставить!",0
"Одна одноразовая, другая многоразовая… выбирайте…",0
"Пфффф, вот честно, в этом и проблема! Я поэтому и обратился!
Что нужно ? 2 варианта пояснения прошу, если беру в виале и если беру в картридже, какую ручку надо? Игл у меня целый пакет, штук 500 осталось ...",0
"в одноразовой, игла не сменная (ручка на раз) Вставляю картридж, поставил в пузо, достал картридж, ручку выкинул? Это верное понимание ?",0
"Когда закончится картридж, тогда и ручка на выброс.
Многоразовую можно использовать повторно много раз, только картридж менять",0
Иглы сменные везде,0
"Иглу менять можно в любой, разница в том, что картридж заменить в одноразовой нельзя. Например, аптечные препараты продаются в одноразовых, закончился картридж, выбрасываешь ручку вместе с картриджем. Многоразовой меняешь картридж. Если готовый, просто выбрасывать пустой и вставлять  новый. Если виала, то нужны пустые картриджи, их заполняешь  раствором самостоятельно.",1
че то было много написано и удалено) не успел прочитать даже ),0
Бот удалил🤷‍♀️ я это не повторю))),0
Ути каааакой бот ..  а повторить что он удалил может )?,0
"А как понимать это подскажите: Объём: 3 мл (300 щелчков). Через 300 щелчков выкинуть, обратно вернуть нельзя? (обнулить)",0
"Одноразовую нельзя, там поршень обратно не движется",0
Не не я про многоразку,0
"1$

Максим 2
в одноразовой, игла не сменная (руч...

Иглу менять можно в любой,
разница в том, что картридж
заменить в одноразовой нельзя.
Например, аптечные препараты
продаются в одноразовых,
закончился картридж,
выбрасываешь ручку вместе

с картриджем. Многоразовой
меняешь картридж. Если готовый,
просто выбрасывать пустой и
вставлять новый. Если виала,

то нужны пустые картриджи,

их заполняешь раствором
самостоятельно.",0
Что Вы собрались обнулить?,0
"Верните мой, 2007))",0
"ну вот я насчелкал 300 и все? Или ручка по сути обычный шприц тока с трещеткой?! Можно накрутить можно закрутить в общем пока физический износ не настанет ей, я ползую? Верно?",0
Доллар 30 евро 40,0
"Сделала два заказ на сайте,никто так и не написал из менеджеров,написала менеджеру с прошлого заказала - даже не читает ( подскажите кому написать ?",0
Когда заказы сделали? День-два надо подождать...,0
"Вчера, обычно сразу писали, поэтому и запереживала )",0
"Вам ответят ждите, мне вчера скинули, тоже не сразу, терпение🙏",0
Благодарю!,0
"Сейчас задержки в обработке, в связи с нестабильной работой сайта. И бонусы Вам пересчитают, когда выйдут на связь, только напомните им",0
"Окей,спасибо за информацию!",0
"Всем привет)

Меня зовут Вита Попова, я автор системы питания, помогаю прийти в форму, обрести лёгкое тело и свежее лицо без голодовок и часов у плиты.

Несколько фактов про меня и результаты моей программы:

- Создала авторскую «вафельную» систему: едим вкусно (сладкие и сытные вафли), не тратим полдня на готовку и при этом стройнеем

- Программу прошли уже сотни женщин.

- В среднем за 10 дней участницы делают минус 3–4 кг, запускают аутофагию (омоложение клеток) и убирают объемы в талии

Если актуально выйти из ""весовых качелей"", скинуть лишнее и получить красивый рельеф, нaпиши мнe в лc кoдoвoе cлoвo ""Baфля"".

Рacскaжу подробнее, кaк рaботaeт мoя система)",0
А можно скрин переписки?,0
"Здравствуйте, планируется ли когда-нибудь дозировка Эпиталона 100 мг в одной виале? (по типу меди, например).
Очень неудобно разбавлять 10 виал по 10 мг и заправлять в шприц ручку💁",0
"Боту не нравятся красивые женщины с ручками. Мое тоже удалил. Я целый день молчу, грустная",0
Уж тут-то мог бы и не строжничать),0
Может там стоп слово какое-то),0
"А я ставила за раз одну виалу, удобненько было 😊",0
"Да, такие есть. Только заключительную точку ставишь, а уже как корова языком - нет сообщения😂.",0
И с ножками ),0
"Иглу менять можно в любой, разница в том, что картридж заменить в одноразовой нельзя. Например, аптечные препараты продаются в одноразовых, закончился картридж, выбрасываешь ручку вместе с картриджем. Многоразовой меняешь картридж. Если готовый, просто выбрасывать пустой и вставлять  новый. Если виала, то нужны пустые картриджи, их заполняешь  раствором самостоятельно.",0
Для вас @Win_MaX0n,0
Там Светлана уже скрин отправила)) спасибо ❤,0
Поторопилась 😅😅,0
"Я тут начиталась, начала подписывать ручки стикерами, теперь у меня дома подписано вообще все кроме кота и собаки)))",0
Их тоже надо подписать с указанием названия и даты производства 🤣,0
"я бы подписала - путаю в темноте или суете; но к ним стикеры не клеятся) С другой стороны, они все с одинаковым успокаивающим эффектом)",0
"Есть наклейки на подобии полиэстра, типа на одежду детям в сад в лагерь, намертво держаться. А так савковый тканевый пластырь )",0
"Боже, я сейчас умру😍",0
"Собака подписана адресником) кот свободен, усы лапы и хвост его документы))",0
Милота нереальная,0
Ну тогда из не подписанного только кот остался 🤣,0
"Я в кладовке все коробки подписала, боже, это гениально))",0
И фильтры подписаны и горшки с цветами,0
"А я начинаю очень любить SS-31 прям для меня волшебный пинок, я вообще не люблю убираться/разбираться/мыть что-то глобально и масштабно (для этого есть специально обученные люди), а тут, я разобрала и помыла все шкафы и гардеробные, разобралась в шкафах кухни и помыла холодильник, засматриваюсь на окна… шел 13 день уколов…",0
"Тааак, это нам походу надо",0
"Ну вот, чую сейчас он закончится 🤣🤣🤣",0
"Добрый вечер
Где можно посмотреть , как развести препарат в виалы, переместить его в картридж и заправить в шприц ручку?🙏🙏🙏",0
https://t.me/peptide_rus/59305/59583 в ветке разведение,0
Это все ваши?,0
Мои. Но не все. Остальные не из кошек и не группировками) Поэтому не путаются,0
"Афигеть. Это ж сколько пептидов на всех нужно 😅
… а вообще красота конечно, аж сердце замирает на такое смотреть",0
Опг Пушистик),0
"Мне интересно, КАК можно посадить столько питомцев в ряд и сделать,чтоб они  не разбежались в секунду 😁",0
Скорее всего рядом еда),0
"пептиды только на одной опробованы, и то, там такой минимикродозинг)",0
"был еще один вариант - шокировать, но по лицам видно, что он плохо сказывается на фотогеничности))",0
Билеты продавать,0
"Нижний такой, а когда еда?",0
"да, я планирую себе нескучную пенсию))",0
Кошачий вальс наверно исполняют,0
"Добрый вечер! Меланотан 2 до конца не растворился — на дне осадок. Бак воду вливал по стенкам флакона медленно, как всегда. Никогда такого ранее не наблюдал ни с ГР, ни с пептидами. Что посоветуете? Спасибо! 🙏",0
"23:24 25 ; 3 23

‹ +7 961 038 7977 & ©

был(а) 5 часов назад

Добавить Эт в контакты (©)

\& — значок для Ргетит-пользователей >

23 марта

Сегодня

Добрый день! /-.--

Подскажите номер заказа 17:33

[© Сообщение

(©,
©

ро ВО а Е О В 0 ЩЕ №
ФЫВАПРОЛДЖЭ
ЯЧчЧСМИТЬБЮЗ

123 ®@ <

РУ

® о",0
Подождать,0
Прошло свыше получаса),0
Не планируем такое. И вам не рекомендуем использовать дозировки больше чем 20мг на маленький флакон. Этот пептид в этом случае будет требовать большого количества дополнительных веществ при производстве. А оно вам надо в себя вливать?,0
Поболтать/потрясти?,0
Он и без этого раствориться,0
Осадок не уходит(,0
"Ну, переживает же, а манипуляции помогут справится с переживаниями…",0
Сколько воды добавляли? Температура воды и флакона какая была?,0
"3 мл как всегда, температура воды комнатная , лиофилизат после холодильника стоял около 20 минут в комнатной температуре, я далеко не первый раз развожу подобные препараты",0
"Обычно осадок / плохая растворимость говорит о не очень хорошем качестве. Надеюсь, с 30 мг тирзы, которую я взял, будет всё в порядке. Проверю через неделю",0
Зачем по стенкам? Потрясите. У меня все ок,0
А как же медь 100мг и над 100 и 500 мг?,0
"если я начала со стартовой дозы  реты 1 мг  вместо 2,5 то можно ли ее повысить раньше чем через 4 недели?",0
Обычно это ни о чем подобном не говорит если пептид растворяется. Можете прислать нам флакон обратно если не растворится. Из двух или трех подобных случаев которые были за всю историю компании( а изготовили мы всего сотни тысяч флаконов) при приеме нами возврата оказывалось что нам присылали полностью прозрачный раствор с полностью растворившимся пептидом. Может вы будете первый такой у кого не растворилось.,0
Прочитайте внимательно то что я написал. А я написал «Этот пептид» имея ввиду эпиталон.,0
"Да я без претензий же, поставил в холодильник, завтра посмотрим) Спасибо",0
"Аа, извините",0
"Да я понял уже по тексту что без претензий. Ну а я серьезно. Оставьте при комнатной температуре и если не раствориться то присылайте , заменим и проверим что там с ним не так. Самому интересно.",0
Хорошо! Завтра отпишу Вам,0
"Точно можно повысить до 2,5 мг",0
Так я не собиралась вливать в себя более 5 или 10 мг за раз. Просто была мысль развести единожды большую дозу и использовать ее за 10 или 20 дней.,0
"Первый глава прайда, а последняя мамина корзина?😁",0
"последняя мать, ну у нее прям на лице легкое обалдение написано) 1 и 3 - ее дети, первый сыночка-корзиночка и третья редкое хулиганье, по которой не скажешь; а вторая кошка- аксакал - ей 15, она интеллигентно терпит всех, но, по-моему, до сих пор не понимает, зачем они нам)",0
"В целом, я не сильно ошиблась😁",0
"Сыночка корзиночка, прямо любовь❤️",0
"А покажите как нибудь остальных, пожалуйста.",0
"о, это самое нежное, самое тонкопищащее животное на свете)
причем он может рявкнуть на собаку, но со мной и с детьми общается исключительно котеночьим голосом))",0
"Ручной? А то скотики, как мне кажется, вообще на ручки не идут. Вот морду им чеши, а на руки не вздумай",0
"ооочень, при весе 6 кг я бы сказала даже чересчур ))
пока у меня штанги не было, я с ним приседала)",0
"вот такие еще есть) кошки те же, просто у каждой свой аквателевизор)",0
Еще и рыбы и шиншилла😁.,0
"Я вам и не предлагал вливать в себя более 10мг. Вы внимательно прочитайте то что я написал. Там о другом написано. Я не рекомендую вам пользоваться флаконами эпиталона где более 20мг на маленький флакон, независимо от того сколько вы будете колоть его за раз.",0
Мой бы меня доел к третьему приседу😁,0
Можно ли разводить физраствором тизерпатид и сколько можно хранить,0
"Зачем физраствором, если есть вода для инъекций, более подходящая. При разведении хранение до 3 недель",0
"У меня так было, только с мелонтан2 другого производства, не до конца растворился, но ничего страшного в итоге",0
"Добрый день! Почти все растворилось, прям минимальное кол-во осадка осталось) работоспособность проверил, все как и должно быть, спасибо 🙏",0
"Поболтайте немного, и это разойдется, что осталось))",0
Всем привет ни кто не знает как дальше заканчивать товар телеграмм блокируют ни че не грузит 🥲,0
"https://max.ru/join/XCofRIFIYdTKDH2zvXVTXJCgFJBTXSPrlcN88wcoa_A есть группа в Макс, если здесь все так плохо",0
"О как )))
PS: надеюсь ссылкой ничего не нарушила?",0
"Старушка 👵 FDA одобрила таблеточный непептидный GLP-1 агонист орфоглипрон (мы про него писали).

Будет называться Foundayo.

Ура Лилличкам!

Таблетки будут на один раз в день.

Начальная доза составляет 0,8 мг, потом с увеличением до 2,5 мг не менее чем через 30 дней, а затем до 5,5 мг еще через 30 дней.

Доза может быть еще выше - до 9 мг, 14,5 мг или 17,2 мг, но с остановкой не менее чем через 30 дней на каждом уровне, и с контролем реакции на лечение и переносимости.

Лекарство было одобрено через программу Приоритетных Ваучеров (мы про нее писали).",0
"🥹Мне такое очень надо!
Но у меня пока куплен и ждет своего часа курс пинеалон+epobis+dnsp-11
SS запишу себе на будущее)",0
"А что ждать-то, колоть надо))) я со следующей недели хочу еще МОТС добавить, думаю вообще огонь будет)))",0
"У меня сейчас заканчивается GHK+BPC+KPV (ну и рета ещё). ИИ говорит: не смешивай, закончи этот стек, потом начни другой 🤷‍♀
Он в основном к bpc-157 придирается в данном случае",0
"В этой новости прекрасно все😂😂😂😂
29% из

4 Теедгат

< [^ ры со @

Был(-а) недавно
$нот

130-килограммовая москвичка наелась
острых крылышек, запила пивом, а потом
вколола себе укол от ожирения, чтобы
похудеть. Через несколько часов она уехала в
реанимацию в критическом состоянии

Как выяснил ЗНОТ, 45-летняя женщина
отчаянно пыталась сбросить вес перед
летом. Она даже пыталась заниматься в зале
с тренером. Этот «фитнес-эксперт» и
насоветовал клиентке экспериментальный
препарат для лечения ожирения —
«Ретатрудит», который якобы обгоняет по
популярности «Оземпик». Москвичка сама
нашла его где-то на левом сайте в Интернете,
заказала и колола в рандомной дозировке.
Пивная фитоняшка проигнорировала тот
факт, что при этом надо соблюдать диету и ни
в коем случае не совмещать с алкоголем.
Думала, что и так сработает.

Вечерком худеющая москвичка закинулась
острыми крылышками из Во$с'$, шлифанула
пивком и снова пошла сбрасывать вес — за
уколом. Вскоре у неё поднялась высокая
температура, начались адские боли в спине и
жуткая рвота. В больницу женщину привезли
уже в крайне тяжёлом состоянии — её успели
откачать в последний момент. У пациентки
обнаружили острый панкреатит и перитонит.
Врачи посадили москвичку на реальную
диету по состоянию здоровья и пока
изолировали от крылышек в стационаре.

12:22

/ сообщение © © о,",0
Это из серии бойцоффская собака разорвала младенца,0
Или приезжий мусульманин напал на русскую девушку которая шла из церкви 😂,0
Вы сделали мой день,0
"А долго обычно отгружают?
После оплаты прошло больше суток",0
Мой тоже висит в отгрузке и не оплачен. Но в чате подтвердили что все норм!,0
"По сдеку тоже не передан еще, обычно на следующий день после оплаты передают в доставку",0
"Принял, спасибо, просто  насторожило, что менеджер удалил переписку в ТГ",0
"В связи с моим онко диагнозом, остались пептиды, которые не могу использовать, может, кому надо, я в Москве, самовывоз или отправлю, ипаморелин до 07/26, остальные до 2027 года, если нельзя размещать такое, не баньте, просто удалите. Фото ниже. Цену обсудим.",0
Оо ого. Меня бы тоже напрягло,0
"12:58 № эй 3 @

<® +7 961 038 7977 =

Добавить Зйт в контак

$ — значок для

скоро отгрузимм 1>.зэ

2 апреля

г

оплатил но статус не

а старый заказ уже отргузили 14-35 и

| Аптоп КчкизАКт
а старый заказ уже отргузили

ну ия получил его 14:50
понял, спасибо, хорошего дНЯ 14-50 и
Сегодня

Почему то отображается как не отгоуженный
на сдэке 11:23

@ Сообщение © (©)",0
"Менеджеры не сами удаляют. Это тех.трудности.
Об этом часто пишут, у многих удаляются сообщения менеджера. У меня тоже удалились.
Но с заказами все в порядке (и с удаленной перепиской и с сохранившейся).",0
"Спасибо, тогда ждемс)",0
"Блин спросила у ии про добавление ss к стеку с ипобис и прочему, он аж подпрыгнул от радости)) говорит, мол в твоем случае - это база! конечно, добавляй. Даже лучше начни с него
😂
Придётся заказывать) Вы каким курсом обычно колите?",0
"Добрый день 😃
Сижу читаю изучаю 🧐
Но не могу понять с чего начать.
На хватает знаний 🥺
Где можно проконсультироваться ?
Спросить с чего начать",0
"@elixirpeptidebot, обучение также планируется",0
"С Эпиталона))) есть ветка врачи, можете любому в личку написать.",0
"Я по 5 мг колю, знаю, что это очень мало, но эффект есть, в следующий раз буду не меньше 10 мг колоть, бот рекомендует вообще 20 мг в день. У меня сейчас кус на 30 дней.",0
"Да, мне тоже по 10мг советует (20-30 дней)",0
"Думаю, начну с 5, подниму до 19",0
"Добрый день
Подскажите,одинаковая ли эффективность у пептидов,которые есть в формате спрея и в формате раствора для инъекций?",0
"Странно . У меня вся переписка с менеджерами в сохранности, никогда никто не удалял. Может у вас как бы это мягче, не тот менеджер был?",0
"Добрый день, не получается зарегистрироваться на сайте, по прошлому кабинету пишет неверный пароль, ссылку на восстановление не присылает.
Вопрос: если я сейчас оформлю заказ без регистрации, сумма заказа будет потом как-то учтена для бонусной системы?)",0
"Да , нет, там в переписке и прежние заказы",0
"А. Ну ок, тогда ждите. Мне все таки удобным и быстрым кажется оплата на сайте. Оплатила, на след день, ну или через день уже от грузили. Уже пятый заказ так.",0
В этот раз так и платил,0
"Выбор формата пептида
(спрей или инъекции)
зависит от преследуемой цели.",0
А в чем отличие подскажите?,0
Все отправили,0
"Спрей.
Чаще для локальных задач
или работы через ЦНС.

Инъекции.
Системное воздействие.
Более точная и управляемая работа по организму.",0
"@Kokig
Вот, все четко! Отправлено ... Не переживай!

Менеджеру скинь чек, скинь заказ, проверят и полетит в твою сторону
Данные заказа »

История передвижений м

Создан 02.04.2026

№ Уфа, ул. Революционная, 98/1 блок А

В пути У
Уфа

Принят на доставку 03.04.2026

Готов к выдаче",0
"Да, аналогично, отправили все",0
"СМИ активно обсуждают случай с 130 кг москвичкой, которая оказалась в больнице после укола Ретатрутида. Ну как после укола? Она объелась острыми крылышками, запила это пивом и пошла делать укол. Казалось бы, нереально быть настолько дремучей или тупой, но нет, ей удалось пробить дно.",0
"Черт, сколько интересного пропущено у меня- острые крылышки, пиво... Только и хватило ума, что на инъекции да выстраивание организма в правильном русле)))",0
"KFC  захотелось, но я пробовала уже, после начала глутидов, мне не вкусно(",0
Так и до - такое...,0
До мы с бывшим на двоих легко съедали большое ведро),0
все вредное в прошлом - съедено и переварено)),0
"Согласна, вкусовые предпочтения изменились. Отношение к еде теперь - впишется ли в КБЖУ и полезно ли.",0
"Ой, ну не такое и вредное даже, там в ведре костей половину, калорий тысяч на три и даже белок)))) и вкусно было фильмы смотреть) щас как дурак с водой безалкогольное вино размешаешь) и сидишь весь вечер)",0
"Ой, удалилось) но я прочитала, с водой потому что мне еще и сладко теперь все)))",0
С водой потому что теперь сладко всё ),0
"Так насушите себе говядины или курицы, типа джерики. С вином тоже можно.",0
"Это я уже два года ем)) ностальгия в глаз попала) это ж знаете, как начнешь вспоминать всякую дрянь)",0
"я больше про бывшего, раз он бывший)
джерки, чипсы с белком, карпаччо, попкорн - мне теперь все соленое вкусно)",0
"А то не знаем, бывает вспомнишь. Еще и майские праздники с шашлыками предательски приближаются.",0
"Хехе, да. Острое почему-то разонравилось",0
А вот это дело🥸!,0
Спасибо за ответ,0
"Ну шашлык то можно))) у меня май будет главная проверка моей стойкости, даже интересно пройду или нет…,",0
"Да, мне тоже интересно. Хотя, знаем же как исправить, если чё...",0
А вы тоже без уколов сейчас?,0
"С ними, родными",0
"Шашлык нужно, это даже не оливье)",0
А я то без…,0
Ну Вы в прекрасной форме. Все будет хорошо.,0
"Это сейчас, год назад все по другому было)))",0
"Добрый вечер начала ставить тирзу 2, 5 мл 11 марта вес начал уходить
В данный момент начала ставить 2 упаковку, но вес почему то опять набрала.",0
Это загадка? 😄 Производитель должен угадать-  почему?,0
Следствие ведут Колобки),0
Не смешно. Вообще,0
А какой вы хотели услышать ответ на свой вопрос?,0
"А мы пока и не смеемся
Вопрос-то ваш в чем?",0
"Вы нормально без сарказма не умеете разговарить?
Только смеяться?",0
Вообще бы тогда промолчали.,0
"Если бы мы молчали, тут бы была анархия и свалка бессвязных выкриков.

В чем ваш вопрос к производителю?
Вы худели. Теперь набираете вес.
Сформулируйте, пожалуйста, ваш вопрос так, чтобы он был понятен",0
"Начала ставить тирзу 2.5 мл. 11 марта. Упаковку поставила
Вес начал уходить.
В данный момент набрала опять вес Ставить начала второму 2  упаковку",0
Почему вес начала опять набирать?,0
А сколько в Вашей упаковке было миллиграмм?,0
2. 5 мл,0
Самая маленькая доза,0
Вы успели за это время четыре укола поставить?,0
Ставлю раз в неделю.,0
"Тогда было 10 мг,",0
Т Е дозу увеличить?,0
Вы сами разводите или у вас картридж? Продукция здешняя или аптечная?,0
"Все правильно Вы делали, но первый месяц на минимальной дозе был как бы адаптационным, организм привыкал к препарату, и очень хорошо, что уже начал худеть. С пятого укола и еще на месяц нужно дозу поднять.если по протоколу, то до 5 мг",0
В катридже покупаю в аптеке,0
Ааааа. Ну тогда все вопросы к аптеке. Здесь мы можем помочь только с пептидами данного производителя,0
"Т Е с каждого месяца надо увеличивать дозу?
Верно Вас понимаю?",0
"По аптечному препарату я честно, не знаю. Вероятнее всего там есть инструкция",0
Ну вот и поговорили,0
"Девочки, хелп, оформила заказ на сайте, оплатила через спб, а заказ висит не оплаченный и предлагают оплатить еще, а средства списали. Все ок ? Или это какой то глюк? Кто сталкивался, куда писать, куда бежать, что делать?)",0
"Если списали, значит, прошли по банку.
Сделать скрин. Завтра с утра разобраться с тех поддержкой,",0
Скрин сделала,0
А техподдержка на сайте?,0
Или сюда куда то писать,0
"Просто уже не первый раз беру, а ситуация такая первый раз",0
Растерялась,0
Напишите менеджеру если у вас есть проблемы. Если деньги списываются то мы их видим. Они не могут пропасть.,0
"Спрей бывает эффективнее если требуется пересечение ГЭБ. И если даже не все усвоится слизистой ( часть вытечет со слизистой в том или другом направлении) , то для ЦНС спрей может быть эффективнее. А инъекции усваиваются больше, так как 100% вещества попадет в организм, но то что попадет в большинстве случаев не пересечет ГЭБ.",0
Этот не менеджер сделал.,0
"у меня вроде держицца результат после курса ... пищевые предпочтения поменялись . умеренность в еде появилась
я раньше и не думал что можно так немного есть и не отьезжать от этого ...",0
"Ну пока тоже полет нормальный, 8 неделя без тирзы, я как алкоголик дни считаю и жду когда сорвусь 🤣🤣🤣",0
"ну смотри - привычка вырабатывается и забывается - в среднем за 3-4 недели ....
если ты даже полгода на тирзе оттарабанила - у тебя железобетонно уже в нейронных связях прожжено ...

и у тебя не срыв по сути будет даже а новое привыкание . и не факт что оно случится ...
я ну ел не совсем полезную еду ... например картошку жареную с котлетами ..
гречку с котлетами и майонезом(щедро)
но к какому то срыву не привело - просто раз поел и всё . я то уже знаю к чему приведёт если на постоянку есть",0
"вот сахар есть начал после курса - больше месяца ...
чай с сахаром пил - привык ... пришлось отвыкать заставляя домашних прятать от меня сахар

месяц не видел сахар на кухне - отвык ... разрешил не прятать
сейчас стоит сахар - я его не пью . всё равно",0
"Нее, единичных срывов я не боюсь у меня и на тирзе были,  и крылышки из КФС и роллы, просто ранее они съедали в безумном количестве, на на тирзе 1-2 крылышка, максимум 4 кусочка ролла, я вообще стараюсь ни в чем себе не отказывать, это не к чему хорошему не приходит, за 8 месяцев на тирзе пришло понимание))))",0
"Написала, мне дали ссылку на Ильдара",0
"При смотрелась и то ли я напутала, то ли мне в прошлом заказе не доложили. Чет невезучая я😂",0
"Здравствуйте, врач назначил мне пептиды после консультации. Я хотела бы спросить, как я могу заказать пептиды уже в шприц ручке? Или я самостоятельно должна их разводить, например если он в заказе в тюбике?",0
"Проще будет, если научиться понимать химический (чистый) вкус сахара.",0
"Кстати
Муж начал эпиталон с 2мг, так как никакой реакции, назначила ему через пару дней по 4мг
Колет в 2 часа дня, через два часа клонит в сон. Но сказал, ему норм,  сыры кабинет, поспит минут 20 и ок. Зато стал спокойнее намного. Увеличивать не буду, пусть месяц поспит на работе",0
"Себе только планирую
Да , месяц как получила и все не решусь 🙈",0
"Я на 1,25 тирзеслима  могу поесть чуть больше и выпить любимого вина не 200,а 300,если охота
В остальном держусь и рада тому",0
"Вы можете заказать готовый картридж —
это уже раствор с пептидом.

К нему отдельно приобретается
шприц-ручка.",0
"Не терплю жирного и жареного.аэрогриль моё спасение - рыбные котлетки с корочкой, шашлык из индейки,  сырнички печеные 😊😊😊
И раньше жкт  не приветствовал,  а сейчас  совсем отвернуло",0
"Алко плохо берет,  это печалька 😜
Иногда надо бы, ан нет😳",0
"Вы в сушилке сушите или в духовке?
У меня только она, не будут ли эти джерики деревянные?🧐",0
Я готовые покупаю) мои невозможно есть😅,0
"Я тоже готовые покупаю, последнее время из мраморной говядины заходят на ура, такие вкусные 😋",0
У меня стабильно два раза в месяц по 5 острых крылышек😂,0
"У меня сегодня была шаурма, точнее 1/4 шаурмы 🤣🤣🤣",0
только сегодня читал утром новость - москвичка 45 лет отьехала на скорой с острым панкреатитом после крылышек пива и глутидов,0
кто то отьезжает кто то нет ... интересная тема - как я уже писал,0
"хотя я хз как вы острое едите на глутидах - мне вообще не хотелось ни перчёного ни острого ни солёного и алкоголя ...
ну вообще никаких пищевых раздражителей\усилителей не хотелось
ел через силу",0
"Мне тоже не хочется ничего. Но недавно в хорошей компании в ресторане неплохо так употребил, в основном алкоголь. Еда с трудом заходила, но все равно съел побольше, чем обычно дома.",0
@jeinajei один из самых вдохновляющих отзывов. Спасибо!,0
"Елена, Добрый день! А в чем ошибка разведения «100 мг в 5 мл бак воды»? У меня при таком разведении тоже ужасно болит место укола в живот сутки. Есть схема разведения без таких болезненных последствий? Подскажите пожалуйста 🙏🏻",0
"@i_vkia минус 60, обалдеть, поздравляю 🥳",0
🤗,0
Разве от панкреатита умирают в реанимации? Может это был жкк? Надо конечно быть осторожными обжираясь и применяя препараты🙈,0
"У меня медь тоже даёт болезненную реакцию.
В течении примерно дней 2-3.
Наработки: вначале я делала уколы через день. Уже неделю - две колю ежедневно.  У меня в ходу BPC 157 PB 500.
Медь Колю перед сном, утром рядом с местом укола оба этих пептида- они значительно снижают болезненность.",0
вы удивитесь как часто - острый панкреатит - панкреонекроз и все,0
🙈🙈 никогда бы не подумала,0
Подскажите пожалуйста как соблюдается температурный режим при отправке готового картриджа?,0
Все препараты доставляются без хладоэлементов.,0
Получается готовый картридж ни как не защищен при транспортировке?,0
"От повреждений защищен, по температуре не требуется доп защиты.",0
"Вы же не планируете длительное хранение, правильно?
11:26 Н
Срок хранения порошка:

При комнатной температуре - до 3 месяцев.
В холодильнике - до 6 месяцев.
В морозильной камере - до 2 лет.

Срок годности препарата после
изготовления составляет два года.

Срок хранения раствора (в холодильнике)
при разведении в стерильной воде до 3
недель, при разведении в бактерицидной

Срок хранения раствора в картридже:

При комнатной температуре - до 3 мес.

холодильнике - до 1 года.

Посмотреть все

Описание ‹ Срок хранения Отзыв

8890Р

Подписаться

о а чп <® о

Главная Каталог Корзина Избранное Войти

Г © 4",0
"Если порошок хранится 6 месяцев, то после разведения он тоже 6 месяцев хранится? Или как правильно?",0
Ясно. Спасибо,0
Когда будет окситоцин спрей в продаже,0
Но там же все написано.,0
Glow 70 там обычная виала 3.6?,0
"Всем привет! Как сейчас с оформлением заказов? Нет проблем? Я заказал на сайте тирзу. Оплатить через сайт не смог и поменял способ оплаты на оплату через менеджера. Со мной так никто и не связался, хотя раньше сами писали. Попробовал сам написать менеджеру в созрагенном диалоге, никто не отвечает. Или сегодня менеджеры отдыхают?",0
Я тоже вчера заказала через менеджера. Пока ни кто не связывался.,0
"Помогите новичку)))
Прочитала, что кто-то что-то капает а глаза.
В какой ветке читала, не помню)
Название тоже))
У меня есть ощущение небольшой пелены на правом глазу.
Хочется избавиться.",0
"Как так у многих получается, что нормально сразу не можете оформить заказ🤷‍♀️
Вчера в 17:15 оформила, оплатила ч/з сайт и сегодня с утра уже трек получила.",0
"14:00 ® --- © Да и 5 >74
< Пептиды © `.
в сети
_ < Оформление заказа

Спасибо!
№203-71М73 успешно

ровным Каталог Кормна Избранное волерий

4 апреля

Добрый день!

Менеджер скоро с
вами свяжется

10:53

10249932540 Ваш

трек-номер ®
Сочи, ул. Горького,
58а #55$СН24

(© [ообщение",0
"У меня почему то оплата через сайт не пришла. Тинтков сказал, что операция подозрительная. Поэтому я и стал через менеджера оформлять. Да так и привычнее и удобнее на мой взгляд.",0
Тоже всегда быстро и оперативно.,0
"Подскажите, пожалуйста, когда ждать Матриксил и Капиксил, косметическое сырье?",0
"По спреям Окситоцин, Селанк есть сороки поступления?",0
"Ой, неужели зрение подводит меня?)",0
"Сегодня 2 часа от заказа до оплаты
Даже интересно, почему так по-разному происходит",0
"Марти, привет! Нет, с твоим зрением все отлично. Это я. И я решил перейти на тирзу. Что то сема меня совсем перестала впечатлять.)",0
"@AM12YY Привет, привет🤗
Как ты поживаешь?",0
"Все отлично! Я отдыхал, ленился изо всех сил и кушал в своё удовольствие (иногда можно). Сейчас начинаю новое наступление на моего самого верного друга, на мой живот.)",0
"Вы лучше к врачу обратитесь. Там вам точно помогут. А чей то опыт бездумно повторять, это такая себе затея.",0
Друзья кто может поделиться скидкой в лаборатории типо иным по и кдл 🙏🫶,0
А какие анализы хотите сдать?,0
"Гемоглобин глекированный, лептин, инсулин, группу В, медь",1
"Гемоглобин глекированный, лептин, инсулин, группа Б, гомоцистеин, медь",0
"Группа Б стоит очень дорого везде, даже со скидкой и не всегда это достоверно, бывает, что в крови есть, а в клетку не заходит. Можно дефициты по биохимии и общему анализу крови посмотреть.
Если хотите я соберу вам корзину со скидкой",0
"Наверно хочу. Я уже не знаю , у меня миллион анализов на руках… Как у космонавта. Сейчас хочу мотс начать применять поэтому надо сдать б и гомоцистеин. Врача бы хорошего….",0
"всем привет,есть канал где можно купить оземпик? скиньте в лс пожалуйста",0
"инсулин вообще бессмысленный, может съэкономить
медь тоже непонятно зачем
лептин - интересны цели",0
"Эти показатели всегда были повышены, применяю пептиды для похудения, хочу отследить динамику",0
"на сайте производителя, в чате которого Вы находитесь, можно купить семаглутид, являющийся действующим веществом оземпика
https://elixirpeptide.ru/catalog/snizhenie_vesa_i_zhiroszhigateli/semaslim/",0
"Мне врач говорила про мотс, но я не проверяла)",0
"медь повышена?
лептин - так и будет выше референса, если у Вас еще есть избыток жировой ткани.
Инсулин - вообще непоказательный анализ, нет смысла отслеживать его значения, а вот гликированный гемоглобин - да",0
что нужно докупить к нему ?,0
"Лептин высокий при любом весе! Что 90 что 70 кг! Мне рекомендовали кагрилинитид, вот уже месяц на нем. Интересно отследить динамику. Инсулин все же постепенно снижается.",0
"дело Ваше - не могу понять, что это даст, конечно, но если уж так интересно - конечно, сдайте)",0
"@Biketova82
пожалуйста,  для поиска клиентов используйте другие чаты",0
Почему мои сообщения удаляют?,0
А что сдают обычно? Как правильно?,0
"Бот считает, что вы спамите",0
"Не приходит чек по операции, на сайте не авторизоваться,  мейл не отвечает,  а я спам пишу",0
"Бот не человек, он по другому мыслит)",0
"а что кроме кагри Вы используете?
какие были проблемы до начала снижения веса?
что планируете использовать еще?
обычно - нет такого, обычно ориентируются на то, с какими целями сдаются анализы, действие каких препаратов контролируется или к использованию чего готовятся, или какие симптомы беспокоят.",0
Вес и слабость. Мои основные проблемы,0
"Кагри для усиления тирза был. Делала биоэмпиданс оказалось, мышц оч мало, жира много! На тирзе год",0
"я бы смотрела помимо общего клинического анализа крови, белок, ферритин, ТТГ, липидный профиль, глик.гемоглобин, по желанию В12, Д, КФК.
Если Вы очень любопытны и еще ни разу не сдавали - можно посмотреть липопротеин а.
А если все в пределах референса - прошла бы онлайн тесты оценки тревоги и депрессии. И присмотрелась бы к рациону и физ.активности.
БОльшую часть анализов можно сделать по ОМС с жалобами на слабость и утомляемость и с учетом использования тирзепатида.",0
А Селанк есть?,0
С вами свяжется менеджер,0
Мало было. Может закончился,0
Можно ли ипамерелин разводить натрием хлорид? Или стерильной водой?.. Сколько можно хранить разведенный пептид в холодильнике.. Бот по этому поводу ничего не говорит,0
сегодня не работает поддержка?,0
"Все это я сдавала .  Не все в референсов, отклонения есть. А где пройти этот он Лайн тест?",0
"Странно, мне говорит 🤔

Ипаморелин обычно разводят бактериостатической водой или стерильной водой для инъекций. По общим рекомендациям из базы, для большинства терапевтических пептидов после разведения подходят именно эти варианты; при этом растворённые пептиды в холодильнике хранятся до 21 дня, если разведены водой для инъекций, и до 180 дней, если разведены бактериостатической водой

### Что лучше выбрать
- Если флакон будет использоваться несколько дней/недель — практичнее бактериостатическая вода
- Если планируете использовать быстро — подойдёт и стерильная вода для инъекций

### Как хранить раствор
Для ипаморелина в базе прямо указано хранение при +2…+8°C, то есть в холодильнике
По общей памятке по пептидам:
- в холодильнике:
- до 21 дня при разведении обычной водой для инъекций
- до 6 месяцев при разведении бактериостатической водой
- в морозильнике раствор тоже может храниться дольше, но для повседневного использования обычно держат именно в холодильнике

### Практически
- разводить аккуратно, не трясти, а мягко прокручивать флакон
- хранить в темноте, без перегрева
- набирать раствор всегда чистым шприцем
- если раствор помутнел, изменил цвет или дал осадок — лучше не использовать

### Важный нюанс
По базе ипаморелин обычно применяют 100–200 мкг 2–3 раза в день, на пустой желудок или за час до/после еды, курсом около 8 недель
Если хотите, я могу сразу посчитать вам схему разведения по флакону 5 мг или 10 мг, чтобы было понятно, сколько это в делениях инсулинового шприца. Какой у вас флакон?",0
Спасибо вам большое... Может я просто не умею общаться с ботом),0
"Ой, этот живот😭
Проблема многих
Все мне нравится в себе, кроме лица и живота",0
"А если закончился, то когда ожидается?",0
"Все хорошо у него. Это наши проблемы, что мы хотим быть отдельно от него. Его существование это никак не омрачает.)",0
Не нужно дублировать во все ветки,0
"Другу для восстановления после несложной операции на колене рассказала про пептид BPC-157+TB-500 (5мг/10мг) изучил и заинтересовался. Но на курс бот сказал нужно 5 виал. Их нужно развести верно и залить в два пустых картриджа для ручки. Это всё показалась очень сложным когда ни разу не делал. У вас нет услуги за доп плату купить готовые картриджи? Как медь сейчас выпустили сразу для ручек. Что бы получил, вставил в ручку и делал?",0
Идеально считаю,0
"Кзете[4 2 дн.
(+) сколько в тарелке калорий?",0
"° ОМКЗи 22 ч.

(+] Алиса А!
Быстрый ответ, возможны неточности

В фарфоровой тарелке нет калорий,
так как посуда не содержит
питательных веществ. ® пеаип-сегги

® 65 тс. Си Зо [Р3з",0
"Желательно ещё, чтобы это было угощение. Все бесплатное всегда и в любом случае имеет нулевую калорийность.)",0
У меня сегодня была тоже идеальная😜,0
Красива,0
У нас такой услуги нет.,0
"Добрый вечер, моей дочери 15 лет, эндокринолог назначил нам Энлигрию, есть ли в продаже лираглутид или чем можно его заменить?",0
Несложно же. Для подсказок есть этот чат с веткой разведение. Покупайте исходники - вам помогут!!!!,1
"Интересно, почему не сказал где купит, не выписал рецепт? Здесь пептиды с 18 лет…",0
"Почему не сказал, сказал, по рецепту в аптеке покупаем, просто дороговато, хотелось бы в карпулах поискать, так дешевле выходит",0
"Лираглутида нет, есть семаглутид, тирзепатид и ретатрутид… эти препараты более новые, но как для использования на 25 летнем ребенке не подскажу…",0
И нет никаких аналогов по действию в готовых разведенных картриджах для ручек?,0
Неа,0
"Жаль, спасибо за ответ",0
"Лираглутид единственный пока одобрен для подростков, насколько мне известно мне известно. Препараты сильно отличаются,есть ли смысл исследовать на своем ребенке?",0
"На самом деле разводить не так уж и сложно, главное один раз логику понять… Вы из какого города?",0
"В энц проводят исследования тирзепатида на подростках, может вам это будет полезно?",0
"Новороссийск. Я для себя разобралась, но и сама несу все риски и ответственность.
А если человек хочет готовый продукт от производителя, спорить и уговаривать не буду. Моя помощь была рассказать и предложить, тут узнала есть ли вариант, как он хочет. Если нет, то или созреет шприцами колоть или нет.",0
"После несложной операции на колене для связки BPC-157 5 мг + TB-500 10 мг по базе самый практичный вариант — ежедневные небольшие дозы, потому что в одном флаконе компоненты уже смешаны, и разделять их по отдельным схемам неудобно

### Рабочая схема
Базовый ориентир по дозе:
- BPC-157 — 0,5 мг/сут
- TB-500 — 1 мг/сут
- итого 1,5 мг смеси в день

Это как раз стандартное соотношение 1:2 для связки BPC+TB, которое в базе указано как типичная рабочая суточная дозировка

### Курс
- после острой травмы / послеоперационного периода обычно хватает 4–6 недель
- если операция была действительно несложной и восстановление идёт хорошо, чаще ориентируются на 4 недели
- если остаются отёк, боль, ограничение сгибания/разгибания — можно тянуть до 6 недель
- более длинные курсы 8–12 недель обычно оставляют для хронических повреждений, затяжной реабилитации или выраженной дегенерации тканей

### Как вводить
- подкожно ежедневно
- BPC-157 можно ставить поблизости от зоны колена для локального акцента
- TB-500 действует системно, поэтому место инъекции для него менее критично

### Если флакон у вас именно 5/10 мг
При схеме 0,5 мг BPC + 1 мг TB в день:
- одного флакона 5 мг + 10 мг хватает примерно на 10 дней
- на курс 4 недели нужно примерно 3 флакона
- на курс 6 недель — примерно 5 флаконов

### Что важно после операции
В базе отдельно отмечено, что в послеоперационный период лучше согласовать такую схему с хирургом, потому что чрезмерная стимуляция ангиогенеза теоретически может влиять на рубцевание, хотя на практике при адекватных дозах это чаще рассматривают как помощь нормальному заживлению

### Побочки и ограничения
Обычно возможны:
- местное раздражение в месте инъекции
- иногда усталость или сонливость на более высоких дозах TB-500

И ещё важно:
- эта связка не заменяет ЛФК, постепенную нагрузку, физиотерапию и контроль хирурга — в базе это прямо подчёркнуто",0
"Бот так подробно все расписывает, я даже не понимаю, что непонятного.
Bpc/tb флакон на 10 дней. Наливаете 1 мл воды- колете по 10 делений каждый день. Или наливаете 2мл и колете по 20 делений.",0
"Поняла, может со временем и появится, но пока, к сожалению, нет(((",0
"Воду можно в аптеке, шприцы на маркетплейсах",0
"Не хочет колоть шприцами. Согласен только на ручку и что бы всё было готовое упакованные от производителя. Картридж распечатал, установил, пользуешься. У всех свои пожелания.

Я себе ставлю, всё понятно",1
"Ну вроде выше все объяснили, от куда запросы)))",0
Готовый картридж надо?,0
"Да, нет желания вникать и разбираться(((",0
"Реально уже можно подработку брать, картриджи заправлять и этикетки на них с виалы переклеивать 😁",1
"Ну, тогда нечем помочь 🙂",0
К сожалению,0
"набор закрыли уже, к сожалению.
Но! в ЭНЦ могут дать рецепт на тирзепатид.
(основная часть исследований уже закончена, тирзу можно применять с 12 лет, сейчас идут исследования на на переносимость, титрацию и побочные эффекты, а чисто набор числа исследований для внесения изменений в показания).
Напишите мне, если нужно, я дам контакт с кем оттуда можно посоветоваться в конкретном случае для собственного спокойствия, чтобы это не было по рекомендацией из чата",0
